CREATE DATABASE  IF NOT EXISTS `slaughterhouse` /*!40100 DEFAULT CHARACTER SET utf8 */;
USE `slaughterhouse`;
-- MySQL dump 10.13  Distrib 8.0.18, for Win64 (x86_64)
--
-- Host: 203.150.243.47    Database: slaughterhouse
-- ------------------------------------------------------
-- Server version	5.7.28

/*!40101 SET @OLD_CHARACTER_SET_CLIENT=@@CHARACTER_SET_CLIENT */;
/*!40101 SET @OLD_CHARACTER_SET_RESULTS=@@CHARACTER_SET_RESULTS */;
/*!40101 SET @OLD_COLLATION_CONNECTION=@@COLLATION_CONNECTION */;
/*!50503 SET NAMES utf8 */;
/*!40103 SET @OLD_TIME_ZONE=@@TIME_ZONE */;
/*!40103 SET TIME_ZONE='+00:00' */;
/*!40014 SET @OLD_UNIQUE_CHECKS=@@UNIQUE_CHECKS, UNIQUE_CHECKS=0 */;
/*!40014 SET @OLD_FOREIGN_KEY_CHECKS=@@FOREIGN_KEY_CHECKS, FOREIGN_KEY_CHECKS=0 */;
/*!40101 SET @OLD_SQL_MODE=@@SQL_MODE, SQL_MODE='NO_AUTO_VALUE_ON_ZERO' */;
/*!40111 SET @OLD_SQL_NOTES=@@SQL_NOTES, SQL_NOTES=0 */;

--
-- Dumping data for table `barcode`
--

LOCK TABLES `barcode` WRITE;
/*!40000 ALTER TABLE `barcode` DISABLE KEYS */;
INSERT INTO `barcode` VALUES (1000000000001,'04001','2019-11-27','1193301261101',1,4.55,1,'2019-11-28 20:02:59','192.168.56.1'),(1000000000003,'04001','2019-11-27','1193301261101',1,4.26,1,'2019-11-28 20:23:59','192.168.56.1'),(1000000000004,'04001','2019-11-27','1193301261101',1,4.26,1,'2019-11-28 20:28:42','192.168.56.1'),(1000000000005,'04001','2019-11-27','1193301261101',1,4.56,1,'2019-12-03 18:59:13','192.168.56.1'),(1000000000006,'04001','2019-11-27','1193301261101',1,4.56,1,'2019-12-03 18:59:22','192.168.56.1'),(1000000000007,'00201','2019-11-27','1193301261101',1,8.52,1,'2019-12-03 19:00:29','192.168.56.1'),(1000000000008,'00201','2019-11-27','1193301261101',1,8.52,1,'2019-12-03 19:00:35','192.168.56.1'),(1000000000009,'00201','2019-11-27','1193301261101',1,8.52,1,'2019-12-03 19:00:41','192.168.56.1'),(1000000000010,'00201','2019-11-27','1193301261101',1,8.52,1,'2019-12-03 19:00:46','192.168.56.1'),(1000000000011,'00201','2019-11-27','1193301261101',1,8.52,1,'2019-12-03 19:00:51','192.168.56.1'),(1000000000012,'00101','2019-11-27','1193301261101',1,7.89,1,'2019-12-03 19:04:47','192.168.56.1'),(1000000000013,'00101','2019-11-27','1193301261101',1,8.99,1,'2019-12-03 19:12:52','192.168.56.1'),(1000000000014,'00101','2019-11-27','1193301261101',1,8.89,1,'2019-12-03 19:14:37','192.168.56.1'),(1000000000015,'00101','2019-11-27','1193301261101',1,8.45,1,'2019-12-03 22:38:31','192.168.56.1'),(1000000000016,'00101','2019-11-27','1193301261101',1,8.45,1,'2019-12-03 22:38:34','192.168.56.1');
/*!40000 ALTER TABLE `barcode` ENABLE KEYS */;
UNLOCK TABLES;

--
-- Dumping data for table `bom`
--

LOCK TABLES `bom` WRITE;
/*!40000 ALTER TABLE `bom` DISABLE KEYS */;
INSERT INTO `bom` VALUES (0,'NA',1,'2019-08-11 12:25:45','system',NULL,NULL),(1,'00001',1,'2019-12-05 22:21:03','system',NULL,NULL),(2,'00003',1,'2019-12-06 09:53:55','system',NULL,NULL),(3,'00002',1,'2019-12-06 09:56:07','system',NULL,NULL),(4,'00004',1,'2019-12-06 09:56:32','system',NULL,NULL);
/*!40000 ALTER TABLE `bom` ENABLE KEYS */;
UNLOCK TABLES;

--
-- Dumping data for table `bom_item`
--

LOCK TABLES `bom_item` WRITE;
/*!40000 ALTER TABLE `bom_item` DISABLE KEYS */;
INSERT INTO `bom_item` VALUES (0,'NA',1,1.00),(1,'00000',1,1.00),(1,'00101',1,1.00),(1,'00201',1,1.00),(1,'04001',1,1.00),(2,'00000',1,1.00),(2,'00101',1,1.00),(2,'00201',1,1.00),(2,'04001',1,1.00),(3,'00000',1,1.00),(4,'00000',1,1.00);
/*!40000 ALTER TABLE `bom_item` ENABLE KEYS */;
UNLOCK TABLES;

--
-- Dumping data for table `breeder`
--

LOCK TABLES `breeder` WRITE;
/*!40000 ALTER TABLE `breeder` DISABLE KEYS */;
INSERT INTO `breeder` VALUES (1,'หมูขาว',1,'2019-06-18 23:05:24','damrong',NULL,NULL);
/*!40000 ALTER TABLE `breeder` ENABLE KEYS */;
UNLOCK TABLES;

--
-- Dumping data for table `customer`
--

LOCK TABLES `customer` WRITE;
/*!40000 ALTER TABLE `customer` DISABLE KEYS */;
INSERT INTO `customer` VALUES ('PKP0001','PKP Inter Foods','609/20 ม.7 ต.ท่าตูม อ.ศรีมหาโพธิ์ จ.ปราจีนบุรี รหัส 25140','609/20 ม.7 ต.ท่าตูม อ.ศรีมหาโพธิ์ จ.ปราจีนบุรี รหัส 25140','1190400033451','0924241955',1,'2019-10-24 23:49:26','system','2019-12-25 00:37:27','system'),('PKP0002','PKP Market','609/20 ม.7 ต.ท่าตูม อ.ศรีมหาโพธิ์ จ.ปราจีนบุรี รหัส 25140','609/20 ม.7 ต.ท่าตูม อ.ศรีมหาโพธิ์ จ.ปราจีนบุรี รหัส 25140','1190400033451','0924241955',1,'2019-11-26 18:42:55','system','2019-12-25 00:37:19','system');
/*!40000 ALTER TABLE `customer` ENABLE KEYS */;
UNLOCK TABLES;

--
-- Dumping data for table `customer_class`
--

LOCK TABLES `customer_class` WRITE;
/*!40000 ALTER TABLE `customer_class` DISABLE KEYS */;
INSERT INTO `customer_class` VALUES ('PKP0001','2019-12-01',3,'2020-01-31','2019-12-31 16:02:53','system',NULL,NULL),('PKP0001','2019-12-31',4,'2020-01-31','2019-12-31 16:03:03','system','2020-01-01 16:39:05','system'),('PKP0001','2020-01-01',2,'2020-01-31','2020-01-01 16:39:13','system',NULL,NULL),('PKP0002','2020-01-01',3,'2020-01-31','2020-01-01 15:51:52','system','2020-01-01 15:57:03','system');
/*!40000 ALTER TABLE `customer_class` ENABLE KEYS */;
UNLOCK TABLES;

--
-- Dumping data for table `customer_class_discount`
--

LOCK TABLES `customer_class_discount` WRITE;
/*!40000 ALTER TABLE `customer_class_discount` DISABLE KEYS */;
/*!40000 ALTER TABLE `customer_class_discount` ENABLE KEYS */;
UNLOCK TABLES;

--
-- Dumping data for table `customer_class_price`
--

LOCK TABLES `customer_class_price` WRITE;
/*!40000 ALTER TABLE `customer_class_price` DISABLE KEYS */;
INSERT INTO `customer_class_price` VALUES (1,'02201','2019-12-31','2020-01-31',300.00,'2019-12-31 16:26:14','system',NULL,NULL),(1,'02301','2019-12-31','2020-01-31',200.00,'2019-12-31 16:25:58','system',NULL,NULL),(1,'02501','2019-12-31','2020-01-31',100.00,'2019-12-31 16:24:41','system',NULL,NULL),(2,'02601','2020-01-01','2020-01-31',60.00,'2020-01-01 16:33:08','system',NULL,NULL),(3,'02501','2019-12-31','2020-01-31',90.00,'2019-12-31 16:24:59','system',NULL,NULL),(4,'02301','2019-12-31','2020-01-31',185.00,'2019-12-31 16:27:08','system','2020-01-01 15:53:40','system'),(4,'02501','2019-12-31','2020-01-31',85.00,'2019-12-31 16:25:18','system',NULL,NULL);
/*!40000 ALTER TABLE `customer_class_price` ENABLE KEYS */;
UNLOCK TABLES;

--
-- Dumping data for table `customer_price`
--

LOCK TABLES `customer_price` WRITE;
/*!40000 ALTER TABLE `customer_price` DISABLE KEYS */;
INSERT INTO `customer_price` VALUES ('PKP0001','02301','2020-01-01','2020-01-31',169.00,'2020-01-01 16:40:05','system',NULL,NULL),('PKP0002','02301','2020-01-01','2020-01-31',170.00,'2020-01-01 15:59:47','system',NULL,NULL);
/*!40000 ALTER TABLE `customer_price` ENABLE KEYS */;
UNLOCK TABLES;

--
-- Dumping data for table `document_generate`
--

LOCK TABLES `document_generate` WRITE;
/*!40000 ALTER TABLE `document_generate` DISABLE KEYS */;
INSERT INTO `document_generate` VALUES ('BF',0,'2019-10-14 21:49:22',NULL,'ยกมา','2019'),('ISS',1,'2019-06-14 19:18:00',NULL,'เอกสารเบิก','2019'),('IV',2,'2019-06-14 19:18:00','2019-12-06 09:45:20','เอกสาร invoice','2019'),('PDL',1,'2019-06-22 16:17:31',NULL,'product lot no','2019'),('PDS',1,'2019-09-21 17:01:31','2019-11-10 01:39:33','product slip','2019'),('PO',1,'2019-07-03 16:28:14','2019-09-15 08:00:12',NULL,'2019'),('RC',2,'2019-11-09 20:39:50','2019-12-06 09:45:20',NULL,'2019'),('REV',3,'2019-06-14 19:18:00','2019-11-29 19:06:25','เอกสารรับหมูเป็น','2019'),('SO',5,'2019-06-14 19:18:00','2020-01-01 15:43:54','เอกสาร sales order','2019'),('STK',3,'2019-06-28 18:55:46',NULL,'Stock document no','2019'),('SWL',1,'2019-06-22 15:49:34',NULL,'Lot No รับหมูเป็น','2019'),('TP',2,'2019-10-14 21:49:22',NULL,'???????????','2019');
/*!40000 ALTER TABLE `document_generate` ENABLE KEYS */;
UNLOCK TABLES;

--
-- Dumping data for table `farm`
--

LOCK TABLES `farm` WRITE;
/*!40000 ALTER TABLE `farm` DISABLE KEYS */;
INSERT INTO `farm` VALUES ('FARM0001','PLF ฟาร์มดงยาง','65  ม.7 ต.โนนห้อม อ.เมือง จ.ปราจีนบุรี',1,'2019-06-15 20:30:44','system','2019-10-25 14:56:57','system'),('FARM0002','PLF ฟาร์มโพธิ์งาม','41 ม.18 ต.โพธิ์งาม อ.ประจันตคาม จ.ปราจีนบุรี 25130',1,'2019-09-22 10:24:21','system','2019-10-25 14:44:27','system'),('FARM0003','PLF ฟาร์มกลาง','3/1 ม.3 ต.บางบริบูรณ์ อ.เมือง จ.ปราจีนบุรี 25000',1,'2019-09-23 16:21:42','system','2019-10-25 14:56:52','system'),('FARM0004','PLF ฟาร์มนอก','95 ม.2 ต.บางบริบูรณ์ อ.เมือง จ.ปราจีนบุรี 25000',1,'2019-10-24 21:55:31','system','2019-10-25 14:56:49','system'),('FARM0005','PLF ฟาร์มหาดสะแก','56 ม.6 ต.บางบริบูรณ์ อ.เมือง จ.ปราจีนบุรี 25000',1,'2019-10-25 14:56:39','system',NULL,NULL),('FARM0006','PLF ฟาร์มสะพานหิน','51/4 สะพานหิน ม.1 ต.บางเดชะ อ.เมือง จ.ปราจีนบุรี 25000',1,'2019-11-26 18:48:42','system',NULL,NULL),('FARM0007','PLF ฟาร์มบ้านสร้าง','1 ม.4 ต.บางพลวง อ.บ้านสร้าง จ.ปราจีนบุรี 25150',1,'2019-11-26 18:48:42','system',NULL,NULL);
/*!40000 ALTER TABLE `farm` ENABLE KEYS */;
UNLOCK TABLES;

--
-- Dumping data for table `group`
--

LOCK TABLES `group` WRITE;
/*!40000 ALTER TABLE `group` DISABLE KEYS */;
INSERT INTO `group` VALUES (1,'Administrator',1,'2019-11-24 11:34:54','system',NULL,NULL),(2,'Account',1,'2019-11-24 11:35:56','system',NULL,NULL),(3,'Production',1,'2019-11-24 11:35:56','system',NULL,NULL);
/*!40000 ALTER TABLE `group` ENABLE KEYS */;
UNLOCK TABLES;

--
-- Dumping data for table `invoice`
--

LOCK TABLES `invoice` WRITE;
/*!40000 ALTER TABLE `invoice` DISABLE KEYS */;
INSERT INTO `invoice` VALUES ('IV1912050001','2019-12-05','SO1912050001','RC1912050001','PKP0001',1,5794.25,0.00,100.00,7.00,398.60,6092.85,0,'ทดสอบ',4,0,'2019-12-06 09:45:20','system','2019-12-06 09:51:57','system');
/*!40000 ALTER TABLE `invoice` ENABLE KEYS */;
UNLOCK TABLES;
/*!50003 SET @saved_cs_client      = @@character_set_client */ ;
/*!50003 SET @saved_cs_results     = @@character_set_results */ ;
/*!50003 SET @saved_col_connection = @@collation_connection */ ;
/*!50003 SET character_set_client  = utf8mb4 */ ;
/*!50003 SET character_set_results = utf8mb4 */ ;
/*!50003 SET collation_connection  = utf8mb4_general_ci */ ;
/*!50003 SET @saved_sql_mode       = @@sql_mode */ ;
/*!50003 SET sql_mode              = 'ONLY_FULL_GROUP_BY,STRICT_TRANS_TABLES,NO_ZERO_IN_DATE,NO_ZERO_DATE,ERROR_FOR_DIVISION_BY_ZERO,NO_AUTO_CREATE_USER,NO_ENGINE_SUBSTITUTION' */ ;
DELIMITER ;;
/*!50003 CREATE*/ /*!50017 DEFINER=`root`@`%`*/ /*!50003 TRIGGER `after_invoice_created` AFTER INSERT ON `invoice` FOR EACH ROW BEGIN
 UPDATE document_generate  SET running= running+1,modified_at =NOW()
    WHERE document_type='IV';
  UPDATE document_generate  SET running= running+1,modified_at =NOW()
    WHERE document_type='RC';

END */;;
DELIMITER ;
/*!50003 SET sql_mode              = @saved_sql_mode */ ;
/*!50003 SET character_set_client  = @saved_cs_client */ ;
/*!50003 SET character_set_results = @saved_cs_results */ ;
/*!50003 SET collation_connection  = @saved_col_connection */ ;

--
-- Dumping data for table `invoice_item`
--

LOCK TABLES `invoice_item` WRITE;
/*!40000 ALTER TABLE `invoice_item` DISABLE KEYS */;
INSERT INTO `invoice_item` VALUES ('IV1912050001','00001',1,1,75.25,77.00,0.00,77.00,0.00,0.00,5794.25,0.00,'W','2019-12-06 09:45:20','system',NULL,NULL);
/*!40000 ALTER TABLE `invoice_item` ENABLE KEYS */;
UNLOCK TABLES;

--
-- Dumping data for table `location`
--

LOCK TABLES `location` WRITE;
/*!40000 ALTER TABLE `location` DISABLE KEYS */;
INSERT INTO `location` VALUES (0,'NA',1,'2019-09-21 17:33:30','system',NULL,NULL),(1,'ลานพักหมูเป็น',1,'2019-06-22 15:10:45','system',NULL,NULL),(2,'ห้องเก็บหมุซีก',1,'2019-06-29 20:53:54','system',NULL,NULL),(3,'ห้องเก็บเครื่องในแดง',1,'2019-06-29 20:53:54','system',NULL,NULL),(4,'ห้องเก็บเครื่องในขาว',1,'2019-06-29 20:53:54','system',NULL,NULL),(5,'ห้องเก็บชิ้นส่วน1',1,'2019-06-29 20:53:54','system',NULL,NULL),(6,'ห้องเก็บชิ้นส่วน2',1,'2019-06-29 20:53:54','system',NULL,NULL),(7,'ห้องตัดแต่ง',1,'2019-06-29 20:53:54','system',NULL,NULL),(8,'ห้องเก็บหัว',1,'2019-06-29 20:53:54','system',NULL,NULL);
/*!40000 ALTER TABLE `location` ENABLE KEYS */;
UNLOCK TABLES;

--
-- Dumping data for table `master_class`
--

LOCK TABLES `master_class` WRITE;
/*!40000 ALTER TABLE `master_class` DISABLE KEYS */;
INSERT INTO `master_class` VALUES (1,'ทั่วไป',1,1,'2019-11-26 18:44:00','system','2019-12-06 18:45:05','system'),(2,'เกรด A',0,1,'2019-12-06 10:42:27','system','2019-12-06 18:45:10','system'),(3,'VIP 1',0,1,'2019-12-06 18:42:56','system','2019-12-25 01:34:31','system'),(4,'VIP 2',0,1,'2019-12-06 18:45:17','system',NULL,NULL);
/*!40000 ALTER TABLE `master_class` ENABLE KEYS */;
UNLOCK TABLES;

--
-- Dumping data for table `orders`
--

LOCK TABLES `orders` WRITE;
/*!40000 ALTER TABLE `orders` DISABLE KEYS */;
INSERT INTO `orders` VALUES ('SO1912050001','2019-12-05','PKP0001',0,0,'',1,'2019-12-05 22:14:53','system','2019-12-05 22:29:21','system'),('SO1912060002','2019-12-06','PKP0001',0,0,'',1,'2019-12-06 16:14:19','system',NULL,NULL),('SO2001010003','2020-01-01','PKP0001',0,0,'',1,'2019-12-31 16:58:03','system',NULL,NULL),('SO2001010004','2020-01-01','PKP0002',0,0,'',1,'2020-01-01 15:43:54','system',NULL,NULL);
/*!40000 ALTER TABLE `orders` ENABLE KEYS */;
UNLOCK TABLES;
/*!50003 SET @saved_cs_client      = @@character_set_client */ ;
/*!50003 SET @saved_cs_results     = @@character_set_results */ ;
/*!50003 SET @saved_col_connection = @@collation_connection */ ;
/*!50003 SET character_set_client  = utf8mb4 */ ;
/*!50003 SET character_set_results = utf8mb4 */ ;
/*!50003 SET collation_connection  = utf8mb4_general_ci */ ;
/*!50003 SET @saved_sql_mode       = @@sql_mode */ ;
/*!50003 SET sql_mode              = 'ONLY_FULL_GROUP_BY,STRICT_TRANS_TABLES,NO_ZERO_IN_DATE,NO_ZERO_DATE,ERROR_FOR_DIVISION_BY_ZERO,NO_AUTO_CREATE_USER,NO_ENGINE_SUBSTITUTION' */ ;
DELIMITER ;;
/*!50003 CREATE*/ /*!50017 DEFINER=`root`@`%`*/ /*!50003 TRIGGER `slaughterhouse`.`after_orders_created` AFTER INSERT ON `orders` FOR EACH ROW
BEGIN 
	UPDATE document_generate  SET running= running+1, modified_at =NOW()
    WHERE document_type='SO' 
    ;
END */;;
DELIMITER ;
/*!50003 SET sql_mode              = @saved_sql_mode */ ;
/*!50003 SET character_set_client  = @saved_cs_client */ ;
/*!50003 SET character_set_results = @saved_cs_results */ ;
/*!50003 SET collation_connection  = @saved_col_connection */ ;

--
-- Dumping data for table `orders_item`
--

LOCK TABLES `orders_item` WRITE;
/*!40000 ALTER TABLE `orders_item` DISABLE KEYS */;
INSERT INTO `orders_item` VALUES ('SO1912050001','00000',1,1,1,100.00,1,75.25,1,1.00,'2019-12-05 22:29:21','system','2019-12-05 22:44:22','192.168.56.1'),('SO1912050001','00101',1,2,1,1.00,0,0.00,1,1.00,'2019-12-05 22:29:21','system',NULL,NULL),('SO1912050001','00201',1,3,1,1.00,0,0.00,1,1.00,'2019-12-05 22:29:21','system',NULL,NULL),('SO1912050001','04001',1,4,1,1.00,0,0.00,1,1.00,'2019-12-05 22:29:21','system',NULL,NULL),('SO1912060002','00000',1,1,5,500.00,0,0.00,5,5.00,'2019-12-06 16:14:19','system',NULL,NULL),('SO1912060002','00101',1,2,5,5.00,0,0.00,5,5.00,'2019-12-06 16:14:19','system',NULL,NULL),('SO1912060002','00201',1,3,5,5.00,0,0.00,5,5.00,'2019-12-06 16:14:19','system',NULL,NULL),('SO1912060002','04001',1,4,5,5.00,0,0.00,5,5.00,'2019-12-06 16:14:19','system',NULL,NULL),('SO2001010003','02201',0,2,2,2.00,0,0.00,0,0.00,'2019-12-31 16:58:04','system',NULL,NULL),('SO2001010003','02301',0,3,2,2.00,0,0.00,0,0.00,'2019-12-31 16:58:04','system',NULL,NULL),('SO2001010003','02501',0,1,2,2.00,0,0.00,0,0.00,'2019-12-31 16:58:03','system',NULL,NULL),('SO2001010004','02201',0,3,1,1.00,0,0.00,0,0.00,'2020-01-01 15:43:54','system',NULL,NULL),('SO2001010004','02301',0,2,1,1.00,0,0.00,0,0.00,'2020-01-01 15:43:54','system',NULL,NULL),('SO2001010004','02501',0,1,1,1.00,0,0.00,0,0.00,'2020-01-01 15:43:54','system',NULL,NULL);
/*!40000 ALTER TABLE `orders_item` ENABLE KEYS */;
UNLOCK TABLES;

--
-- Dumping data for table `plant`
--

LOCK TABLES `plant` WRITE;
/*!40000 ALTER TABLE `plant` DISABLE KEYS */;
-- INSERT INTO `plant` VALUES (1,'2020-01-01','บริษัท พี.เค.พี 6 จำกัด','85/1 หมู่ 1 ตำบลไม้เค็ด อำเภอเมืองปราจีนบุรี จ.ปราจีนบุรี 25230','1',_binary '\\\0JFIF\0\0\0\0\0\0\!\Exif\0\0II*\0\0\0\0\01\0\0\0\0&\0\0\0i\0\0\0\0.\0\0\0X\0\0\0Picasa\0\0\0\0\0\0\0\00220\0\0\0\0@\0\0\0\0\0\0@\0\0\0\0\0\0\0\0\0\0\0\0\0\0\Z\0\0\0\0\0\0\0\0\0\0\0\0\0\0(\0\0\0\0\0\0\0\0\0\0\0\0\0\0\0\0\0\0!\0\0\0\0\0\0H\0\0\0\0\0\0H\0\0\0\0\0\0\\\0JFIF\0\0\0\0\0\0\\0C\0	\Z!\Z\"$\"$\\0C\0\0\0\"\0\\0\0\0\0\0\0\0\0\0\0\0\0\0\0	\\0R\0\0\0\0\0!1AQa\"2q#B	45RVbst$3Tru\\\67UCFSc\\0\0\0\0\0\0\0\0\0\0\0\0\0\\0<\0	\0\0\0\0\0\0!1AQ\"aq2\\RS#46T\\\\0\0\0?\0r\\"  e\_[Twꔵ:A񏾾T!\OpTo镻Lӹ/1MNq6\;$y\'\C4\0~\Mm\pQ-\yդ?4[\gL]\T\kj}Ԝ*\f\1\}tT߸ow\1\"8R\J\		JA>EYrRf\7\rF>Y	%HQdy\\\X]\qJZ24X\U\;+zʧ3\p̾\\Ϲ\m&~QjF-J3OyzqqkWڀTI1&u\\*	*zR^e9E\'\DLh\\\'J\\sXOjS`\*v>F\d_\9\sZ\ە\'V!\Z\r\'uא\~/\	ڔi\\'b%\q~ej\Qՙ\')h\'Yt·A\F\\e\̽.\4%\\\\\>96cl	Ϝ\.\\\\\ⳛqSjqgaT\ʵ\rñY@d\#\\Mx\l­Q2I>}\E\iVع$\jL8)q\#\2=%(nRrN@kԴ^ӌ\4_mEN\\lA\:@IMP@\\'k\Q4\-\IK$/U\i\IHnm	n\=>p\\W|QSWj\\\	8q\|\\Zu\\e!!DdADADDZuV\\\n/\5\~Oi@:\0zޣ\\\>R\:cgW嘞{-S䂰q:2!;i\\BvePTC\\\\NI脤b$\rڙZ\\L\j\rvRq\zZghIU\\'\@\'-\rc\V\aVh\I\2\\ \eGp[VޜdxUMέ j5.VV\hC\\r8JVۈP\$\H\c\\\{@~Za\\(Q$\ΟRI]\\oh\[.ja\#Ѷ\|R\}ׇHGFfެP˯c\tK̽\\aW!\\-=o\ε|\\\\G\i\rq粥%\*\@딄X\Pm\\E\\!\\\JB\'N!gnQ\\\\\k4:C\mE\\Yg\\\k\r\03\Yx4\V\\\\'=Cvި @WfU΍Fc\r\0ٔ\,f5}OՉusC֋\\*§Vꕊ\\\\\\z_:N$Heɑt8OΨi.$X\\0X\0n\"5ZԹշ?QM)\FJW\\%)²|w+CwZisꔌ=k\o%lNUyC3DH]MNF2\q{¢rp\\ioU\Νjg@\\Df\F\ֺ\\˟>E5G{{U*sgR.*u!ԢVeNr>AZp0\\frq%J\eQZd\yp̭\<3\\@CV\̭\*Fc3r\\YۍƉT\+nҔ\nH\nARQ\>q\`dY\go\dsˠR\4ꖭܷtދI3m!\۲\9t!]AY\> g,\f\۲\4\۱R7Cn\)}b1\lb\m9kT5ESjuIHX\\g>I\\%\"\}}\Lvҏb\"%WlyZ\NAH\^\L)\i\I\_mV|>)2:~\\\u:K\)nr0\3E^uqz\=S\7v5}i\rĤIq]\~E\N~0\\\M\\xik\)]M)P쥮I0z<	\>I\"+\(\\ƀݾ\<hUEbm\*\*,\b2i)6TP\0\|{O\P\i\1\3NUc\\\4}baZsQ(`CA.\\\K\&P\9eeϢBBw=\\\\K\\=@\\n8īܿLolo\ϫ\7\&&а\]>\i	]1iS)Jаl	H\\#sWB\\\\U)UAֆN;9J\\<\)\3Qߧ?|f6I\+\'*p\\-;* 8좞\r2l\\G\\EmUs\\):S\pjmR@}L唍;\?Jm۷Pjizi\\\\ej2\֞p<I6\E\i\3wsŞ\\l =\\\^\M#ٶ\[FN\\yf\%e\Jˇjs(\\F\\\ĘW\\\7)4X/^i!\0\PJ:cA/\Z?`\ƞ\\œ\U٥1佻9\\\\Q5\}\:-2S\\>)\\k\'\;d\c;\0\\'\\?\+\敠_\\0\\\XjZ\ZM29?\nJJXcd+}\\"lTG1\a\\b,R-S\\nMN\b2\ZW*&!~(ej(\uB\\ܭ\g\\R\C\80eDP`\ٹ\45Dȵ;!6plG##pa\}2sMu\nFݸ*u1cTg0\\8GR}\	8\'q\so\r8s\@s7Q\\5\y뮢!u2ne)%\[KYGQةg\\\\0@.n\u\t\<\kY[ACIg\\H\6 \\fhvտNRR\x6\I99\N<\0Dn\\'\M \\Z\V\!,،\\\nfV\Z\Z?iW47A\'3)ݙO*\3mm2\\m\\'#\c\XHx.bȨLT\˅,)+\mh\%\'i>xD;äT\\}Rѷ$\~k\T\fjY[\,J\rM]Z\\'M-\sȂp{=\qpf\sۧA\\W\J_qo\f:C\D|I5\i;QV]M\S\ڼ\\, sNu\'Ndߔ\\ܧ\3\\\4\r\C\ԟT\N!tS9\ؙgf42lD\"9-\Nix{wȦׅ4oOt\'e\kTf}DzM2}*r8#ԥҼەtƆ44\" Ə\su0C;Ə\su0F\0\\ܽ\'\\~Dv\}x\\c;dgZ7[0TG1\}Q\D^6DB\[\nzݛC\\A\WbiX\\\\\0\bm@/C+\U³DxFSmsT	;\0dN\Vq-\wܗjUq՟	d\K1\\0u\'$\{\\\\MQd\V%\o5\P|\0\\F\\+FvT{]]\3S3Nɺfe\K=\ޘ\\\V\r\g|>Q8\cO@\:|\\*\ź\Tu\\~z\9\F}[\a=PiQR~bic	JQa )W/QKZ\\<XZ1i[A7CCt\Z>2bi&\GDuc\\\	>0t.U\|$@w\ԅo-\\ai\7-R\\rsKjSPB\A>]1\D\0\yTK\Zc6\>n0j,Rv\F\Z~\\77\#\0t\f\~s\\"Ϋ\0L=g\W\J\\\\iRiqn VJ\B\]\\_PPS\\nzf\`\x\ieP\)P#\0@ӄ]^㉛\\G\;\?\\=H\\D\u_j\\~j77\#\0t\\\Z5B\g\22,AH9<\\Q\r/_}s?ሰ\+g5\\j\\1a;禄5\]y޻xܡT|\\gYJ[W\_\:6I\tf:\e}>8zHP\N^L$t+\\\\pT2V)d\"zAx]\\\\~$%&\\'\0\ssSw%鍥j\no\ng9K[c]\'д\{AetkN\\\Ģ\ҕ5B\\5`pA25z\<2l7_CS.{e\\Ɵj}\T\1B?:,]im\5f5\\0Q	`޳WvjZ֫\\)Z%TRTAo1\c2\oʘi\j\rF\g`O\\\u}\\DWFR\z\s|\Z\W\NV\\<J[T\%Du1\\b,h\nx\\\r\ N\0QJ~W\܍gES\\F\"\RC\Z\oCK\\Ob(?\#Y_\o	*\֬1YM\\ry+B&\Z(*OfF{\	\7ZG*Y9qtR^$\'{\\h\\Z\\=|qWSLѿisU\\`\'=PwB)Saԯ2WE\E\},$Ԝ\ϗ\c\01L\M,\jmfܕ/+n8?RU\;-;\r^^Vuw\{\ߦT\Z\0dY\0U\ZFת\/\ʹe\mM:tR A1=I\l\lMsHL\rC\h\ڽ\ [\v3\T\ \Cv,\Zo4Y\ZIL\\N(\Βpn`$$V@\0N\0\-4#PU\3\r\$\"i\SBG`\kPcɒC`tIB3F\bcs8J\\\	EFd*Em,\Iz6\\Wuƙ4N\\+\<=AY%6\\O~\acw6\\O~\ab7-ߧzO\\>.\0\"\\\'\Tv\}x\\bng%la=X\\}Q\D^6F#b:\'\\ijmuAb򏑱#\S\!\\H\\\W\84\\S\7o\;\\'oYVA^\\\(H\rؓ\ZWkcQm\\9t!ϥυK$a	<\q\M(\+v\bըI\\NT\=g#\6\Y!&m<Or9\\\Ba\\2\U;N*\r?\\\V\r\nd\N+MiOMͼm=T(%#\\"6{vܽdQ\Rt\D2T:-`zj\1\#\Fe\]\g\Y\N\7N\:cvM\"V:OŸO)P<z|V3LK3)4ҙ}hP\4Ә%\n\XČ-)G\\\)di\Z_D\}32y;0\\H Tڭ7\K\ˮ[\:~X*!6!\s,\@\Ox9\;(\eN\mx\\\\\\fy,?\\\\Pp>DMyH\P\©i:ta250\\"@ 0\o51P\\l\d6\-\BQ3\Z\T\\0omb}\0ӣ+XM<)rQ(:jZ\pEe\\\\PWB=\Q\Z12L\j\N\-\5Sʻ\\y\\)\7#{\̹4r-OX]JӛHZi][iG\'\\o;u3\"w\/ȞF_\n\\\<0E3\A\W\LSNAI0\\igc8W\\يYa|N\bc\vq\i\\L,P\-|K\1_a*-\\o@u\\\N\\ku\\\k.\䗗xn\I;\\\\\퀶&\\\'\?O\\\ӗ@\+\nLA\<L`=G\\'y\#+C\\O#\l1kE\5?8\'\n*I\\=O6\|\r\/\%m\W\	\JH\\'*Q\KWr>R@k\YUnY|\iyjQ6(\z)@rbz\:{\A\U)K)jN]E-˴T=Vs\4\V\\\k2/o\+&^Zz\\5\;E%9F}!̼\s11yyI8\:\'\7\~撒D2\\qGf\\(s\1\\׼\\rkV\<\*SRV⋈Z9O>IAc\0\Szˤh\4=C.WJP\\\ZqM8RJȴ\c\t+\Τ\\\IjW\'+=CayT|\l;\\`:YI{c;\tXg4\p׻b\\\7k\E\c\\\rRw#Ǒ\'>\\Fiv]O\JI4G⺩j\\TVԚKrM	QB\yFԛA\\rY=siH+w,x\;Ǹ\ClR%4[\B\ܤ\\&տ\\$~^\\lF!z\\[]`\IƀK,ޓXQ\Ax%=\¯hJ_)Jmצs)ytR8\w\r\B\z_,\UvUjع\\\:\;\c>B}n\01W8yEV\C\zVmƥ\E\bvf\\Tc\f=|\\H~\LKEh9)*\8\:d\Ħ-\"8\"26>A\{\#\6\'\\\n[4y\n}Ίmڹ_je\']H\	\'N@$ok.\\3fi\\IiMUMS݃1ExZڅqWM\\V0\\9[\[W9RT\nX\:\>;+t\\jB\)t\\\VbH?)\^إ!\\%/f\\X67Cw-Pwy/CټNdx\I\u\c\\|B$bNY\%>R@\\":\~ڴ,\~P$V$\B<d\r#\U\r$d\rD\\a\X|L\\Mzm\\QxeRP-MߒY\\R\C\\iF\\oqI\\\`J3a\<\^3̑*\2\:Z<\{L\Cs\ɧ\\\\Vǔz\\ck]6۪(W.jD\?R\d9(\\v\\\ӒP\|]Wձ\s\ZoO\-_jjP-\i\nq%iING:}%)G?\\%\7$\\㍸\Z<Ťvg]K|\8\ҥ\\D#Cb/)qRP\P^剆\\̤7\\xA\\nFcoEa\\sm.WƜ\W\rP\\FSLSDZ:\i\\C\\jƳj\B\\7KSS\0K\)O+\9\\\\'\䤗\r9^n)\Zn)NQ ٤$+\n#lD՝9n{=N\\ˣ珢̺~\\H\{#ݐtw?YX\\\6\SVv\r\V\iE.m~\Q+g]\0\98\IK\~u)UBm##\4\'\pzvҹ\\Wf\Eh?x\\wS\YWWV\^a \~\A\\DADA^:\.YM\K\\\\'\l-`\ɩ-9/>kYWr6ڻF\}H\W\0K\\O_8b\n 7a!\dkYxd\oܥ\7(nnz:G]|*97P~~~aٙ<ꊖ\\\Q\'1J:B$*쫞3\r%\+ڕTww\r:[^Rݗ\\W˦P+?-qH\3)=SRH\[UG)ur\j$gY\+q+ǿ 4k]6\`V\6\prRs8RH!I;\t.|z=\\\\\ZX\JpTkʓ/\w2ӓ,{pW6H䳇Q\8`,sn\nqv5Eܯ\\\[vIhI\rI\F\nRtJ8\Eo_\pj\e\(ٕ\"y-L)\BFyR\0\7RMԙɅ9p\\՜\fqJ>$LgO-iUji#d\\n\)j|jw\\$ \Y1ĵtյ\O5Fj\\.$.\\z\r \'?)$:!r\khe\>@>%CjpTu!ʋ5\Z\\\+g	ߘm\rߐ4:T6Xc\YKi>gs\aqNa߮ȆI/;%?LY֧Z\ʳ\Y\n\\/.8\\O\'\CUh\N\ݥ\S\\)\1eWɌ\YQW-A\:rMG#\A, \"\\XICC_PROFILE\0\0\0HLino\0\0mntrRGB XYZ \\0\0	\0\01\0\0acspMSFT\0\0\0\0IEC sRGB\0\0\0\0\0\0\0\0\0\0\0\0\0\\0\0\0\0\0\-HP  \0\0\0\0\0\0\0\0\0\0\0\0\0\0\0\0\0\0\0\0\0\0\0\0\0\0\0\0\0\0\0\0\0\0\0\0\0\0\0\0\0\0\0\0\0\0\0cprt\0\0P\0\0\03desc\0\0\0\0\0lwtpt\0\0\0\0\0bkpt\0\0\0\0\0rXYZ\0\0\0\0\0gXYZ\0\0,\0\0\0bXYZ\0\0@\0\0\0dmnd\0\0T\0\0\0pdmdd\0\0\\0\0\0vued\0\0L\0\0\0view\0\0\\0\0\0$lumi\0\0\0\0\0meas\0\0\0\0\0$tech\0\00\0\0\0rTRC\0\0<\0\0gTRC\0\0<\0\0bTRC\0\0<\0\0text\0\0\0\0Copyright (c) 1998 Hewlett-Packard Company\0\0desc\0\0\0\0\0\0\0sRGB IEC61966-2.1\0\0\0\0\0\0\0\0\0\0\0sRGB IEC61966-2.1\0\0\0\0\0\0\0\0\0\0\0\0\0\0\0\0\0\0\0\0\0\0\0\0\0\0\0\0\0\0\0\0\0\0\0\0\0\0\0\0\0\0\0\0\0\0\0\0\0\0XYZ \0\0\0\0\0\0Q\0\0\0\0\XYZ \0\0\0\0\0\0\0\0\0\0\0\0\0\0\0\0XYZ \0\0\0\0\0\0o\0\08\0\0XYZ \0\0\0\0\0\0b\0\0\0\0\XYZ \0\0\0\0\0\0$\0\0\0\0\desc\0\0\0\0\0\0\0IEC http://www.iec.ch\0\0\0\0\0\0\0\0\0\0\0IEC http://www.iec.ch\0\0\0\0\0\0\0\0\0\0\0\0\0\0\0\0\0\0\0\0\0\0\0\0\0\0\0\0\0\0\0\0\0\0\0\0\0\0\0\0\0\0\0\0\0\0desc\0\0\0\0\0\0\0.IEC 61966-2.1 Default RGB colour space - sRGB\0\0\0\0\0\0\0\0\0\0\0.IEC 61966-2.1 Default RGB colour space - sRGB\0\0\0\0\0\0\0\0\0\0\0\0\0\0\0\0\0\0\0\0\0\0desc\0\0\0\0\0\0\0,Reference Viewing Condition in IEC61966-2.1\0\0\0\0\0\0\0\0\0\0\0,Reference Viewing Condition in IEC61966-2.1\0\0\0\0\0\0\0\0\0\0\0\0\0\0\0\0\0\0\0\0\0\0\0\0\0\0view\0\0\0\0\0\0_.\0\\0\\\0\0\\\0\0\0XYZ \0\0\0\0\0L	V\0P\0\0\0W\meas\0\0\0\0\0\0\0\0\0\0\0\0\0\0\0\0\0\0\0\0\0\0\0\0\0\0\0\0sig \0\0\0\0CRT curv\0\0\0\0\0\0\0\0\0\0\0\n\0\0\0\0\0#\0(\0-\02\07\0;\0@\0E\0J\0O\0T\0Y\0^\0c\0h\0m\0r\0w\0|\0\0\0\0\0\0\0\0\0\0\0\0\0\0\0\\0\\0\\0\\0\\0\\0\\0\\0\0\0\r%+28>ELRY`gnu|\\\\\&/8AKT]gqz\\\\\0!-8COZfr~\\\\ -;HUcq~\\\\r+:IXgw\\\\'7HYj{\\+=Oat\\2FZn\\		%	:	O	d	y				\	\	\n\n\'\n=\nT\nj\n\n\n\n\\n\\n\"9Qi\\*C\\u\\r\r\r&\r@\rZ\rt\r\r\r\\r\\r.Id\\	%A^z\\	&Ca~\1Om\\&Ed\\#Cc\\\'Ij\4Vx\&Il\Ae\@e\ Ek\\Z\Z*\ZQ\Zw\Z\Z\\Z\;c\*R{\Gp\\@j\>i\  A l  \ !!H!u!!\!\"\'\"U\"\"\"\#\n#8#f##\#$$M$|$$\%	%8%h%%\%&\'&W&&&\\'\'I\'z\'\'\(\r(?(q((\))8)k))\**5*h**\++6+i++\,,9,n,,\--A-v--\..L...\/$/Z//\/050l00\11J1112*2c22\3\r3F3334+4e44\55M55\5676r66\7$7`77\88P88\99B999:6:t::\;-;k;;\<\'<e<<\=\"=a==\> >`>>\?!?a??\@#@d@@\A)AjAA\B0BrBBC:C}CDDGDD\EEUEE\F\"FgFFG5G{GHHKHH\IIcIIJ7J}J\KKSKK\L*LrLMMJMM\N%NnNO\0OIOO\P\'PqPQQPQQ\R1R|R\SS_SSTBTT\U(UuU\VV\\VVWDWW\X/X}X\Y\ZYiYZZVZZ[E[[\\\5\\\\\]\']x]\^\Z^l^__a_``W``aOaabIbbcCcc\d@dd\e=ee\f=ff\g=gg\h?hh\iCiijHjjkOkklWlmm`mnnkn\ooxo\p+pp\q:qqrKrss]sttpt\u(uu\v>vvwVwxxnx\y*yy\zFz{{c{\|!||\}A}~~b~\#\G\nk͂0W\Grׇ;iΉ3dʋ0cʍ1fΏ6n֑?z\M _ɖ4\nu\L$h՛BdҞ@iءG&v\Vǥ8\Zn\Rĩ7u\\\ЭD-\0u\`ֲK³8%yh\YѹJº;.!\nzp\g\\_\\\X\\\Q\\\K\\\F\\\Aǿ\=ȼ\:ɹ\8ʷ\6˶\5̵\5͵\6ζ\7ϸ\9к\<Ѿ\?\\D\\\I\\\N\\\U\\\\\\\\d\\\l\\v\ۀ\܊\ݖ\ޢ\)߯\6\\D\\\S\\\c\\\s\\\\r\\\\2\\F\\\[\\\p\\\\\(\\@\\X\r4\P\m8\W\w)K\m\\0\0\n			\r\n\r	\n\n\r\n\n\n\r\n\n\n\n\r\r\n\r\r\n\n\n\n\n\n\n\n\n\n\n\n\0@@\"\0\\0\0\0\0\0\0\0\0\0\0\0\0\0	\n\\0e\0	\0!	1\"AQ2aq#4BUt$36Rr\CSb\%DTcs\Edeu\&5V\\ᄅ\\\\0\0\0\0\0\0\0\0\0\0\0	\\0R\0	\0\0!1AQa2q\"R\3BSr\#45Tb\\6scet\\\C$D\\0\0\0?\00\0\0\0\0\0\0\0\0\0\0\0\0\0\0\0\0\0\0\0\0\0\0\0\0\0\0\0\0\0\0\0\0\0\0\0\0\0\0\0\0\0\0\0\0\0\0\0\0\0\0\0\0\0\0\0\0\0\0\0\0\0\0\0\0\0\0\0\0\0\0\0\0\0\0\0\0\0\0\0\0\0\0\0\0\0\0\0\0\0\0\0\0\0\0\0\0\0\0\0\0\0\0\0\0\0\0\0\0\0\0\0\0\0\0\0\0\0\0\0\0\0\0\0\0\0\0\0\0\0\0\0\0\0\0\0\0\0\0\0\0\0\0\0\0\0\0\0\0\0\0\0\0\0\0\0\0\0\0\0\0\0\0\0\0\0\0\0\0\0\0\0\0\0\0\0\0\0\0\0\0\0\0\0\0\0\0\0\0\0\0\0\0\0\0\0\0\0\0\0\0\0\0\0\0\0\0\0\0\0\0\0\0\0\0\0\0\0\0\0\0\0\0\0\0\0\0\0\0\0\0\0\0\0\0\0\0\0\0\0\0\0\0\0\0\0\0\0\0\0\0\0\0\0\0\0\0\0\0\0\0\0\0\0\0\0\0\0\0\0\0\0\0\0\0\0\0\0\0\0\0\0\0\0\0\0\0\0\0\0\0\0\0\0\0\0\0\0\0\0\0\0\0\0\0\0\0\0\0\0\0\0\0\0\0\0\0\0\0\0\0\0\08[tb\R_s\q\\T\F\˿2]	\o]⧺E\{\0p:rz\-|1#L\'\'6!g>l$~ÜVm\n5\Wx\Z\/R˗\4\ζ\0NT\Lo\\\"1~ˡ\6\\211ce\\\݆\*o\f2ҎrD/\\3TݿDth9/M/镯&M~ͅ-o\\\_`Cn\\So\G\\\\dwϧ\\\0\s_\gZ\q]o\Q\6\0\0=\\w\"+\|\0\\\[g]w}\>#\\Fo\\\?\>R\\O0 \'\\׈5?B\\']wy\1k>q=j\ԏId\_\?`ֿq\\xzk\\Բ\\_>1v3\\H=\0\\0\Z\0\޻c\\\Z\\s\0\Z\c\\\Z\gg\\m}eZJ\\\Q߳k\5\{oB\6&<zв\\i*\\{	0bq}nӧ<\0Ñ\i-\[\=2\|/?\%ZԲ\}~\E\\d,4\a`\\0ξc^z\\N-z\\\mJ\ظ\0A\[b>טȭ_\D4N߇\\\\\0ݲn֑qxě\Q\~\\T`\0D=it\ԛ\W4kӖR]O\p\z\鍮i5\\\[\.B\n\\RF\\\Jh̚y\0\}\0\0\0\0\0\0\0\0\0\0\0\0\0\0\0\0\0\0\0\0\0\0\0\0\0\0\0\0\0\0\0\0\0\0\0\0\0\0\0\0\0\0\0\0\0\0\0\0\0\0\0\0\0\0\0\0\0\0\0\0\0\0\0\0\0\0\0\0\0\0\0\0\0\0\0\0\0\0\0\0\0\0\0\0\0\0\0\0\0\0\0\0\0\0\0\0\0\0\0\0\0\0\0\0\0\0\0\0\0\0\0\0\0\0\0\0\0\0\0\0\0\0\0\0\0\0\0\0\0\0\0\0\0\0\0\0\0\0\0\0\0\0\0\0\0\0\0\0\0\0\0\0\0\0\0\0\0\0\0\0\0\0\0\0\0\0\0\0\0\0\0\0\0\0\0\0\0\0\0Pw{D\#\f\cbCfȾwKե9\'-ϩ7\\ǡ*b&4j˻Q+u\r>]~V2TM.\o\\g\)J:v\\+\h[\d\P\}ʱ4U\RU\\k\f\5\it\'gSWV\\I|\}	|m\Aǹ\\\wƪ8H\wD\8=\0Qa\:%=C;3>Qm\\2\UzF\\\b\D/|Brһ٣=%MsS}\qzn\e\ZuR\}\\\k\\X1X\d\;\\&\\؎rƭ\댥21I}/\9|.ȯ3}朴6)=\17(\\PK35\QF,~œ/|Vx\\鸑kme\v\\ÀI\EY!5׬\RV\\m\;\\bp^\Pߗu\m)\\M\7u̬ɫs222\Ke<\ʜSJW\mo\\d~ HB)\"В$kJIg\'\|Ă\\e16\`\0\0\0\0\0\0\0\0\0\0\0\0\0\0\0\0\0\0\0\0\0\0\0q4\\μ8&\4ԢeGf}SM4ϰ>\zRk&\\N\ŘMK\\\k\l,۲*\\0C+<e\\_\?ŏ$0\}9x\ӧ\o\1x\Z,js\\n\MX\&g\x\\p镢\\/9w\M\0FLBE\\\\9\v6AS[*\]_\'\\\Q\"|\\\I/Kkَ8;U\U9^_>m\|`\0\\U3&:k+\p&\rީ\ꛦ\>hYT6\q\i2\2mt/3)\G\L-\O\Tky\%	}RJTnދeп\\Ĵ(\7N\\Jݧ\\9P]=[\\\"\Dy2\w?\wv\ZBwt\\\Åc\g\&e/af2\V\\C%\0	\,_\ߴB/H\\.g\r|\\nv\y\n5]QH\ZFR\0\0\0\0\0\0\0\0\0\0\0\0\0\0\0\0\0\0\0\0\0\0\0\0\0\0\0\0\0\0\0\0\0\0\0\0\0\0\0\0\0\0\0\0\0\0\0\0\0\0\0\0\0\0\0\0\0\0\0\0\0\0\0\0\0\0\0\0\0\0\0\0\0\0\0\0\0\0\0\0\0\0\0\0\0\0\0\0\0\0\0\0\0\0\0\0\0\0\0\0\0\0\0\0\0\0\0\0\0\0\0\0\0\0\0\0\0\0\0\0\0\0\0\0\0\0\0\0\0\0\0\0\0\0\0\0\0\0\0\0\0\0\0\0\0\0\0\0\0\0\0\0\0\0\0\0\0\0\0\0\0\0m\6\31\I|Jj>\9m\LĎ\<Wx[:c!\',L%%\\WE\Qc\\.}\'B\Z[㳭\f9Ԍ1Hͣj\\>=n\\cqQ_\_w\WM&\=!/WdEA?\\\dbq\\\ZfN}\~Y\\fG3nEʣ]:\"~eY(^3\\ښJygM\m3t=\"*_xӫysrGbqǮM^m\\벓XǾ0ٳs\M~;)\t\\x\W\Z\\\\[=\(\e\No~ew}\mM%R\\ۗy~;E\\\:4n\\Ǧ[oN=w2\+F4۫\\\\n˧\')\cv[9?YJ\79I\\ln(RWS\\Z9\\\0)\0\0\0\0\0\0\0\0\0\0\0\0\0\0\0\0\0\0\0\0\0\0\0\0\0\0\0\0\0\0\0\0\0\0\0\0\0\0\0\0\0\0\0\0\0\0\0hO\I\0y\\0Ǻ\뷎$\6Zf\\wژ\\\\[\طy\\U\'\\\\0f\mC_`]\0n|\շ\a(4\X\V\\'\\jT\Uie\%߳/N\冣Ff{Q\vEfaKQ\\\\\~_i\09G*UN\13\"\Q}vM%\\\\ufA)F\\\\ݲ\2\Ҍ}Q[3Ɯ8s{R\$i\9.zeBvc\׎4^fem\k%9]$\.\\ain5k:=ʞNrɊ\\\<k\L\{\W_\'\(op5)\s켒n=tBG\g{\vX\Z54\?gʏ7t]\b\\ߡv\)ӕ74\\\^s}4*\01@\0\0\0\0\0\0\0\0\0\0\0\0\0\0\0\0\0\0\0\0\0\0\0\0\0\0\0\0\0\0\0\0\0\0\0\0\0\0\0\0\0\0\0\0\0\0\0\0\0\0\0\0\0\0\0\0\0\0\0\0\0\0\0\0\0\0\0\0\0\0\0\0\0\0\0\0\0\0\0\0\0\0\0\0\0\0\0\0\0\0\0\0\0\0\0\0\0\0\0\0\0\0\0\0\0\0\0\0\0\0\0\0\0\0\0\0\0\0\0\0\0\0\0\0\0\0\0\0\0\0\0\0\0\0\0\0\0\0\0\0\0\0\0\0\0*2]_D[F:v\\t^j\Y\&o2\h\q\\\\\ԨԪi\\\Jħ\\23s\0\\dыaL:-f\\oݑE\׋\ӥ\\\4ҵ\\9_E%)\]\t{*{溼7\/\\oyVFnS\\V\\y9r\\\jm]JI\"\g~%\}\Uv2o\%\0~\Mg)nll%\vŹE\\z26\i\^\|M\Q\\Z\4yt\Ç\0ޥ\AM|10[>Q:\|\\Umg:ƧvM\ɶܜ\~Ed_=˚\e;˧Y=\3sm\\0\0\0\0\0\0\0\0\0\0\0\0\0\0\nJIu~\z_Ϗ\\0s.v\E\oɅ2k)}n\yUw-\9R\>\xPdxqv\zex|s2\K\%\0\Qe\\\~&1N\\\\\#-\紗\0hOH\aH=oyi|A\u\\W\\ldO\n\\\\nDrUrjvZ◙\dע&(\M>\r^\jN.qy\0\0y\0\0\0\0O܏5\\n;\Z\gupve*lr\Ug\˞IuGcx{[\h[\YXN?̊\xf`ʾ\S}\\\\0єѧ+ѭ8%)%zI\Ya`(E\O>ۈ\q\Ky\\\\-\\VD\\2eoi\\Z\k\m/6\t\/6l$T(GYy܏FSy6\Z\jݝk\\F]\%ҏ1,\\\\&\k=3}\ZM|Tf{\\\\7\O֛\_χ\\0\9qd\0\\\\0Ǧ\:|\\8zŴ:K\\\\0{q\M\OzהkR|u\k\@\\/ů\H\>\|j\\XPꃦ_\I\f^\\	>\\]܂LT-妼￙m_W&_շ\\?\{4f\\\?\n\{yTY*\\oe%IԴݒy\\\\':˵^z:r\\7w\ \z\\\\d\Ȗ\בs\J<S|-\xMBqT\O&Dt\(;\0\\\0\0\0\0\0\0\0\0\0\0\0\0\0\0\0\0\0\0\m1I$\֓vG\E\Zu;q3\ŊKeB\;*I%\nm\p\SE44\\n.\K(\4\zT\{^g\g+1.U\\7M\IJM[~\3\=7R\ȱ\VT7봱\\2\\.ƿG\\\"m&ףh\6zӾIp%)i)Ǟ\6W(A\c\ g\ר\\ϩsd\hd,\\\I$\\cŃyh\\\2^\\\y|\\ύpWS\}\wY\[MR\[\\\v&m\fs\>4Ϧ9XY4ecI\'q\\{\X7ۮ\fw$M;}\@\0\0\0\0\0\0\0\0\0\0\0\0\0\0\0\0\0\0\0\0\0\0\0\0\0\0\0\0\0\0\0\0\0\0\0\0\0\0\0\0\0\0\0\0\0\0\0\0\0\0\0\0\0\0\0\0\0\0\0\0\0\0\0\0\0\0\0\0\0\0\0\0\0\0\0\0\0\0\0\0\0\0\0\0\0\0\0\0\0\0\0\0\0\0\0\0\0\0\0\0\0\0\0\0\0\0\0\0\0\0\0\0\0\0\0\0\0\0\0\0\0\0\0\0\0\0\0\0\0\0\0\0\0\0\0\nӶ.;\\jy\6	v\\x[-\\_FGm-ڦO=\Zp(}#㑙$\\XC]v\\Du%e\\\8ӎSv\0vkUS\}Dqh\ZnDd[\ZӫK&]\\\<[w,}\nzte,<(޸rK##ǖ\i\'\FO\ZqdK;Pʿ72^dX\V\֟Tm\ {E)mh\nPƳ\{K\>\\CU\rxA]\\]\\{\qOo\rG>\d{\0\\	\ʡ-\]/u\G[\A.lK*-:qX%$Ԕ\w\\0\0\0\0\0\0\0\0\0\0\0\0\0\0\0\0\0\0_\}hڷa\\ZS*B]n;yέ\(Oe\n\\<\/\B]g_\8Ν̏\]?\\\\Ԇ\Q,.&\r\\L{%\\0\\\"Rt6(~HUWM߇C]%G(y+\\\\\uZ\'\\o\ظ\N\0o\vAPmɂ>Ti\\^ӲP\ӱgT\m\0\u\0\\j9o\\]G\-ò+~{G\\\\\l}Fܮ.0\0\0\0\0) 	\\CAK*o\'\,\0s\6TL4D\-?\}iڗ\e\\\0\\0\0\0\0\0\0\0\0\0zFEsǾ]Eq#+/\2_j#+qk]\\\ƄefV*\+p\Rߛ$o\7ʶY\S}1\W4`F5c%\kY	&]S\\2kw\\Gϯ_WjN7\\\Tk\\6v=HfCȨ\F6Sn;aͅQZ#h\Z\<}ד*\:Sq`\0l\0\0\0\0\0\0HǇrXвMgdv[\r\\\|>j:l\ʧ~DS\MN\r;]Z|\W^\\{[/y\6lij9%==ǚV\\ģ\rb\TZ}^\ˡ\\\hf=黱1\|ef^u\ݼ\rnnjR\;i>͘i5|!5~\\\uW*X\\\\1,>u_}\'4GБ40\0\0\0\0\0\0\0\0\0\0\0\x-3!f\\w\孾c\\'-_{\3\fc-z\7%:\\rZe,Y,L\\o꒖=|m}V\<\F\\OO\\\6ZjR澢|;\q\\KOϭ䴷Ŀ6d:,唺2{n[2nkUmI$\ַ2\0./ѹi\U\c\\W¼\\|z?vI-R\\^5	_2K\'֣\L\\QxM]\a6\.<GWZP\"Ϲ\ZO6qT\M-\Fcsl\n끕UؚRM8kiM5Ѧj(KV\\_C\^xN3W\ގ`\\0\0\0\0\0\0\0\0\0\0\0\0\0\0\0\0\0\0\0\0\0\0\0\0\0\0\0\0\0\0\0\0\0\0\0\0\0\0\0\0\0\0\0\0\0\0\0\0\0\0\0\0\0\0\0\0\0\0\0\0\0\0\0\0\0\0\0\0\0\0\0\0\0\0\0\0\0\0\0\0\0\0\0\0\0\0\0\0\0\0\0\0\0\0\0\0\0\0\0\0\0\0\0\0\0\0\0\0\0\0\0\0\0\0\0\0\0\0\0\0\0\0\0\0@\n\\xrY\Jy\\^\I\\J-\rK\Z=xq>\0R\K.8ֻ3\\\\\\m>^\Z\\Y4e{N1WG\x.]R.s\q%\vZbp\\6֗HjIW\s]:\M\.q\\\ښ>\r\\\\d\\\D\x\\\\w\kqSxeVe&\)7\'\\R{IM\R\e\\(c%-\.\o i	\edN\\\\';/Nv[d\mɽܬnS{)6|\'ȶ\\\0\0\0\0\0\0p\0\0\0\0\0\0\0\0\0\0\0\0\0\0\0\0),\׵\\\ڜmK\!%E3dSU\\\-\ȩ\\Z5Ӌi\\\\7L\$n\O}j6\\\)\S\%ڢ\02E˜u@\0\0y\[`gF)_;Ƭ/\\\M~X\'\KW\\\UYo-\ݷ\6Sd@\Zͫ\ɮVn\\0\C\0\0\\hM\0/\g\s\Ϩr\F\\}*\;	z\ٝ\'`yXX\ǯʡ\\f\\~r\0\N\\Z\#7t\ߗ܏\Gɿ	x\8\\ZmI\0U\\9\\\\r\^)\&\\\Znr[\\G\^p\0\LUxW\a\/\\\\\_\"iI\\60\\ѴFnn6e{&\=\\ʟ\0d=\:|3q.2\^F<\M\\u85-\\馛D\x{ǿ1\u_|+acX\\(-.qp	ro*\\B\r!f)	kEg\cu\ؒVklk=Vf`\n\$\0\0ü\d\-KGT\ZndԼ\y\v\\\\\\h\_4ٺ6W5\\\i\*T͍q\1w\\_>\ھOK?\ <X˨\W\0\0\0\0yVKhW;\+SOWYJRj*+m#bƻ<IҴM\r4-7\R<)\8q\\\y+y\\bŴ\+B\\m\C^B؜Kv$\\MN\9\\0d}w\\\]i7\xZԗ*rͷ3E\\=ͿOS\rQ}Ɯ.f:{e\)\&Sl#\kkȔ{\gB\C\nsinx\z\0TN9&A\'jƸ\HN\rq\\i\\\\\\\RtrE>\Ց	}\'٧\6V-\j\kYZ7\J\\2K\J[Ŋ-aZ\r\#*hȾc_@Jj\Z}v躥\[\:nܱΜ\\jrml\\!v\k\'K;\Z;Mo7h\r1JmujXdܱP\vj\Fi=\\}\\Cd]K\rXlp1\UwƋ\Q}%5(ii\9Wf\0\0\0\0\0\0\0\0\0RQO\Oї|Qî0̔끕͑*.Jx\_y!\w	4@\R*\ViInxy̔\ʛ.\_;\0G\\OU\lR\;N\\ya*\2+g$;vY]\U4	\Jp_(ѭt\9\|;=\\C˚\+w\\w\JIU\'\t\\'3\[^\%\\SŮQ5GIl׫\OSx\:&Zѳ\\VJ\;M\o{eD\\w-\QλfmvB6\(\TҔ\'	)\q}T(i\}{5[<jŧ\Op\Zϸ(T\2\0\0\0\0\0\0\0\0\0\0\0\0\0\0\0\0\0\0\0\0\0\0\0\0\0\0\0\0\0\0\0\0\0\0\0\0\0\0\0\0\0\0\0\0\0\0\0\0\0\0\0\0\0\0\0\0\0\0\0\0\0\0\0\0\0\0\0\0\0\0\0\0\0\0\0\0\0\0\0\0\0\0\0\0\0\0\0\0\0\0\0\0\0\0\0\0\0\0\0\0\0\0\0\0\0\0\0\0\0\0\0\0\0\0\0\0\0\\r+HƖ~N,\s\\?Jɿ`\\⹟\\\\^/91.[\Ϗӯ-{ѕ\\NjiĐX+Z\\dKoB5\ׅ%|Q =w\\\\\UMՍ\dm\\ܒM\\\0\Uf&揙]nt\2w\}cB\\\\T\\z\\fM\~M\\w\tۚ\lron\OCCƟ-\%\Wο\}!9\yYɹJmNrrܧd\')6۔m\e\0,Kw\\0\0\0\0\0\0\0nzɤm=w;\qF\-6\bI\'\&挫.\\oә\T56\\nS*̟+a$׶\0g\u\O<%VwM>f\\̫ee]6y/Uc\m}o\*:f4w(yS\4,\Rٽ\缾-F\|<U\\hf\\;$\ƺ\œ_Թӎ9BE\\e\.j\\2i\eF\M8v\j\\\\kë\Z\\Ր\\\O;>ɒLPVӖ\jr^v\}_Wf8F2\\I\Z!L\\\\Trܧl}=̅k\]!At\\0t*5UXFrMu\\ȫև\'7\\0 \0\0\0\0\0\0\0\0\0\0\0G\\\\\8usO#7KPνd.\\\*X\Z\\|\\\\\rf\:O\0eo\q~\6WUz\09g\0\0\\r\T\q\2\Q\~i:gʶ屮-\2\/͕\Okfi\q_,\5˙\e\am\e\|e\\\R?%dJ:r+\\0\0>9n\\RtK\z.\t?S\1UږV\?32\嫋ُaI-\\la\z.J8z\0\0~1ڪZv\jIA\FW\\PCY떕\gC\d/\	?9lwQA \dW[\:Lk\YxuK\\\_>=s\\v\\r\zP~ťS(F\\<ܨ\\\)VEn\\ߗ̇4~af喬[Zr\\F\\099q\0\0=\\Zޞ\W\xX\0n\\\Zw\/k\M{+\-W2qƵ\\\0ލ*_;\N_wl\OIq-\0\0\0\0pOgrbIR][odl/n\:v\V/PȆ&>\t\v+\'\ܫmcVש \Hh6GɉMS}=\TM\$۱\|}Ozr[m~^\lo\Hч\'\\0\r0\0\0\0\0@\S\\pp\\l\\֣_M\\r&qql`_nß+᳒\\ӛU\Be.n7&\[\ٽ\Xy/\\W>&Z\s\'pv~fv&u_\Q|9,K}\+O\\\\ɝ9\'o}\N#\x:\nRI>U{C/\no\f\\\Rk$\!WvS\f\E\s\ͮ\\Oh9M\u\\i\\'<\Z/?JB\\~N\>Kz\UTh\1i@\\0\0\0\0\0\0\0\0\0\z\$\\0\\M\IfG5\3\ܜ*\^\dP\\\sVr\kBu)Ƥ\\&O42S*n\\\W\\\&~\>-T_e\߯tk뷘\3ߪ꟣?ֶQO\Oљ\r\˿/\.56,\&;/\b eKekyoQh\\/Dq9CI_N\s\;\p\F5Qwj\Nʔ!N\'ɓZ~\\у\+ J}ZS-J?l7)+\\E@\\0\0\0\0\0\0\0\0\0\0\0\0\0\0\0\0\0\0\0\0\0\0\0\0\0\0\0\0\0\0\0\0\0\0\0\0\0\0\0\0\0\0\0\0\0\0\0\0\0\0\0\0\0\0\0\0\0\0\0\0\0\0\0\0\0\0\0\0\0\0\0\0\0\0\0\0\0\0\0\0\0\0\0\0\0\0\0\0\0\0\0\0\0\0\0\0\0\0\0\0\0\0\0\0\0\0\0\07,yn<?\5dY\Z5Zn4gѕ\\j\\~F6=ҥ:Pob\x#̤\/2\+la\\\9(\Kw)I\\{$`_y\r;	\\R\[\y\6\im\\Q\\ٳO\BUԽ<\=\g|~!\yyYGKRRMƔtӌ&T\\iؔ\"q-s0شct\!e\++F4}G\+\rWXʖ\[Qܢ//r\0٭-d\\\\E]rY%)9;\,\0G\0\0\0\0\0\0\0\0(78\1ʵ\nŪWW>T~\0:\>ys+Ri^mt\^{j\Ǜ+\(m\]N6\5M\d\"\\؏;TӰjvsqȊ[6\nN;\qݥ\\\Z\ZU\Yvw\]R8\3\\0\n0\0\0\\\+N\:׽tz.T\\MpK\f\0Sa\5X\5\r\Z{mm1o,_-Q{J\"\,\r\\\gUn6BQ{8\N-5ihFM\\+\\\긭\:wMO~\0\0\0\0\0\0\0\0\0\0\0\0\\j[,?\\ƾ\\\"_\eG0\"\׏Jٶ4N\no\7R{	\n\0\\+u\TyafbɏMM]9\]+w\\\'o\\ZtEy]9r\y%ދ.oDx?SV\\\E23H\W\h\PЊ\0\0\\\r\\Zk\\Zd\^e6K\0f\r\\ohOn\0MX\0Z%Jr\>ȶg\EqD\0<]\0\0aW/t\r{4\\\F\Z2rmR,Iǖi[\ٳ\\'gC5}\㚻\\u)qLk|,8zW\\ϗqQ\\\=:?\\\\َ\3\\0i\/wwY]@g\u٬jӏ\ٍ\+r\'\\suu\\\\(6\δ\+/Oǆ6\r宪\EYJM\)\oyJrnRmz@Eڭ\Wr,.ś\\|MT!K\0<\\0\0w^4N\\-iSvD,ZOg/3J;75\W\=\NV͹\)=\;&ܧ)?\m[%\w\\I^ݹN-}\CxO\v\|\Bt\rgp*\:#z\m\\'Q9(-\0-(\0\0\\W\n)ӫyd+>W\2-S4\jLy%\Շqom]\\p\}cfEVܩ\\7SD^\٧%ZXa\+\QbUnX\"\09Yn\0\0\[\xt\\\\ɵ*o\\q\N\M\J\q\\1+2|\0\V\\A\F^\0\\##f\{GU(I?BgD\ch(\_\FM\g\\ɼXg3S\'H\{.i\mdUYͻ\wRٳ/+Sd\ٔl>=$9[q\\̖\a\<G|3p2/ǲT\NPi\/e\'\	.2]-SƔ\\/e\D\\ma5lR:;xݙF\>Z\Zu8ToO\Ԓ\\PXJ\u\$Xڬ,\ԨƷ\\\NR\Z։Pf\\Niy\Z>RKs\\ʥ<,\_^\07\A\/r\\9BJQw5|O&f\\WxY\Zn]n\KǾ4er\n;\\\\Ӯ{m:\	.GTg/gf\\kx\ZiEj\ݶ\\\\J9tɩ9>A/0h\VJ\\ZR\N\ޙLR\8t\0k\0\0\0\0\0\0\0\0\0\0\06}SROiBK\QkdU$\_5kzRX6*1W)\[籪?mt\wl\{\P5jV\Ս\t<\WYF\;\#\D\qvVU=9\\v<U\\S?_vq]S3ܚ\7j:fT5-;*\<\ӌo.W4\')B\\nc86\t.\*XYr\Uէ\\rF\"_|$\\\\';j\9V\T\\RGǎ\\)bXT\X2A\̮\F\\\8Bp\'RڔZ\m3\V	0\0\0\0\0\0\0\0\0\0\0\0\0\0\0\0\0\0\0\0\0\0\0\0\0\0\0\0\0\0\0\0\0\0\0\0\0\0\0\0\0\0\0\0\0\0\0\0\0\0\0\0\0\0\0\0\0\0\0\0\0\0\0\0\0\0\0\0\0\0\0\0\0\0\0\0\0\0\0\0\0\0\0\0\0\0\0\0\0\0\0\0\0\0\0\0\0\0\0\0\0\0\0PK\e\ٝV.1\릫딚\	n\G~\c,U~\\x\/+̹)hu\\'[4,%j#{y\q&J\\9\[oᇄ{\\\WM\\m\\\ir!k+\\\д[!G\\Y\\S2\r\X}c-N赙~\fhWG\m\ֿul\\;g)N\%+,rs\$;\'&\9\MNM\M\8\0fRGV{\_[+U\\\0l\\0\0\0\0\0\n6~ܭ&\Ȳ\\V<k\\ˍRlN*7FJ1rQrIRo\0\0\0\0,^]VY-\Ҳ\\,<\eKv\+ȃI%\n\\\\'L\\s\OaBr\\\\\n\\N楉\'\g\Q[߾q:V\\٤k\]1\\0\$,55*\Q7S\\0\0\"ݒ-+2\\\yqu8\Rd2\ᔢ\0_l\\W?Z\"^-ߤ\8۲m<\]v\]^=Ϥ {\\\ZRyO\}/W.h\ir\"`\0t\0\0\0\0\0\0\0\0\0\0\0\wk\aq\\PE\Z.5\]6[s\c\\\ڔW<Z\\(\i\Zi4\r\'8i4er_\\\r1\ʏH_MWGꍰ\H\6\\\0>\0FO\$N)|xv\mYsK\/\'xp\\Lŷ-V\\\\Uv+K\\jdI=K]7\\5-q֥%\\\nh\0\0ӝc5yW?a\_ڌv2\\\\rOo4\|x\0\Z6\j\\?ؗ|Z6\\\\|ؓ@\n9)r\0\0\0\0\0\0\0\0\0\0g4mV\Dm9߷\޴\ӭ\sq\ǌ:V\E)\[u\B;\E\\1\Z$gdumYo\b[E2ۣ\\\\+eO6\Q\\;v\85\z\e8QL6M\\Q^\I\6\\i9=\ãEKCSa\\\\u\u\\ZJ匷zγ\G\'ZΚ^Tbߕ\\W-X6\UQ\\I\o\y.Ue\'&\`\0z<\0\\"\X\_$\۲&\.\:[O\I\.{\-NRSn_;T~(\f\q\MK!М_IC}Nv\O5\p_\'ׄ{.j,z2\s߇`\0\h\0\0<\0\Zv^{J<k,ݨZ\\\ۗw\vk\\]vvD&l=J\^ˢN\˧\\\װZErK\'X\Z\\K+Ϛ-1\ݽ=I8/\\գ*ỗDo^v\Q^\u/j~\0-D(\Zk`\wni\Z\\i\ٻ\n\ZS{-ܤ\՚$\u\V]6]p\mF\1NR\\c\i%\\k\0\F,,|yu\߅qS\R\?*8\S[o\+I\\\\0\n1>\0\0\\rA\NCKaT\F\\I\'n7/\\QZ.\\XRӃ4I\\\"\ZH\\2z@\0\"\0\0\0\\0\\\n\\\nͳT˟\\ؾƖ\y5yz\\Ⱥ\޹x`\ο÷}WT\oj2\,\SzI9\T\v.[h՜\KZ-3Un6\e5-\0\5\0\0\0\0\0\0\0/vA\T\\9ZK5nD\MK\Zĥ,Yɷ&\	\)n\m\"\\{\8l+|\E;/\x\G}}Һ(=t\\:fuדEQT꾙ʫ\\rN\[V脷hVxߔ\r$\\\\XdjVM\^\Ga^\\v~ۨvWW\ߚ\RH4R\\h*u\\\\/eԓsUZ۞\\R\n\0\r#0\0\0\0\0\0\0\0\0\0\0\0\0\0\0\0\0\0\0\0\0\0\0\0\0\0\0\0\0\0\0\0\0\0\0\0\0\0\0\0\0\0\0\0\0\0\0\0\0\0\0\0\0\0\0\0\0\0\0\0\0\0\0\0\0\0\0\0\0\0\0\0\0\0\0\0\0\0\0\0\0\0\0\0\0\0\0\0\0\0\0\0\0\0\0r\\S\7o>]\\\\8\طԜTЎ\02S*P<\J*.q.%\e]^>-0s\\Z\\\)ɤ}\|Q2_\rcaYY\U5Y9Y>r\x\Wv\\\٪p*6D\\\̞\"y\Er!W4\{\\Z^N\\\?\\+ ߋO-nSm\s\&\;\'\'9=\)Irm\0\0\0\0\04\6\\5[~M(w\|yk+\'-\A&\\\쓱g]\b\*d\Ys)\\󚌹!>Vlwnʿ\\\K^6>\_r&ώ\9p-1K\真h(QiƧUpOd{%\\'\RݽRmӔ\x|yo+\u\\\&l9\\Z-\L:\\\{\9\\յ\*\\4\6\\RyV)umP\\TZs\\ݢ#\\F$UwWѫ\"ɔv\o	m\"\@)WUZRnQw˂KO~\\\F\n:`k](I7FP[$\:\(de\4\(\É1k\\i\9\\hc\Q\\\ϯ)^e6\\X\[DmV9=\\V;JzN\_W@\0F\0\0\n;&\\\lZsqs\\($E@>s\c\+\t};Y\\1jim\Z╰i6K}\\\\jV\j|7k\f\\>kU&g3ry[tP$8\\?\Ξ\\x\˵\Z\04L=-:ܗn<\\\>dT\,\\N\5\k\".X\ُ|\\,V\u\ݲ]:3o\y\O\\&t\"\\\\"\l*\'{6\[\ \\jʽ(\_	\'׵u;\JO\\p\0&\0\0\0\0\0\0\0\0\0\0q	M?wF\fpƇ6\qꔡZ_b\i\\\*)\r3;\Z{/\\\\J\|2\\v\|z\)v^\\/ \04̠\on\ZWkQk#9q-?ïչ\'\oJ\p\w\\TꜧL\3\\\ՄJ/x-\Z\\6\\\b\\H5s\0\?9=)\S\0\\B_\0\\?\t^{}2l\\"T|.\izM\nI_*\\p\0\0\S\4$մX\\_Ut\\Ull\r\z\"T+x,^tg\UT\\0h*ZJTM_}\겧N\\V㨵\2\WN\r\0\\x4V\\4~|ꌤ\Z2\,\ǽy U^c?\\?D\\̘}31\Z\\Z&\fd\\0\\kh\\\\\3z\(\Qܙ}N3\\\qӴ\\MMOU\˥\0v*q_T\6=6il\\ۣ\ރni\)\\{\0\\Vx9?1H.ltE@7\rP\0\0\0\0\0;\勗\7\%~>](Qqee:v.\\\vM\_FX.\p}\{+Z.\\r%m8G&߾\I\w7W\r\\h\\BWrP\Gr\0<\\0\0ö\|;\0\Zr%JiN\r1\\\\\V\(\\nn1\Iܩ=\CKz\+4}a|1\Zz*\ޑJ\iX	>Y\\\\\\kޗU\\n)\\+\5\?~>\m=%\-ݘ9\C\QT\\h]\\&n\rOz\\\fT\0ݓ\~JQX\-\j\4h=J/w03W|\n\oԪ[\\Ҝ\\\{\}Ko:V\\#O\yy抂iT\^\-\{_đN4\r\0T\\n2\/.\VNJ5\.sфb\DM@S\\pW\tȴ\M/em*;\Zk\f/kR\uG[{4e\Ue.U\[(\vOoa\Y\M\=.>\m)U\07@\0\0\'wk8ZL\NlJk}\$$...3ʖ\\JK.ɭ\#YK,I9?D\\\\w-gQ\\ϓ[Nu|O.,\'%\ﳺ[Eͥ-\\y\>Ի\$l49Y\Y\ąpPpa\%F)(\)tJ)$H|CØtىMY\\\nlȿ$\]\^Ｖ\\?%fw\r\\Z$-/%\\)z\0\\R|<!e~G\\ZpV\\N\1\ί\<\ݥ8\\l[>[k\-\{3c\ئc<-Sv|K\GkiD^\?\\bӕ)xx\K\u\D]{*c\Z8;\xZ\Zj3Dzw\F\Z[t\U\xF6[*\\XCmr	\'!)Bpps\P$8ii{=:Ԥ\f;/+\hNK\\06p\0\0\0\0\\\^\{9qd˚\2\8ov\4-m\\N}e\\\XbJb\Q&\\\[\J֋N\\t&\ɮ1y86\3	\u\\|\rMF\9W-O.NnEYY\\\.zon+\(K\U\J#\\2MT;a\N+^p57\\ns0u	>Koe*\ZpT=!gFovֺ1[V\\fF,%\\\7*V	@\0\0\0\0\0\0\0\0\0\0\0\0\0\0\0\0\0\0\0\0\0\0\0\0\0\0\0\0\0\0\0\0\0\0\0\0\0\0\0\0\0\0\0\0\0\0\0\0\0\0\0\0\0\0\0\0\0\0\0\0\0\0\0\0\0\0\0\0\0\0\0\0\0\0\0\0\0\0\0\0\0\0\0\0\0\0\0\0\0\0P\xq0\7*\(뮚&H>$hrFjUݖԪ\Ԣ5g\\f\\[$\lv\Z]\O%\{ǫ^xQW˩\ēHvi:\'.h]\υ?M.Ӑ\0[\i\qI\Sv~fEY\\\7\}#B(\\\vc:E%[%^ѬV\nVH\\O7\\\]\hN\\0	L\0\0\0\0\0\0\j\J\"\\\\^T\Υ\*h=q4\4a7v&>\|;\tZn*Ycvm\[˿[n\M-\~]jPI$KI\\Ǻ{9X\}\njnJuX\7	i\\M|{v\z6._,n|\c.oḓ%}Ot۵865s\I\nd7\f\\Y_}\q,\Z5\\.\0\0\{f\\\\2\\U8sm\\{\\\F\\\\+fMst\ܭ\'6\n\;7\/x9$\\NU\	F\\IN;Kcb<|V{K#/ĂwaC\\\\]\9*_\nqiUsylh;o%Sg	l\t\\L\Hk,\\\E\\0\ET\0\0\0\0\kţq>9r\eY;%\Ƽ\W7\$nOu;֧d֣\"h\?4\ٺ6\ں\3Wm;Ƃ\\\\ܹ5}\\".[Gv\\R|!\\Ym_=7b,z2pݏS\\\0\h\0\00\Ko\\\\\|\Z\0h\d\\Q2\b!\\+m\\\rx\\\oFM6Qb\0b\8Km)=\ױNd-Ż\m)\7_<ynkބ\?h֥*O\\DI_\{Iҹ?A\\0Y\0\0\0\0\0\0\0\0\0\0\0w\\\2.5h\\̋\\<\-ko}/\\"g\c^\9l\\\6F\\\o\0k\%\zj\Z\\LX}\0f\(\P?p\\\\Sn8Y٘o\\&\#\\\ￏ^.\\\\*t\9Ko\\\İbSJ/&Rk\V\0c\0$3\|\~\0\bi\0[vld3\\~%ouƂ\Ejr\n\?\C\\\~\ $\\\$\0r\\0\05\\\-ٯk?\ֵW=RI\r\q3sץٗ/[m\"\\\>]^J5\\\R\0.\p\0\0\0\0\0\0\0\0\0\0\0\\g\2ָK\ƪ坔R\\qtmɪkג\m\T\e\6ErJT鸭Rw\\n(]~F!g\w\\e\_QcU\'ǰ\0\0\01pdpv\\rjw[T5y\reej\\nm̴\Ϋjri^\M\˒x\nx\:FUoc\\npog\\\\\X3\\0\0\0\0\0\00\\\\0xN8\ia\-ֽ\ڢz;ge}{\wҸcYRFk2J\b\"n5E8\/\Dv\VgdjvvL\q6(>\!{o)9JS\G:\UH?j\\8\'\8\mQ\\\\\\)\0U@\0\0\"\ǭݕmtQTv\\dUq\d\$m%\\I}Jr2\k\y0\\iU|ԣy9\5/t\%W#ȲڍM)L\k;Ú6&W,>fU\m\Yv\+\{sbaElJ\I\=\Y\sV\\\\[%z@\06SżSeY\Z1iJ5\\\\\\\0R\/\0vœ\ٚ\U\&z%\Zzd\\\Bɾ\m\\oxf\qV(\0\UR\\U\\\'\Z\0AX:|\\#\0ǡ-\wH\/|٘\0\0\0\0\0\0\0\0RQO꟪~\0\N\>\":ҵ5fB\\\YU~\m7Dz}\rSw\-Q-Ǻ~VVV\\ڤOn}%	%(#\\\\w\-p\[\ӬN\\}\n\\'\\\lSj7\ߊm55Эi\Zԥ\\6K\\\&l+~\ew\x\ßTb-9K\06$\/\ߊ\z\nJr\'	\?o,Qb\0\z\0\0\0\0\0\0\0\0\0\0\0\0\0\0\0\0\0\0\0\0\0\0\0\0\0\0\0\0\0\0\0\0\0\0\0\0\0\0\0\0\0\0\0\0\0\0\0\0\0\0\0\0\0\0\0\0\0\0\0\0\0\0\0\0\0\0\0\0\0\0\0\0\0\0\0\0\0\0\0\0\0\0\\0[\\{z\{\nZzySLvNmo\cպvO\H\4\⺖|\+g^t\e/\"IK\ǋ\\\4q!\\umw6z%\%\ﺧ䫭>o)I\tL\><Xo\.r\{\U4U\n{\kilm2eeI\\\\Z\\[lqi\WsM\ǀt:TJ*W%^\\T*ZN\0S\0\0\0\0\0\0\0\0\02ótk\l\\5wV=\Q&CF-\*-g\\\jmb\\&_M?5\эzr<>Fj5])-ʈ\\\\&{\:R+|\\Z\\_?60,\\\\\\\ʅGNy\\\}\rb&%\0\V\i1l\Jk\6W8\-|G\\0ދ\5\hr/7Il\òRԟ65\(m1EZbjB\0\\r\\\}gKVd\rϓ[7\v#8$\\W[깣(R\Ғi53\\o\\];ZǦ[hrSd^\0#\0\0IWj\ոn\{Z\"m\\\̮;\nU*\QWm\}eR\wM\\麬\ɊXٍ˖+)\h\\2\6\u\\,pY\z\Xۮ\7luy:pP\\0\0~Y\aq\ZT\r\mN{ҕV\|\/_\a\\>&e\6GPepNP[&\><\\}\\\LhG#iyK\}yvJ\\jZ\\]D.\\nh=f}k\\ZN\\z\ٓc=rk\Rk\3̤\K6\K\{%7tU\8\Ė\m\YxDk7[\X5n\í\d\;\U56ʿ,35;\"\z7,\\ᕕj\rf\\\IX\\ZjEV7f[ܲ\\bJ.wx쏻\=/M\\\og(1\\\o-s\{F6q\\3{.~ʟ-֭\Z!r\\jV]]Wd\\y_q\'̟6\\'I$Il\^/G\"h\\\aN\/Z(\C?\Ds+4CHǕXN˰\\\\'u7b\d\s{>LrStB+KI\Y\:\S\RN\q\f>뛗&P\\n\Gn ynX-U\7|oӽ\j\H\4T&~ts\0$ɟ\r\'x\a\m\7\=#\\\tk\\gsFW\_\fD)\e/i\Z\ԟH\\_J\\ψ\0BX\0\0!œ%/\0,\){mǺ\\\\:F=\#\\[\\\>㎥dR\\b\dpKEOZ\MkMyR\\ύϸ\0	b<\\%\95XU)\ǒ\"\0|ͱ]\\?d1p\UHӎ\$ަg \0\Š\0\0>\sle/ԛ5\\0#\\\\\\+Oϻ\^T\0ܢr\0>p\n\_ҏpr+\\0\0\0\0\0\0\0\0\0\0\\TSIԷ\'ߺGeqwK\\\\cF܎o\?2\o\!gdvK\\|W\\\qmoc\\ev4>\/\*\+\0W,:2\\\{t\0p\0\0:\$\\\ǿ6\\F=6]cB9\\/5\\0\\r\\\';\"\V\J<\\\-U\"I$\U͸1k\u{\R\tT\uӲHh/Pէ*\;Ds\n\\+N*\ÚV\/\_u\$\my\qm&\\OefV]\\xW,m^ʇ\5Qz.z%ok5*\\R\ϩ溙N\R5];-c\l\Z*2ʛ}\r\|EMF>W\жk\ir\\zTu\\nWS%%=קY\Z_ړ\'98p\.l%\r\'%\W`l5\8;u\ʿ7j g\~l]vꚝek\\+\k\4_*+OY͕!w5qj6n~~&$mﮧj23\\L\.\Y4\8{\\m(\*p)}RuTһ-\0CKM[=\Q[^i\i$\0Y7\7}F\Ú\mwIWIɫ\z?\R\r\\2\N\ъ5\\\T7|(\\\)?<eTU\\\H\\0\\0\0	\\\Ȼ͋sG3!C/&;Q?\%sB\<O#\7[Ա4L5#.\O3\.dؗ:a\sK4l\\bix8V$11)G\\\-e7--.F<\\\;~v]\Z\֎\Ky,OF\09c\0\0\;w\A\s5ƩW\&{Q\lqgdAxwZƱKN\\?9\[\#Rp~ʕiN\\\\e\'n\YC\d/[î\'\\a\0qf^~VFc7.\\}z\\G}ڮj뇤+\"EPTI%r)\\0\\0\0\0\0\0\0\0\0\0\0\0;~\\?&C\"\\\\%\U˖p\N3%\\\(Mtqd1\n\\\r#Sx<@\r=\\|\ܚ\xm\$\;W2:g?5O\5kdmJ\RYZ\x{T1[QR3\\\˴k\\\\Fn\\e\i\d䶫$ZM4\ROi5\4sk]zC\\\\\\Jj\Z,\\04\0\0\0\0\0\0\0\0\0\0\0\0\0\0\0\0\0\0\0\0\0\0\0\0\0\0\0\0\0\0\0\0\0\0\0\0\0\0\0\0\0\0\0\0\0\0\0\0\0\0\0\0\0\0\0\0\0\0\0\0\0\0\0\0\0\0\0\0\0\0\0\0\0\0\0\0\0\0\ch<\6\\䚶n\\\\:kݕ\o\dӆ2q\;\\\\p\w\ww\JS3UJPĖ	\e\\\~JZJ*\9yq\m\m\m\Mܤ\\Rm\\m\\E\m{\\\rܳ{p\Z\\%<^׻V^E\\WY7e\.{nɿ[F1IFJ1QR]x\+Eq\\\0\0\0\v]\v\Si\;nݨ\\]5\{5U\\\R\\{\Z\ru\\\\'\S\\n͊rqǮ<cϫ\\\ͱ}<\Z\.\\W\rub\F 9\c\	Λ!:sڭk\\\,$i j4ӹ\0>\0\0\0\0u{\Z>\\h\Nn<\\ı21Mk\[W3I\<\S\\\ՕD\n=\\ڬ\6W8FIiܒ\I\NWSo\\{q 4\\M\\g\'\\\\0Y8NyVm%9\\^V1\\\c\\{9>IQ\"`X@\0/wmZC\Z]\'Wv\Rv2-K+lbβ+Sn\-gy~±G\Ѯ\6Yf-\nr\\TZ벗$%8Ԛr2\\Z\OF\[M[MZ;vt\0\z&N-a\\*s1\7\=8\m\ٮM\Ki&\M#\'~(ӹ6֚q~4\0J\\\0\'k_voL\%%,бr~_[Ѷ\t\\\]yz\?\BG\ZnU/m\\\켮Ir%g=pY_z\+)MH\0\dW\꾫q7W:,\\Zw}rc7q02g%D\\\-nx_KV\f\4d\e\\Mn\|Q\IGYE0}߬]w\\\u\Z\\d3\\\{%[G\"\WOגJ	E\{\;VOu\\\dt}$\x\i<KZ\\Z~ѩJ9\rI>d\Dcj_D\R[s95X85\\\\#]P\\\"%\~zI9>/ͱub\0\0\0{\"\ږ#ˉo\\*\+%I*\kU\Ҟ:_&_VK,\\ur\\'k2\5_\\\FNO*/x=\:\\\TSZyǮ\0u-zOzČ\0\ʑ\\\\\?\Ѳ/\nkk\'1-F=7V\6Ƹ\o\	\\\.<SC\\ɦ\xY;lQS>\\sKgJPn\9.ԟ\.\\\\\\C\\3	\kl\'\+&$\-\I\\)<̫\\̜\n\0ز\U/\y?YQcSNOHG6tqO~vX:]޻\\0~M*+\rSpKe\/|Ig2\\\m\\sG\\\o1\߆\\]\\\o֕~f&Ep\Te\1m\F[\{\ݾ$B\N\[bOL\21\XSs\)JٮK#.YE\_a˾TP\\]}\;-\mhU7\0,h;;\5ע\i\#*݋쒪~}ҜU\4\x\/u\ۭ`մ٩\aQ^6W&\\n\y/\ZG\f>\0Ī\\0ȼ)\\̸KM\\D1\ZZ\\צ,\ZN\&N\)\5U^\0\\kÿ\\\S\\r5K\"0\0\z\K~\2-)-]ٓ\\yE\=W\\0ʩ\rcn\od{O\r_k\QȔh\Ԕd\\\%J\ju\]p\0\0\0\0\0\0\0\0\0\0\0\m\'\'\ou\0\\ܭ\8qN:f46\\r\\hO)\$\N%\ǲ5i\d\l\#-zIYʓ[\$l{NSmsY_r菊n\\t\x\0\Zl^zmʶ\\\\\\_ͅqsMDwi\\}*RI\q\5\]\ůŒ}\£\\<U\\\o\~~MR775u)l5S\0]Нv\C\n^JW\\0i\T\0l\\0\0\0\0\0\0\0\0\0\0\0\0\\\\\&֨\\lFžîqS.-8ْڢ\rNkwcR4\\7rJ2S\IEm3\·{\Ta.\|dڱ?e\c_\ntnh\cჇ]pU\B\B[FQb\n)$\sZUYm\nY%Իs.qQ[\0\0\23I\In\\^@x\pމv]r\Ll]:\\\"q{\\ƼholߧH\\qN\nonRmJOS{\Ro\'r}[m	ߏ$\\ȦM\8*x]\l9)m\l\./uWS黌q\\&\\j>7:X\к{eR\_\%\\0l\0\0\0\0\0};wO\\\	OI\pzlc2\\\\yWE>]L~(\rB\Uj\\K7\ܳl\N%\\5ٟv\"\0s}?w\\\\nȚ\:!yU~\EW4*\ؚROt+\\\8\'NģM¦X\ƺj\0ɾ\\M\fw\\\\rW\9\`F*\ϣiY)&27rÚU.JV[ew\T\mt/-fLw\(\U\28N.pn3\$	\I\QN-4\h\Z\6\0\0\0\0\0ј\@\\?7/y\n曞N\\ow=qO\\\4v\rkE\Z\\\0^kJ\\<9ĘUuy\6SuSVUur[\P[M4vD\ZwGW,4;\\*~n[ƻmʧ\]\.iVN\t\cSNȆF\xN>U\\WlI\4ѣ[uK$\/C\=5\= $\\0\0\0\0\0\0\0\0\0\0\0\0\0\0\0\0\0\0\0\0\0\0\0\0\0\0\0\0\0\0\0\0\0\0\0\0\0\0\0\0\0\0\0\0\0\0\0\0\0\0\0\0\0\0\0\0\0\0\0\0\0\0\0\0\0\0\0\0\0\0\0\0\0?:;k\sj0[\R\(mH\usQSmbݶ\D\\\"Ͽ7|\\t\W\&IQ%-\rnv)8Ñ\'9yn}\0,\ݺ9U&ᓓ\f\N$\\\\^ѳ	KΊ\\V\0\\\\w-q@\-\[\"]\/DPy\0\0\0\0\0\0vq|46;\\\i\guI\Fy\.]%(}\\O\WR2\NTiMMGg;,嗗Jeg$訹)\\\x\42\ɚ\ܖ\\\旯,Ю>\RD\qH\Q\q~<K%\z\\>s\\\{I\|%f]7:qQ\β)W\T\\\Ҥ\Z{u{xPs%RNsw,񊊹`\"\\0\_\\%\0uk	(\Yݎ9r\IY\\oθ\Zn-8\-\Qq%(eqi4\OfH\#-C\\҄%=C\n\F)5O+Ie\%(rK\b\\BU2ա\+?\\\\sٓr\xgo\Wv&\>\Z\0\0\0\0\0w|\r\ٺfn.5^vѾ=\y\pM9Wd;\9-\ٮ\ZM\\O\'z\\rv\'\\\kX\9U)8n,{Wuko~{^\$Ax_ZV>ʱGM\\'%ɨ\SIW^ۯej=\^eT%\_79^-g\\\YU\\*\0#\rP\0\\\i\Jדo&.\\\\<I+xK\Eq\lqƼbd\upV\0\Z\"\/O\\d\0v\\\nehymN\i/.\\c\wFLbܜ|دz\\34\T\4\\\ˌˡ\\\\6}W\G\'N\\0A\n\0\0j\;\\\Xy*;\<K>\[S)YN\\\썃2JqjQROu$\\Mu\־pM4FN/\k\v8c\ϛ/	=;\'r1Tc	I$]:QۤgR\\r²\⾇{Q`ѕpp}+\dx\0\0\0\0\0\0\0\0P=v\\4y=G\һ->\ZSvIm\SwE6,O\*Ggk>/5\Ӣifm̽:ǅFGՏYl^R^+\MKuw\\=gJ\lItx\~U8\9\/htܒK\u{\Y\iAq\\\%hUR\\k\gG\n艭GSƪ\\˶\c\\kkuӕ>\\&8Z\n\,,R\ζ5[嶌Jn\-F\N\\$:F\DcRK\Iq̳Yt%\n-JM\KIoI?;kWH\xE\\@\0\0\\nq7\\68´$\ \0\0\0\0\0\0\0\0\0\0\0\0\0\0\0\0\0\0\0\0\0\0\0\0\0\0\0S[?FT\0f\f^,|Sz.ZIssKN\{ovU]\R\6)m\+~\_\\C&봌\P;ߗ*YC[<IDC0 \\k-\\Tu^\݌{$\\\n\\^\M\"\ʭ_}9K\\l\moo\\Mp;u\r:\j\pr7Mىt\>W̕F6\XZ\8\ykُa%^uXI%\e4ݻ\r}?\\.\vc))~+R.wL9^%\\|!-uK!UڥfD_G\Z3\̓\;%K\\Z6Sۚ9qVb\\2j\ѢRb\\\N&i\xwב;\6\e\\8^5I\s}m\Z\\rUZ\\Z\qK\w<\\V94\r\3״EQrb\\0\0T@\0\0\0\0\0\0\0\0\0\0\0\0\0\e\'\'\\\D\x~h\0\4lȆ\Χ\\f1Q~ω麎<\'&\\0Me\\<ܪ?8;sZ}+GudX\\̓o\j\"\9iߥJg\V\g?<W>ŋGPrn]@0\0\0&\\^GDŖڦjrRjXJ97t_N\8\ַY\=\\\2˾)\ll,klX\N묓\5\\\\\\'%\dv\0\^W\\z\\\ϒ=/bV\ǡ\cv\ƶ\\Xt5%\\\[\\#\J,\qKe\/OG*@\0\0\0\0\0=\bj|AU\Rȳ߲\\\aКSj\%\NMEz\\\K7[;\=\uN\'\\U\132pvU\&\()G̶{IUO<<\{\Q\';>ɴ\#OUDv^˦\Ke\m7\I$N\]\\ӫҰc\O\'&QJ}\o\\apQzD6\zJV\\G\-w\leF<^l\03x\.=\\\r1׋\\qQ\\ \\{[: \U\/u\ӄ\msC\ź\<.\\[M\0Zkx\-I6\\\p8D\4Cj27Uk\F;9׾]\&\挬\N\\ԫ;ᒖ\\q\[0ؕ_\Z8K\\L{\eݦg\<l\yr\TV\0Fp\\\"\d\\i\)\\Ģ\\y\0\0\g\Cpdp\Ud\t\F59M^-e\Jq	\\?o6+4dRT\̈́\\H\ju\ʥm[,;vNT\Vu\\5\6\˰^\5nώXP\Ǳ\ٵ\nS\ʾ)ۮ\\\&\\Jq\wt\.u\X\\NI\i5ԽS\NR\+?ƒђh\\\^YmQIfE\\0F\0\0\0\0\0\0\0\0\0\0\0\0\0\0\0\0\0\0\0\0\0\0\0\0\0\0\0\0\0\0\0\0\0\0\0\0\0\0\0\0\0\0\0\0\0\0\0\0\0\0\0\0\0\0\0\0\0\0\0\0\0\0\0\0\0\0\0\0ɪ\\UY\nNJ[\R\][`\rSU\u)\d\\n\)=Iumߓ}\C9\dOW&>YZ\v-*kxT\\R\O\ߗ5Gl>S韯X\YZq败x\7U-\'?Ōqh\]Z|/\ʽl\\S\~\0-D\0\0\0\0_qN[\\\׶jά]\\\3Xҧ\)\)N\\/{̕tlG\TohV2M$oc\\\Z\^\\]v]}\__gPu|	샱+CIӨT\Էo\"Ɨ=\ٲv]f\\o\[$I\\i\Ѩ\],\e6\\/\Mz8Zi\ݜnNM\\\\\~\ˢ\\0\0}\n\\$ߟŚ%+}nTvs\yO;\Z1]f\\"^dwg\Zђ}WT&\dU	]\Z51Zc\Rî<-]^\\v\r\[\F\Y\>C\\A\lwR\^`\0\\0\0\0\0)%m?T\Z\^\?T\d\w\\'%\kȲQˋt~t`/QWE\7\rIA~;w|3Ukܬ]F+w\K䨤\x\\+RRn(Ҷ/uQWc\]ia\\"J\h\s\2vǾ2d	%(\-J2[E5\5ѣ\s\\0\00\\Cմ\ذoS\\l\ǚY\Wղ\\K譇O79q\M&٧\44\\3f\hj\4VMuю\\\\[]S*d7~^\o[Gm\'=Yi:W\lY\\n+UYR{\\,y:\\ZRI^<V\'\0\ goj>ϫj\Z\G\Zb\VFlqO\R\׽%L\\-\<\rr\<I\T[EI\v\\\\ۣJ\C\\'KkXtWz]FՖ\'QKؠ\B\U\zNdNH\\Iżm\Tsr\ǎ\ّl)E\ͭ\]v[\M\)p5:mW\9+tKX1km$\\{O\\Zv\cƚxS\\.y6{M\R\\]u\5&\\Z\[]UXwc.\J<\\rė?\[Gҫ\\\*\<S]=\\K\\OF\Zv\ߡc9S\dj.}\2-٤[[\Tjy\\lo\l{\}N\{%\\ɽ[\OK\d\\n0ƫs\\]\ںNO+k\o\+unj\n,N5<y4\,\\\*\K\O}m[\V=ݓnS씞\S\Rm)6\m*4\ZqQ\\ݻ_]\]Jө\w\\0\0\0\0\0\0\0\0\0\0\0\0\0\0;2\"d\\\B\\\\00zQo$~S\r%JV\BV\\0݂\\`vE\Hխ_3:ᡟ$\y\t\zT\OP\V4\rs\0\9\~\Q\\<?8\\\SY\.\>3\U\YwN\o\0W_\\0+;\[b\_\m}\KˏΏ\TYkp\\ű\oiy\02?4:\C֢r\s⿷\\\]\\\\\ݬhx߄cec\0\~+:U\0bYu%3\\\E8%\03\<\`\0\0\0\0\0\0\0\0\0\0\0\0(\0\0\0\0\0\0\0\0\0\0\0\0\0\0L\.ڱhە}\EQۚ뮚\Ni\(\o\n~rA(<*\خX\g27%\\\rc\q}l\";-i\\1RYl\o{JٳQ\foA\4lM\ZY_F<ՙjNz=oj\RW`Sԩ*s\|^%\$\\0g\P\r\wBҳ5X9F򼋥\\D_\}}\sqoܯfxwcObOV(/\دo\S\\\M[\"3\ߌx3P\\\,s\Ϯ\sF)\]kj\\p~Pu{\rYhk<\\\E:\]֛̗@\0\\0\0\0;.ᬼ܊p0\NnM(oe\K\+\$r\\!)\\1_I^ϩ6\Ge\\g:F\\\ȗ-p0WY\l+\No\l\p{wYӸ[OXtݨ^<\N[3.{%nsJ5U\Sm\)I;ܻ/a7c\\\b󲢽إ5\\E[\GlKt\;\\Q\%\S_\n]oX슊֗9p*\0+\0\0\n(>/Z\\'i\\M\s\~F\~mS\7\\\՘&d߉,0\b\\\?\B=\mڙVѰԲ\_\%>\-j\\\0H\\0\0\0\0\0{\i\tm:\.K+\\[NT_ӔI%T0<N\\dOP֎\r\ݗޕ\;J\c))_le\.Uɩyw(\۪W\\M>_MWZ\dʩ\EMsW&\ԣ$\\v_`,\V˩B9R\7I?uNuM:\\Jȧ\\KiM\^\\\9\억Y\\\\/\0\0\0\0\0\0\0\0\0\0\0\0\0\0\0\0\0\0\0\0\0\0\0\0\0\0\0\0\0\0\0\0\0\0\0\0\0\0\0\0\0\0\0\0\0\0\0\0\0\0\0\0\0\0\0\0\0\0\0\0\0\0\0\0\0\uь\\\\cܥ&bݶ\D\\\0\\WT\'uuWNsQp\R\E%oЇn,\ei|9L\-fȵ[&a%u\_.\떷ecTr2 \zՑ~}\Z]?\?0h\]^wq|~\m\0\\0a\0\0\0\0\0\0\0\0\0d\r^y/9\\\ɦ;\x6>3\Z=w{LV\)Gߏ-Qk\TUmw\\\\mꤧ]\\sFp\\Os[\.;w׳2>\jo*\/M|\=i\Z{FI\sim\\'Z\k\\\?iY\|݆٫9\	\:agU\85(N[\Q\\\M5ѣ\P\0\0S\'%(\5(kf}\ZkO\B\*Iψ4\-N4ql]`c}?i{Ÿ\/P\궹\l#e6FPJP[J2\8\i\߻=7Sl\;\'\'\&q\6\kʓ\uy\9[V~7\\+\g_X\J\0-d\0\0\n4T\0Ko\yi\Ἱ7iU\\씓yrin*7]a*%rr\;\\n\k}r1,\u98C..[k.\v5	;?\=OUğL/]7\S\M\(vKw9֚ryHxKj\\.E\_\53Ѐ\n\\"\0\0+Ww:E*+Q|>ײu\֞չ|+Ȏؾ1SPGm3p%]\\\,qn3\\q$eO\\@o\\0s\Z59fɍE.I\|ei\r\}ly\\۫\'g\Xǧj\X+{!Z<\g\\0@\0Loٜ)C\Ȯ4\NɲqQ14\e\ӭoW\i|{]=\\7K-\2ץx	y	۟.\\Zb[5[ź|2,/\\'\0ʬMoU`\~-j?|X\3+O-\N\Zz^\z\%\mV\\\w^\I{\\ȿ3.]V\\"\mEN\\'&\P,#\#\-*\n\QQ{}lhS\0\5\0\0\0\0\0\0\0!jrU\daz\JM(\0i$m>\G0_\;qƧ\\\hOo;=->_O+J4I?\s\"x7\\FY\\kw|[s\\ؐk>R\u#мn\\͸X\O(\`)\\\\Z_\LNn7fY\z%\\^(|m忮\xKOFөI9{-S}\\'\\DUy\"\\oCFM]\	j003\r\-sy\˿ױ{G\v\\'	-ՙяJ1ۢT˪\(\%I$_$Dr\"\EQ\\n^mE\͸h\k\\ȉ\Z\cN~-\yoq+\\K\^\r)f\r\WZ4\$>zn\,Dc\M\\ڍ&τ\\|<\\0\vx\p\\0c.U\]\;r\\lȀh\\i:Z]\lF#Qmwo\n\.\\}M?%C\0$z3:ӉK\0\QU\;jJo5R\P3\\0\0\0\0\0\0\0E[j\fT?X\1Zl\\?_\\\x-S\\Ϡi\\P5\\\;2<kԇ6Mt6\'UĽo\\.R\\\ǜQ	\:\Թ6[\,\ZԱ\<3_W%u\Mn\0Y ݆C*\\Y\K8+\mf-6|R\\a_&[C#&+1ix\+q11s\(\\A\%|ƈ\\\\&Ӷ\ԺR_WTו]\k\\}\xN\\S[\\dx\\WP-\3k}\\\u\6X<\vcgG7)Ir\ߏUqsJ.I}\tӻIh3]0Mmpn\:s±ť<\\P\UFNK\0I\\\\cx9Cw-3]c\PÅ\\\\N-\/\e\|\\ҟ\w\i\F\\\۟q\Zʞ>\\-\V.>Rm\'kI}\'NGʟ\Y9}O፜_\\ZbP\\[\3\YME\\<\\YrUת&(\)V)t5fk\Z3ԇ:,\AH\>.w6\rp\0\0\0\0\0\0\0\0\0\0\0\0\0\0\0Y\?e֣a\Yv)1]mȳ\07L7[g\w\\0\ҰqtHrbbS\nk]7jI\_9\\)?0¯{\򢽯SkI}>-\\O\<\\&UO\Sϣ\o-W6t\og5u\-v\Z/y\0+d\0\0PonkS\+\\ii<\\q{\JQp?\u9T\\ܞ\)\\.7_	G\F}of\d_\9w\x\t\\)4nR97)Nm\vJOyNr}e)IJOm\[\rZN\%\;_Rå\5cɬ\}ܠ\0\0\0\0p\\\\z>\\NpN۬k\\\'%\Z\NSrj1Srm$L\q\5p\;Գ-\,ҲKiGM[7D\\\\j\̔b\"#\\o\=q\-Zv\0c\)Ǧi\\2ش\b\ݒq-/9[\Q~*\K\\/\\X٬VNMkϝ\\\0\\0\0\0\0\0:\#\#~T\tT%7>~\0O,\!\3[O\\sc.W\~\v|p\n1rRow)Kޓmm\olPؒ\Wj֛|_\0f0\0\0\0\0\0\0=c}\VXZ\\'.ӝ\4\\\Otԡ$FEM8\^\rp=BnZ84O\v:_i\p\|9a))_\\\:&\-뷕Fح\\+k\\gn:j\|Ҷ+\fߑCiʋ\\\\3^s\Kz2\ݿi|GU\ϣ\]΋w\26CiG9ю\-xcM\=\\\-VW<$^\\o\0\0\0\0\0\0\0\0\0\0\0\0\0\0\0\0\0\0\0\0\0\0\0\0\0\0\0\0\0\0\0\0\0\0\0\0\0\0\0\0\0\0\0\0\0\0\0\0\0\0\0\0\0\0\0\0\0\0\0\0\\\һ4{\c\^\\t\\XtMtxl\\NJ\>E\\~	cxGGl\U깕\\Ą\\nG\\"\\X0\)9[\TaF)t]|u\\/+Ee\=;uWp\k\02\0\0\0\nJI-\DA\"]\|<G\|ANحF\.ؾk\ؽaҫ府c\w\Qg\_O\Ù6l\MǺm(\cݿgMlkhKj\\\sE\IPs\{cU#O}n\b \04\0\0\0\0\0\\\=\ξ\\oAJ8SM7\0a_4\0\\KV%(\\i}SMtiZi\^&\\\\Υ\@\PJ͵\=\Ŧ\ƥ${pP{^wW]/M\$\0;e\\\\w\4\X-R\\\?Y@M\0\0븋qr\*\\ȮU]MS\\e	\iv ؠB}~\Y<-\˲Ko)bO\{D\;6ɧt#-\I\\Z͍߂pu,K\\a[ꦷ\\02OdqM4\=\;gplid\~㳚W\\\*4\\\)\\k!_B\:QZ%U\\'\/ZY\\mm\~Rm[\\C\0\0\0\nN&\˳6SN\\0\[\+\Z;oEuSﯙ\Ǳ4\J\l&%VMWu\\\uSVUdڄ\/\Zv4m4)m\\k\'횽m6lչ)l\\lC\[~$ѱxr\\'o#:˛\s+|\\D\|ѶvA\M\\ԧ*rps\\QsM5z\0;\\7/Fˎ\uJ\T\ֻ\\Fȴ\R\ObY\=\w\s\2\*ph\7\'m嫙(ElZ\w-3Q\4&\~gz<ɤla\\0f\Y\Z>l3p\6\=p޻q\rfI/z>qF^\\Z0(X񪙻\q}!¯:p\j-U\\bIuܳ\\\\\Etx\;\K)5TTڃl\01\0\0\0\0\0\0\0\4\Z\ltiX9Ge7\r饴\V\M\\{+-\2N\o\\\RwE^yB]_D/3߳o#\[Q\\\\9ы[\\q\7l\M5I\u\\w,h\\\|>\'H\7*\u,\yI**oySMq}:t[AZ4ݚnotr\w.\bN.wHh\\MoXJ\\|=M\\\Ỏr\\-|-e\߄\%<\-2Tg__Bx\'ѯ9L:\kc\n\cEFK\F)$$}+OޒϽj\0	\'OGR;\0׳\n\\\3ڵl\˷\\\-X\\	z\\k\\\\vU\\\.T讧\rTg\rkUj\7.fK0a@T\Z@\0\0\0\0\0\0\0\0\0\0\0\0\0\0\0\0\0\0\0\0\0\0\0\0\0\0\0\0\0\0\0\0\0\nQ\)Kd#d$\8ҏ\\01㴞\\rN\.k\\\'vk\\\\a=e1??\f)\\F\Ս(A\O;u|\\IBN\\3wn~2\־zzu9\Dvܧ4瓥_v<}r07ϥzﺦ>|RKw)\/\2\\\?n{O\\\Z\ZԴ\L*\\I/I)n<\"yV\\]\\\0ښ2/\\5v\l\&n\Z|\\s\ynyUyYE.mՔ\\\Gg}$\-ܝ6̌8\V\=[vB(\o)N\\w^뵎Ϥ\\1\V\V\\Xp\ˬZk\i\0q̓4Z\0\0\0\0\0\0\0]\=\0\=oFMߙ\'%\uU.huɪ\ֵ)YYZc6\2rg	ŸN\\\qjP_X\-J/h\R2Z\m4w=ad\l6IB\Up!\\ cRI|?A\Ru5W\=[mj\rS+~t\ۢ\r͖\\%vM\^c,\/2v\\\/\\\ki\1{n]l\K+\˅D*\\0F \)%\K\F\Zz6lY\\\jX1J9W_J|\\\r3ٳЕz\o^\u&\'\\\ssi\Zz&Ox\d2\&\Gު\\R]D/\hэ*p\*\\\oĥը\I\\\01\0\0\K$Iׇ/qQ\nJF6iXvb\Kf\}\kq\;;kk^]\T^L^[t\;#̳f̾\'EmIXߘP\13\|\'/\^ռ\lz{\0\0\0\0\0\0\0\\w\\Z\\\v熝\pKx\o%TpM\\ܳ\\\Ə\i\l\MVnnX\\\|W\\V\rd1\K\$Q\`\0\0R\\5h\LZ-qˬ\҆Em\kڻq۾T\)d?p\/^:\[\\=DL_vn{\\0:䶱\0\>i{JU<iW	cyn|rrmB4ʳ\T\&\W\v\\t͚i\~^\kn\\\\n\\Z\n\Y\n0d\\\\o~\ryX8U\?2r\ihM޻\\\\\\^\\%FZ\{ʀ\r\\\0\0\\\\3S\AjI[\\\\Ü\ujŶ)\˶\r\\w$)o)I;Xu)Ƥ\\&OM\JQ\G\֛\Q\q/\\YL\Ӧ\n\wU/vp~\o\?\\'vw\ngFy\ZVKu(\i]\}*r\\cJ)\u\/Ft/\ɮ6\l$_Zk\\\\\M&g|\>k>+bnZUhߓY\0\\\0\0\0\0\0\0\0\0\0\0\0\0\0\0\0\0\0\0\0\0\0\0\0\0\0\0\0\0\0\0\0\0\0\0\0\0\0\0\0\0\0\0\0\0\0\0\0\0\0\0\0\0\0\0\0\0P\\n?pM=.9\\\\Z\Vnݪ \\Q~\!m\\\\8r]e\Oke<\\rMy\	\B&\e\vnUӿ3\"\[}\=\\>aC\\Y\W^S\'\\^E[m|ԏ9\\\m\mm\ɾ\\0\\\\0\0\0\ske;\'(\\\\sj0!\9\MF1nM+G\\TS{%\\>\)\\\:xivZ]\X~h\f)nz\\(\奦\\\'_\%\/\\\rrY5\a4^\\\6\4\\+i(9)\ZWLk_F\)Mm\\ݘb\;S=p?\\SnMP\U\\:\kP_F{l~SӸ!\'\s\YX\p\Uc]-\<U>\"\u)\^y\#c2\\-C;2da\W*\żl_5ꤶqi5D \yZ6T\\|\*lȌeda[!t%U\\'\/5\n\ҹm\~Rm[a\0\0W\/\3븿O\r\MF\=:ȵfX]ܘ\l\CMܤ\"giSC^l[[ܗ[M%ZWGwp;u\^\uh	\\\n_^k\},H\^\\\6kB5\\\c\n\T!\\\"cI%H\Db\"a\%\-ItI./D}gmT\Zx%͎Ľ/{\\\юz\\0#\0\0\0\0\O\7YH\)Wa\GiEr]amR\\\dz\I3\\d\Ԣ\k\Z{\h\x[QZvT\k\\Q\uPqS\˒୩JIsFI\mh{n\SL\Bz,[\bK\Ĺ&4-\\\63\\\zvcd\.4g\8\~Y\'\ʹ*nI\s\/ITu\'E\-\Һ\*Ŷ\\=hs_w-\0\"\0(<>;\Ç\'&j\Z>\\\\O\FRXR{4\*lodjUL#Z4\kgLǇgzHkZ4-KUѫ\%>[\?FWk\ݲ\*jf_ur/_\,\Z:\z\\W\e\\@\LұeS[.o\\s\6FIҴ<\r\nj\3ʔ4\G[\QNY\'V{ۺ\qڟkƷ\rS.̼}V,$u\\L=7\\\\\sJmnFش%Z\Jжt˥&m׷B\fy|f\}\G\"*Y.hX\\e\U[l?:\lE\YvE\\;o\V[c\\'> ٬\ե\\[+g\\0\\0\0\0\0\0nz.\9\ula\0\\\׏uR~\\U{lt\}o݊FfZᑯ\\\\\0|]~%\n\\s*6\6eY$f=n\\ۥeW\#Ɗ9FS\(W\\\"\mJ09\M\m-\k\?5UkFĖ\O99\I=\)ǣ~\\\5%wܕ\\p\_\c=<6\{2,\mW);\| ui\2]nD\-\7C\[\t!fn\\lt\\.e\k\\ך\C,\.a\Zi\5\\\\\0QK\H@״ծI\,RD!+\0X\0\0\0\0\0\0\0\0\0\0\0\0\0\0\0\0\0\0\0\0\0\0\0\0\0\0\0\0\0\0\0\0\0\0\0\0\0\0\0\0\0\0\0\0\0\0\0\0\0퇺?\nkCMY\*\qmﺾI߯3\n\s\Q\R]~\\ WOk:mIƣ\\\0\'f\V>K\v<v\kԳө\Fv]h,MW#o嬈%]\<Λ\E\<\RuY>W$\\yd-wr6M5dc\m:mlfۣr\\l\h\ow\F\'M;\'G\T[\u\\U\\ns´u{]\D=]\4\S\ۯs~*\\{spݺ|w͓붊ͻ\Z\\y{\Bi\M|\T\5:h5%c\\!R7t\@S\0\0\\P\ra\7a\W\\.I򶛄N6W-\\[-\[t\j\y\d\\Xo\\\~0x\\\:*\\'\V6Җ:~us^hԖ\<\\k\ź[b]\\6Wd_\2i\0\\veʘN\\\\\yYom\sۢ.\xAS\Pz\|\Ѷ=\&\i&~q1\\ɲ5b\\;Oh\]qrؓ\\\\r\~OjZ\\\7IC\bWG=\\\\\\F2EE\nZ}\\\Jy\USim<\Џ*kNd\82\}+2J\\\z\.,o)\;\l\0)\0\04wlu\V~\E[}ٶ\r\\/|Ϡ\\;w+2^fb<7bY-\fb{<yaȾ/z\ \\\L\i\ZE8WEpF*IF1\KdU\S\\\sV\OW\\\\'Խ\'馘\(E(\)(\)(\%I.%\%\(%\0\0\0]\\p{.2XX\~\Q[)\\mTվGt҂q\\z4gZj5{y{lK6#\栵<\~\DJq5ZhIŭ.9TՓbjI\+$Im&7`Բ\X\ڊKv\moo\$wm/X\\Z̫\~fNFnE>k/+y\r\RX\\n1J0ъR_JY!d:K\\\)otf\kOe.T\0@\)\\\tͺݙ\\"\BM|\_ё\"Ok\fb\'\Ӯc,\\o?бֵÆ\ҶJ\2\\Jx2r)\\\ØK&\\	\6.kf\-B>\\{\q^t獤c8<\\yAK\\\UOfDZP\ѧa\|,z\U5V!\\m=ܛm\Y\\S\뒤wW\ݞ\f\c\ط\0ch\=WEpF*\-\tI%Hg\MnFT\Ln^r\\.z\UQ|\\\\vb\\'Ӛf\\'e\r\%z}+c[4aF5c#Z\M5{\ף*Jo~\+x@\N\\:P.j5e{\\U(odZY[M\I\Q$\(J/iFQi8\-4\\i[.\mj?\n;S\\y>ҩ\,ң+[\\0o\0\02|xg/\3%+8s2\\\z]\\\\gr{,\\\ބ\B:\\V\QYRMsFuY\R\$e8\MzK\\Q\[_\njץ\%3&\l\0oƹ\4xo\eq\r\mvJ\gz5\n5V:\*\04\\0\0\0\0\0\0\0\0\0\0\0\0\0\0\0\0\0\0\0\0\0\0\0\0\0\0\0\0\0\0\0\0\0\0\0\0\0\0\0\0\0\0\0\0\0\0\0\0\0\0\0\vۮúe\lkm\Ȓnzƞ\f)>g\\'\\ƿ?*\Q\\\\,*	\R$I\\\qV\ӄ\q|ʴ\Y4\E3\ݺ,\n\b[(\Zr\\34{\\G\\\_r\;ӵZߵ\\kZ_\S˽\X\G+\j{n\m\O\:lbbK	I\\<\\0 \0\ǜ\\n\p[\'9\Jm\ݴZ]I\5\-kTx\/.\n*Th\qO3&{nOTa)\\xS\\dxv\w<)\\1Z^u|\i{\Ȕr\"|o\Zj5\\e\\Ǉ\\\-\5?=\i#\0Sp\0\0_\\4\c\n\'P7\dCp}_l^m(N=c$=@=FN-5X|j黲j-?\"^vB\?3f\[eEV6N=\'l\\I6\\z\lݎivTƵo-\kR~]ɦ\mm\/=\i\_t_\r:tl\5mf\5-q\jMc\J\\\n\\\6Ǒ¤qZӹ\J6\7[\nk\_\fkh\\xE\\<<t\'йv\Z]\\\tub\>W\\\Q$\"B\kjGж%{bLҥ\ZQՈ\0\ZF`b\w\[λlN\`\F|d\l=\ƭ\\\\\09\\JUd{y/nX̤x$]\Gp\n܊k\\=\ݓ\\J\*\rOˋN\\\\=vˬ\׳r58Nin\K\%&\3mɽ\l\-\b$\\Ob֝MF\ZQ\\i쮩nꔢ\qdݷCԳRU\\\o[/\\\\B\\nqXn\e(@\0\0(Z\ݴ%ӧfǖky\eF*W\mjomע\mP\N\N\L\j\k\\7cz[\5dֹ\8n\˥}i7\\i$\\D߈\'_u7t-:*r\P\\n\%{8\o,Us.d[8Ũ@\+]KGοI\)tgc\i\\Bȿu3\+).hXߪj2\tmp\5\_Ըo\U[e\z\\\\0$h>\MFp\Y#\0)(\Ҳ*IIFidۤϐ;\0\0\0\0\0\0\0\va\>dnfJ\\V\Z-집kں`{9\9l\T\BF;xM\\\\Y1͵(J:v/=XuM=\2k\ǒ0ǫe.hܦ#\V6eIc+tr\\\{#N\uw!\\8v\\:p\8؊m,\u.j-$.XOCå\/r{E?J\\\_\\e/DcäiC?xk0\&%cbֶ4\\Z\_\\\n]NV\\xc/R{/d:xl:>\}?O8x8bbäjǮ5V[zE-\\-\\e\w\\wH\0\0\0\0\0\0\0\0\0\0\0\0\0\0\0\0\0\0\0\0\0\0\0\0\0\0\0\0\0\0\0\0\0\0\0\0\0\0\0\0\0\0\0\0\0\0\0\0\0\0\0\0\0\0\0\0\0\0\0\n8>-\\\U+Sme\\1\G\\|}7.͖Ѳe(3ѯR\\\k\'\]%z \W)\VA9K3+oz_z\Ϭ\B*2rM\mv&M5]Q\{p\)ުIK;\nߣ\\jɎ\?-9r\[mih_1=Q!\\\;?)\\R\ңyQ)o͕K\\Z;\'۲[#SǨ\5\kehV6lR*\03\0\0\0\0\0\0\\7eR|YA\\F;\)>e߸~\XqP5p\\\\78h\׏GvNMx\iJu\\	_n\(\\R]gK\t\#OSX\\vI\\\l\YIW4y:~\0o{/{[\\\\6NQ\ϛ\p\\i\t\\MU\\\"K\\\\os\0\-\e\0\\L\:\S6\\\\\\X\+5\'\;6q\]_pIB*H\Jy\]\\yoԯR\<#4\cS\[n\d\@\-CUͿUϹߝ.k&F)}\Z\WMk݅k][r\{f\S׵BjY6\Bq)nzSݪ\\\97\'\LѺ:6H^\?\\\{\+[-n\\\\\ř]\Ñ\\\k%\.nD^ۨYt\\n7M/ܚR+|7=S[\\xуN\0͖E\m\\Z[;=kS^J\\r7\0+Ā!+ğ\\ZW<G(T\{}[dG\&\\ϼ\7\Ƿ\5\\\GoO/\cT\0Mt\\/)n\nKЙu+\-v;l\P%M5\6ff\ڴdڌ\[cTÝ\m\*\r/a\|Cգ\N\{F\r	<\ʷ\0^j+ozQ;\8sNI|U\)O\"\e-G\Q\X4VX\\\Z--\О{p\.\du^\ei.\ZFR;Ez\پ\읗Y-\9~\9\ܤ\o\0\'\\;W\WM\p/\8tGy?Y\7\U\rӲ\ea\Rk=F.MF*KgK\\0ozgi\\\\\ᏏE_\\1\O\R۬\"\'\,n\S\ֵ,k*5Wg;(UTR\]\y\on\\'\GS\C\bT\\\e^&\OM9EM\e8\\w$9\bbZ\\Z֞3y\n^\W\Wj\\0t\0\0\0\0i\>/2\*\/\\/bȜ\S\Z=\0\8Q\{:̒p\\\K,94Y\e\%(Yd_\4\hX\k,q\\y5qIvkC+mF\@\.\\\\\;\.o\rBxou^U1}|V\\\\\m4嵨ʌ\9ny\\jiId\0\{\0\0\0\0\0\0\0\0\0\0\0\0\0\0\0\0\0\0\0\0\0\0\0\0\0\0\0\0\0\0\0\0\0\0\0\0\0\0\0\0\0\0\0\0\0\0\0\0(`?|\'c\0ѝ:͵|\d򯄶?weU_$#9[Vk<\8f\/홎EN.R\\\C\kO\T\\+wʶ\\rO2t뤱dݜo.T7\2]D/:\=5N./ԲH׬\\\ \06\0\0\0\0\0ԤZ\?Ts\0\'q,^=\ZoX-f(\\\[}׮)\7\,\\{7\\iE\h\[\noe!)B\J3\\'+\Z\'	\iBpRӋI&7~X\\\\+\j\\f\W\=92k\\㴡dR*i}\\^swq\\7ѕ\l\\\0s3Mʕ\"\\\0\0\0\0\0\0\0\n\_.\'\rR?/+uR\5:|%\99j/}5МesO\"5	ךM^ߵ\r<NjZX$w\\\-J9Z\D\\R\Ez{FLn\"\Nֵ\P\h:v_,\彖K_F\\]U=\nR}.^nM]\d\d\\~Eۦ2}Q[F+c\).\z?GB\1\Kз.ؕV\ku\\\\#\\ȧ;\\\\\h\e6G\K\4\$g(\J2}p%Zh&ӽwܧF7\\P\ױ#\]^6]6\\CnKs\s\\\\\/2S\c\cO#\	\\uX\\I|\G\cN_-\Z:s\\<\V\\\\k[ĺl\-#im\yr\\\%\\\d7i\\U.r\/\\0`\\\T\'uuW9\rQq\R\E.\0\jrm(\m\][mI/VC߉/y\^\\\iiҟ>\\ӌ(im<X\k%cy9Tf\\\\\0f\\\Z5AM\+*;\\g\\D\O\j\p\"4S\zK\\u\\\ŭ6む[1\\0i\0\0\0\0\0gbKv\_7\mݛÓ_ף^vc˖Qꜳs+m6\\\\q_\}%Uۛ^\\j+\%\FjTgU\b\\YwׅM9K(\\KV\N)6H?w?	ۭ\0*\\Idߢ\̄ėX\\\\0v<{\\pͥ\B$\^S_u\ׯ.\QI$YIiڕ<Z\"\\\\\a\C\8N\qჁF&$>TW\Z\\\.il\\;\nm\$\0\0\0\0\0\0\0\0\0\0\0\0\0\0\0\0\0\0\0\0\0\0\0\0\0\0\0\0\0\0\0\0\0\0\0\0\0\0\0\0\0\0\0\0\0\0\0\0\0\0\0\0\0\0\0\0\0\0\0\0\0\0\0\0\0\0\0\0\0k\by?\rֹ09t}YhK%푉W\U\\*\F\ءhBZ\Y5\5\\V\w*u<~J,7fS[[\\sy6Oe-\\\6E\tL|Uwc\*\"T$\_j#ۼ5\5l1=/!\\Y\'\{%c|\ʚ\\t;N¥Я\+c\\Ј+Fkƥ\\\a\\\\l\\ͥ\e\dz[>[krke%\\Ri\D#N.\\0\\\0\0v<9\yxy\b]f>n=\/\\S5i\(\8\.Qe$\\'7~\^#i\^/Uiө\+޿>Km\\nRtӜ^\O6L\8[\\\]\\6Ueru\MjPũB\I)FqjQi4\nS\\a%͖\Z\\oYR\j\'0_׈EZ\S:\Q6Sj\-Z\FŲ޴n\(r*\\\fgQ\\޸\ZԍH\G\"xLÿSκXջ-oRIz\r{F0[I\\Irż\`\wM\}B\^-[;/\\\L[\\Z\\zI\;\\M\U\ڸ\.LHMΝ>I\d\۹a\J1b{U,c*4\w8\N[=s\J\ery\\5R@\\+F+4u\cQ\0\nܸ\}K۬[m|ԏ5wa\"ILu\x\Lֵ.fFN+\\Ņ\\;b_<~m\\o&\TM*\eIʴM{UGM|\̋:\\0l_գER\e\p\D\s\\uMk3MY:[\ٽo͟T9\\\RO_x\\KB\j¦Ya]F5W]||Cwn}g&\My\Ǻ\n\r7\e\\\jw\\\K<磊G[cRY\N*+Kk.ִ-6~ZQO%v?\\\\nu\\\\:\m\\M|\UU\\\"\\RnJ\'9\ſoF\bY\0\0?яUW\\n鄬\$]P\RD[ό[ˡ\\\Ѯ]~ߢ\ɴm{\罞w\FFx\F3u\]FB\\\9F\\e-\;=G}\FR\\秇1lo\Zo	\.3\"\Z[L\\i˖`:\~\\\U㼗on췕u_p\k\\0\0\0\0\0\0\0\0\0\_\rCAԱ/iʹnˢn>n=u\E{ˬ%\o˳NŻ_\\7Y6>D7N\kWKh/eR\2M/\fyL\E\\|-I\\=9\㼽\x\:-JM[{)KniU\\{K\\t\^ǎ\\Vn\W&%˃\'\\.QVF3\ԣ8I)FQkM5\9g\0\0\0\0\0\0\0\0\0\0\0\0\0\0\0\0\0\0\0\0\0\0\0\0\0\0\0\0\0\0\0\0\0\0\0\0\0\0\0\0\0\0\0\0\0\0_..=VLju\\ª닔\\'IR܁k;\\\*\F\[3lޜW.W\Md\f\\$/e\\_t3rm\\?m}_\1Kh\h\bb\;\eF=N\Μ*ӧOśNX\\\f\\Ͻe\5\'5Z\4Uܴ\>\\\շ{ޒ*\O+-XW{\\0\\0\0\0\0\0\0\0\0\0פ\\\\VUN,\\\,\=\8IzI?\\馛O\WSiމ\;\S-\"ŭ;\O\x\.+j\*g%\\9eJf5\٘Y\wٍbӦ\5IE\:\,	)FRNm{\\\'̡\\+7>}\rh\g*-i\r%\&\|\sk\e\\{/X\|՗9w\0+$\0\0\0\0a߫|>(_\\{\'.h\{Y=QR\bS\/\2o˲n\d\$\\)7b\$\\\1VN;?\B^ɑ.\Axy[-\Si:\\ʉ\J2!o4K\\ʦxJ\r\M֤Ԣ\E\F\xO\ߞx?\x\\IT\Wv~\'\\0R\0\0컵=OEΧX\msߗ9Uur۞\|\l\sGtQjQ^Pe$ԕ\\\\d\\Y};\xN\y5\7\r\J\\o]s\NyR+u\һ潝v\p^\+b.m\6.h\{\\)-\\k3\c\ږeWL7͍M1Nt\\\҇*\qw\G8\z.Vi\SM\O\r7_\\2\eƴq\K5\.q6%\d\]W+n\(UMp[\sI%!Ӿ,#?\\\\\V\~\\-\J}\u\6\%\oʇE\/\w]씫1xzS\\f\/\\\K\e*Ʀ]x\XtVTnY_=\\\\\lkx\@\0Z@\0\0\0qĖ\Ž#\3\~\oOұE\Q\Ixp\3ɻiF-$v\\.X\Fn9C\S\7S\|K[viC\8\Y{W/uIN\FM(\/~2\V-zvV&Kݪ(G}r]g9lo\T\_\nWN[\n	ݽ\&l\=\Ʃݷy\h\\Ϣh<\\\Z\ur\a>,Ly9\$\\\[)>EE\nJ\Q\K$+a#tU\\0\rs\\0\0\0\0\0\0\0\0\0\0\0\0\0\0\0\0\0\0\0\0\0\0\0\0\0\0\0\0\0\0\0\0\0\0\0\0\0\0\0\0\0\0\0\0\0\0\0\0\0\0\0\0\0\0\0\0\0\0\0\0\0\0\0\0\0\0\0\0\0\0\0\0\0\0\n\0\\\\{S^\V$۞׿[q\B&\x{\:\\oT\\\9d\[ViytE\8B;sd\\t]Oi(\[dwE\yun}i\ЬeZ\\>Tʒ\޿\GM\\-ӦjϚvSɶ\p\\s\3[\?rU\_h=jZN]^f&uI9UbP{\T׻m3\\\i\(\+\\q;b^\p\YY\'G<V\\0	#H\0\08\Rqkt\0\$߸ψǚ\\\\"F\Vlc-\cFs\>\\r\vFQIE>\\h\\t\Pԩ\zVOڳ\%FWd> \lJ-\ɶb\\\\d]59Jr\Kr;\w¿s#U<\vI\\-\,:\\r!\iIa)o\Gbp\Vl\\\\=܈Gȫ*\ܯꌶ\sʺ\`Eh\\u*5)b,\kakrV-\0,d88]f\\\ns)\3+J5W\)\%\\\")%A\*u\Zx|9aL\[\|\\{\\0xg\Ҵ\SUx[WUp\\Z\?Y\\O^NOko\^\\\03\@T\0\0\0\0\n\0p\9ɨ\)\RQb\$V\D}\\}\\\B\\k߮k\Ͱiz\'\I{4\0\\<D]º=\zdyԳ+7\=%3]=5t\2D҄	.Yx\\;iݻ<\\l\0[ \0-\\0\0\0\0\0\0\0\0\0\0\0\0\0\0C\}\\\ǃ5W&\\N]Wmi/&6j0\Lk\pl\]g]\\ʧ+\P$(\$&\\z\K\\*gԚ^n骳+M\Qm\8nNTM7)=nooCۺ_(X-:\RY\d\0\\0\0\0\0\0\0\0\0\0\0\0\0\0\0\0\0\0\0\0\0\0\0\0\0\0\0\0\0\0\0\0\0\0\0\0\0\0\0\0\0\0\0\"\s\\|!jx8R\,\\r\\*7_\\~5\yS翗z֗\\\=sPVS\xI+&y(R*\߶U\tI\\&\r\S{IRm\V\eA\5f\\\\l\\q$6\N9?\0\0\0\0\0\0\0\0\0\0\0\0\0\0\0}i9j\}Ό\ysW5\2O\\l:+){qc(yTM^\rp=FN.DwM\]qNյ\Z:3\\d\\r\ƻNvJ\\'|\w!\sSе\nu:\^];\\[rjN\.iʫ9V5(\FI\\Ov\\gi\԰\tya))]\\\=ٺ\\Q|R\ZWF;,\\M\0\n}O]\jUϜ`\0W\0\0\0];W\T}\Pj;j\6N[\"t\\nQi\o/+΄\Jn潮|pSf98\Bs\N\"붛 \g]Rq$Mt>dw\\I-zǊQZ\PKeM*j\r\\s#>i\M8i\I>={\\6\Z\\\\\Oc\Қ*V4\\\'\\0	L\0\0%teirJP\\'*\r7唫S$<v\@	\\0\0\0\0\0!;w+\x~uoشXK\F\\\cOiW^YGgKU\\7&\rjУ:\b\)TzW>̵Mc6+MƞNmy#\֚RM0߬\98\\gt\+@-AשkQUdӤ\\\nž\&\}\\*qw.t^\Z~\Zk|\^\\̲+\Ȼe+gocQQOb\\r!\'h6\};\\J\fF/*\\$\0\0\0\0\0\0\0\0\0\0\0\0\0\0\0\0\0\0\0\0\0\0\0\0\0\0\0\0\0\0\0\0\0\0\0\0\0\0\0\0\0\0\0\0\0\0\0\0\0\0\0\0\0\0\0\0\0\0\0\0\0\0\0\0\0\0\0\0\0\0\0\0\0\0\0\0\0\0\0\0\0\0\0[\{\8\jxѺ\tvV\1\\ʹ|\2\)FKqA\\Z]\d\ƓW2;\ָ]\~)\>\^;\ͩ9$E\\r\nP\\3/#*g\\\\8N*PZ\\QjQkM4\\\{ᅷ\\whu\\m\\\\gwKQ\ļh7\Nу\<\؟6ڴ¥}DmJ2r\$\:\8\)Bq}%%$\\#m Z0\0\0\0\0\0\0spxA\_b\/?lކ<\}\Rgp\r8\nr[..nT_f	\5MK\\(N[+u]\\͚:\b\0rk\".\0\0\0\0\0(\0܎~\\-\Z\\5*\\ڤOݖ<]%\;A.iW\|AȄoH=n\5	o޹ŷc7*\(\z/\VXg\\r۞W_\rmjNw+\tK\|]\\\0\0\0\0\0\0\0\0\0\\\\8\l*\Zl^\jY1ċݧ\nv\YVEũF\\\S\\wq\\}M\7\\Ψ߉VeOݛ\\]\PVM%\\u9eu\_\\\\\E\rv-\0\0\0\0\0=\p\F\W~<\^v4q\-\\pN#m$	[\x#8\^\rp=\nRhؿ\0\\,m[\n\nUQ-\Kf|\2\G\"\?Oܜù\\jVG٥dOϓ\[6\w$\\n\\\/G,\\d\Y\\^\\gAIu\0\0\0\0\0\0\0\0\0\0\0\0\0\0\0\0\0\0\0\0\0\0\0\0\0\0\0\0\0\0\0\0\0\0\0\0\0\0\0\N\\\\Ua\\;, {/_\\\"\+\ˏ	aپ՚YiUC}q\(z:Z$,6IZk,\Eg\\\Y^\'\bWx\3T\ֲӇ1჋\"\\\[Yf˞\I쒌cn:!EF*\KM\۔`\0{<\0\0\0\[؇q/ס|?e\\Q2\Ʈ\Ko~e}\)rB_Fr0խ\nQ֨\VV&ZtQ\y`#:nSI\q\rp\CLom6?\A\\^\r0\0A\vG\\\?μ\9~F}g\\\ۗj#L\/7\\هn\*\r\\\\\.\׮\3p2%~d>5Jvݮh\iyr\[sٸɮU\Z%.\\ru^>r\:k\0\0\0\0\0./`j9׫`Ms\ǛjCt\E\u]W5v\TM9\v\\'\.2WGM\G;	\\L\:_\jmMy\W\7\d7$\4\\2\0w\_Pz\ZWSlc^n\\PN1sQu|\u]\>G9\')4Ngd\\\Zr\\:m\\urg\5\\kl8^\\|w?\iU\f`\0!\r\\0\0!\e\NRNz\rp\F)?iˮ*Jp\~\zy\r-vj<mO\\ӍH\\֮M&\?RHD{Er\+uL\nrv4bEIn#猣r2O\B\k=\״Z,+S*\07M`\0\0\0\0,In\Iz\G\2n/ʺji.\n^WV?$mR\ܯïGj5ek{Ftcl\\^\\\_mk0[Y8\m\Z\žlvR\\{ܳ\eY\\\\\\V\\'[\(J9e\Z\\XO1\5\{>\m7Z\r\4\Ux\\n*\\\T+[F1RQI|ʜ\\mj\(\K\k\4cJ:@\0h\0\0\0\0\0\0\0\0\0\0\0\0\0\0\0\0\0\0\0\0\0\0\0\0\0\0\0\0\0\0\0\0\0\0\0\0\0\0\0\0\0\0\0\0\0\0\0\0\0\0\0\0\0\0\0\0\0\0\0\0\0\0\0\0\0\0\0\0\0\0\0\0\0\0\0\0\0\0\0\0\0\0\0\0\0\0\0\0\0U\\7L\XK;\ ܥ^f2B\ʟ_~<\\I\\R\3m\uycgSuˬmo\gm{>[#\}\eF;/v\p\W\\"\QYX5\O\s\-\b[I4Xn\u|hl\\e\8\U5XK~\0Aw;\b\8_-bgEYsgUcmiΉJM&\\Z3ө\ZS<*ӧ*oVJ\\0C\0\0|\mc)\uFZ̖FE/\`)(<9\\p\C;\\ŕ{j\\ƕГ\J\\ڔ\Nhm1-[$\\\\y%\\\"`\0\0\0P\0b\'5\?ܼx*\RLK*\\r{*{s\2\0{x[	Bw.2XX\VF\U5oGtkޔaG+3\"\컧d5Y/YK\%ьba\F1V}w\U^\"\yO\*\k䖬yϸY3mY9YeI\m\MN\\'&\;\'&\)ɷ)6ߩ\0\%a`\0\0\0\0\0\\[l˾\\\Z\Z\"N\?2\~\D\U*q\B~j۟^\Ԓ\f\wEj95\\\\g[(<kt\QP?\"K{xVb\J\ZY^mu\u\'\TKɵlz(֡UP\M\̞\;и\J\m۟\'*Im\}\\\|.Fiʕo;\=X\XS\X\\UT#MPuB*0\"\n\(\1J1K\Iߓ8GuF?vpy4\Z\^n+.0%\N5Of\\Q\5Fj\;׶\މEJ./\'kMn&ԣ%\(I=Eӌ\k\\D\\;><QSZ~cr1s\\I/\\\l\\>b\h\\j\}紦ע\M\t\0k\0+M8Fc&\˽_ \6\.W\\4f\'\\.G]\n\lw{+kr\!\6w\\\\ZSe2,31緝9$\U\R\0,\\eJ\I\s0|wt<`;G#<ryͅʞ{\;\\\\;yuB\\~Yd{N/x\;h\'-is\\\\0\\0\0\0\0\0\0\0\0\0\0\0\0\0\0\0\0\0\0\0\0\0\0\0\0\0\0\0\0\0\0\0\0\0\0\0|3\FW	Ns\0&%\$`{\wty\\\_3Mn\]\\2VM\d;-\)\&\9\NVY97)\r{NrnRm6ߩz;\w%t\y\\\2\Βi8ٕ/J;.Hp{ܥeN\>\\s匽\Y\.*\G+;K/X\0$h\0\0Ǉ8s+3\"Jl\\ȱUEGˬ~\I9JRj0\ɮg\mR\Rm\6\IumL\p\5\\'\<\F|ET|\\s(\:\M\\l\c\\oF\OY\\'c\ͦ\\\˂\j«Q\\Z[\\Za%{K&\蒮\'7fiT\vMKD\;\r[\/x\S5r\0X\\'\GeZF,-K\gк\\\\rU\t4\Z{=`=FN.ɟ.tmԴ	[`Gs\\1amc\~HJ1\\z\IڭRJI6U0wpJux[\ƭz\nS\ǂQZ[M3co\B\\㣴۽Rm\k\l\~j\`M9\\q\"<m4\N-ti\4\M=k`]J\\0\0\0\0K\_¹\\"\#J\pYJ[;7cT[\\h\\Q\\\ZP	\\{w=\N\J9c>\\\rOO\dadYU}$k\3\2di4z{w\\\\\\\;\\"q\ە-\T6V$\ r\ˆx3\[a~&Eqv\5e.4s-#\c\\e\|W~|\hh޳ڎ\\0D`1{}\\\2oF/7\+}Vc\5u-|K1\gBu\\W\{ܸ\'5,;\\NJ9:\\r\\ξI7V<\\\ky\\'\VW\vT\\\\'}\\8SU5\\%dUi]Qk\"^\\1\\2\s,\\ȗ=\\\4ߢI-EtpJ0]:s\\.;Fķ+\ܪS\XEe\\0X\\0\0\6\\R\iҴ\%{|]#\\#=\OҪkM9\.JR#.\\\5n!φԥkJw]=\>\r;\\ȒM\\^\\R\e\\Yla\Ft\\\7\T\\\2q~\\.\pF\\Q\\\\8f,I+%\z\\>~\w>\EpO&n9\\6P\4xpm4\sI\\B.\+Vi\w\%`D c\0\\0\0\0\0\0\0\0\0\0\0\0\0\0\0\0\0\0\0\0\0\0\0\0\0\0\0\0\0x?\E\\]Yu\N\\u7\\JMlh9\Zm%ܼ\͚\Z\QR	T\\JRw+\\)\=,\\ʸ߮_\?*\~\\eΏ\ߪW*\` ߺ\?*\~\~\\\0!\\X\ߪW*\` ߺ\?*\~\~\\\0!\\X\ߪW*\` ߺ\?*\~\~\\\0!\\X\ߪW*\` ߺ\?*\~\~\\\0!\\X\ߪW*\` ߺ\?*\~\~\\\0!\\X\ߪW*\` ߺ\?*\~\~\\\0!\\X\ߪW*\` ߺ\?*\~\~\\\0!\\X\ߪW*\` ߺ\?*\~\~\\\0!\\X\ߪW*\` ߺ\?*\~\~\\\0!\\X\ߪW*\` ߺ\?*\~\~\\\0!\\X\ߪW*\` ߺ\?*\~\~\\\0!\\X\ߪW*\` ߺ\?*\~\~\\\0!\\X\ߪW*\` ߺ\?*\~\~\\\0!\\X\ߪW*\` ߺ\?*\~\~\\\0!\\X\ߪW*\` ߺ\?*\~\~\\\0!\\X\ߪW*\` ߺ\?*\~\\yɺJ5\Z,Ⱥq\\\9\\Uw)\\G\y\RrI6ۥU$.I,Yt\_\0\0\0\0\0\0\0\0\0\0\0\0\0\0\0\0\0\0\0\0\0\0\0\0\0]vsj\wi=y8W\i\b,\%dX\\4C\'{\\ZY\0tg\NkV\\Oܣ9C݌\\0ȊwIm\TJpí\x4ىT.ƺڭv\KiBqiů%\ZFXcΏn~}\jZ,Ѭy\f@̎}\f+28u\\e6m\&ܭ\\\~]\\6{E;DJnޞ\?ezĪV*RՐ\0&\0{\Ļqո{:\Zj\r]Txﻦ&X\m*\\//g+\{\ph\=\(\Y*=sR\o#\S\'yw\\'\/t>\}h\\u\ΡYnznؒS^)\'F\EqN3Q\֨yx.[\\v\ɮ.ho\$<\z)ٟ)O\Z}\n}O\-j\/?d@(T \;\\\-\Wrݩ^\r?y\m\-pǧ2ݞ\\+yN	\4\ZӬ\se\\\h\+\'\\ƨ)N]X3ퟶMO_\.\5	d\\\\SJm\\jn\oޜIX4Vvk\\nk?\{\r\v\vF7.s\\u]jٷ\;%\d\H\/Upꫦ\µ躷)9J^tF*)$KII\\l\0G\0\0\0}0m\c\]d[%\n\(WUjS\1`x#\\\>\;\8%\\X\\^\~Dۯ	=\\J2ϖ\-Q\2s\'?>M^\\ZV<\ɳ~ڲT\\\期h(dp`\c׃N.Khk\R[\\,۴\:W-\0}3g\\^5L8\\sçC\93s\\5]m>emJ8o\R{;\\ݯ)5\\r\yk\wl\.F\n諐\0\Z\\0\0ݨvq\Z>d92\6/Ƈ2lY\\eQ\0UjYZ&bg/\ȯwC\\o\%8n\!&\ޭGp\ީ\d1\\`l\\\WqwAFP\[w!Wg\-ȍYX^Y\nFI]S|J\0\0\0\0~潇6|\'kB\f\/w;f\;x\$I+\k_]S\"ԡ87\8h\[8\JQ\Mm:=\;\W\\5ySVˍT8\(\'\d\\ku<7޹\t\V^\O	{^O]h׏\',\]\\\0Q&\0\0\0\0\0\0\0\0\0\0\0\0\0\0\0\0\0\0\0\0\0\0\0\0\0\0\0\0\0\0\0\0\0\0~xw&%\\%(F\\\f\т(Q^͟2roTؒn\\\\iz6\\llJelJ\%*n0I\3_\\C\ճ\)f\[+lۤ+Ot־\ZP\rh;-Wal\]\e\\\Uf\\p\0t\"\0\0\0g\\d\\\ʞҵ\\\s]b_T:\\T\\rӚgIA9Iܖ-X6faZwbYٓ\\ڷ\\ӣ8\\Ծ\҆\"j\y\Q\W6<\g|\\\Xp1)5G\B;sI\\&\Fr}ګ:,%\\e΅J\n+\0\`\0\0\0\0\0\0)|T;\*,ë>\\'Q#\Ӛ\\Uc*씞\t*wl#\QѦ[a[\7\z\'dҔ-$F5\Ʒ1\\'\Ѵ%֡,\r\~Α55\\\0X\0\0\0\0U\\}\\slN\d\6V<RnUI(\N7b0W\nt\+\=l^Ԫʔl\\\\2)m\F\섔d$%Ѧi ;w\z\u[~\Em\Z\7\\\\\\\sd\~/t\D\,j\}..6Ѥ\qN.;sB\\\\ІGi\}\	&+1Wߊ\]\u\V_j\\\c\yy<El\*45\ݒ\V\}\\[9$\)B)s\滮\\_nfMde\c뭗=Y/YJO$ьRIE%r2\'9\\%+-r\,۬rNM\vNM\Srmϙz\)\!tq\Kk.\MU\r\0	3H\0\0\\\\\V\l\0	F\/.\\FTQl\de\Rc\\K\ݻv\\MjPnl\\Om\QN>e\r\ʧnQQl.\{Ҵ\n:]\7*֒\$\lݷ\tI$ 4jC\ZgBۛ\\\lv7Sǟ7\~{\9\r3Oe\YQvw_44\\{\݊H@\s\\\'{xY\I\\\0\0\0\0\0\0\0\0\0\0\0\0\0\0\0\0\0\0\0\0\0\0\0\0\0\0\0\0\0\0|oJ\#\\\\'|\\@i\\\\\Ķ_=S	+?{\0\0\0\0\0\0\0\0\0\0\0\0\0\0\0\0\0\0\0\0\0\0\0\0\0\0\0\0\0\0\0\0\0\0ݟA~}Od\\\\\0\\r#\\mY}*?Ysm\ʙ2 \p\0\0\0\0\0\0\0\0\0\0\0\0\0\0\0\0\0\0\0\0\0\0\0\0\0\0瑏	\PT$\(\)Fq\\I\i\\\=?gD\C\H~\\	\\\e\Tl4\\i}SO\5O\HX,ֆOz=\rՎl^~5\ʙ\\\\\KҾ\m+3+\OkqOݔ^h)5꺧3\mT\4\Jo\rj{9^\V]L\0\5\p\\\dѨa\f6v4ՔdTlk\T\%g	)B\9FQd\\Ag\\'z̚>\}p\yxETi\c\db)=(nSY\\nv\曡\_\h\\}i\\_/WI.&]\Ue_T\eWU9UuA\*\rJ\Esw\/\\>]U\.c\[(.$TTJ)A\pNXx\N\\WC\^2ˉü_xO	jU\׉	ӧ\\75{&\v\\2Qk-T\ƜT K\\!\'799K6\0C\0\0\;\\Sղ\i\\\9*\[\\ۦ5GuJ+v擌\\_Ӵ^νKP\\/_f؟\uGn6\\e_Q\+7\\\]\u\ruo\\\\Ȧ+H\ij9U\\f޾\N\-Nhκ\\nt\\\3W.\r>ftY{\fښ\ݪjP\{\=F1PTa\(\1KeD\\(6\)Z\\a\K\\܋-,(\\P1\0\0\0\0\0\0\08\	}S\\h\\0!vx޳*:6\\\E-\\\8\\%d\'^\mU\\~}\G\\-\F\v7\Wy6iW4\s\6\n\z&N5\a\\*2\7\?M\\\\I&\%i^{]>**\?\'=e\0N`\0\0/s>2\j\\d\\Q[r\\n)7)b\N͢nؤۊ,Ph\VjӚI\\\[GNJKav6L\'\	)BQRԣ8\oE\M4\]\Z>x[\\Yro?J4\\yxr\";1%TtKv\s\֫<eJY}kJuH-\0j@\0\0\0\0\0\0\0\0\0\0\0\0\0\0\0\0\0\0\0\0\0\0\0\0\0\0\0\0\0i{\\Ohz\eXuI\\9\Z+onm\=ڸMmd	TU\\ύd~y\543~d⼚g\kn\\\l%\Tv]ud]9[u\e\w]lݖ\\'\\R\:͒\5(Ҏ\\+h\\˳\0\rX\0\0))%\K\My\\\6\\C=^Us,p5̭\roowɂ_{Ļ$֔/6*JR|G\&u\\uު\4g$I$\.%\\"/sC7sFiu\0\ )Ja+S\;,k_NMF+\m#\n4\ӱ25,\cN-R\%\An^Eն {Ss\Ѫ=9Mp__%\R[=\\nwp\s[G\\\$\b}Ia{\g=KE4\D\\#o\_\\\ܼ\^\\\\0Yut]w&\c\UK\\L\mr\'\\0Y\E\\3g2\~{˕_.gȥ5\\\\m{Yl\X*:%7s\Yv26\ZM7tr\l$u\\0\>!ұuT\\մɩO\"\&\[\R\)GIm$\\R88I\J\\qD\i\\0\rx;n\c\Xъ)\5:\\(G6Dr\\Z\vիG#[ֲԡv\	g^\\]\"\\\>D|\\SGq\@ୀ\0\0\0\0\0\05֒\$\t9\0\0\0\0\0\0CwmS\\\\\"ys:}-쬚Ms\&\{\Q]wa\CդiNٮ{F\r	;\k*oh{\Oh\Fr;v\^M(~~G*S\e-~pJ\\"Ji%e1[\[z	K\z\\\ñN\tOI\\U\Z\s{;i)\|\\\ͭ\~dI#\\0si\͹I\\--	]\0\\0\0\0\0\0\0\0\0\0\0\0\0\0\0\0\0\0\0\0\0\0\0\0\0\0\0\0\0\0\0\0^\'\?\ֲAH;/I\\'\Zw9\\\\r-\\\0OT\`\\\\0\0\0\0\0\0\0\0\0\0\0\0\0\0\0\0\0\0\0\0\0\0\0\0\0\0\0\0\0\0\0\0\0\gPiS\"\7?HV_~ʏ\D&i\0&L\0\\'\0\0\0\0\0\0\0\0\0\0\0\0\0\0\0\0\0\0\0\0\0\0\0\0\0\0\0\0\08\	M5Oi\[\\-+\3\yU\g\~4\txݻ |e\\˖#\}1pRRqZ٦F\\\\vJ\\Gc^\c\zx+QX\˩\ f\\\\Dz[zo#\Z+I+y{ŸyxNΝf\\MT\O=ϊ\s*ʌe\`\0\0\0\0\0u;e׸SP=sP\ͻxab7q?2\\T=ߑJ2x\T8Mm!NSwE^\Sm+v\_7\\N\\Z֮\\\f\FQ}\ʃM\ˆ\|\B\6myQku}׻\<84oy\\G[uXto(\\=\?4\Nk\Q\\Sm\y͇\BkO\rSg<_e=\&,p4\Jq\\܋{n\ߺ\oe\\\=ݾY\@)r\ęJ\\0}\0\0\0\0\0x\;eѴ<Yg\yu\\y\$䢨\e\궅qݯ,.\-V-xv^̇,\Ru\N3TL7.YEDh]\z\\-K*ܼ\+׿ۍUAm\nj\j\cm\\');\RoV.sݱm\\\\\M4|U\\0L|X\ixB\^G%z!$\WW]惍2kK\\<v[\F\ks\\˦6\e\W5W-\8Qf\r^K3-\N\\R\s{CPuǧH\Ge\ڏ\\v<Γ\4\\rj\\\\\\Ѳ[e*Ty\\PD\'\\ݍ2©r\\Z5huIml֗Km\|7\	8\y\ce\݅\\n\Ȫt\T\\"\8\r\VZz\ZޞkҸ\*q~\\O\`9<5ߣ[)YB\\,-^$\U\M%l6u\\Ӟ<\EN)ZëS\ZS5z|\neH8I\\\0\x\0\0i\\kYb{\\Y\*!L-\\4Ѷڒ\\'\\'#u<mO~f&]5\L\0\"ٴ\f{4ѮA#\g\3^[S\\\\ܛ\\\ѧ)G\"	\-\z_N\Z|y\όx9nD֎s\\ܺI4\n\0\0\0\0\0\0\0\0\0\0\0\0\0\0\0\0\0\0\0\0\0\0\0\0\0\0\0\0n3\}mi8\ӴWm\[\~t\VTONE>w[\\}\\\'P\`A\*\\F{nS{zF\\8$}\\ŷmo\\p\;۴Kgg԰\{]%_V<۟A\\0^\n\\0\0\\^=5\܋4\\٪\\+\'(\}mB|)<8\.\\\xZ\\\]#B\\W9\蠹\v٩:ْ\\K\$\l\\\Qٷ\N\\h\K,\'\"ǿiF\oj\ENORI\N\\(\E\\Ky\l-;/Jó;UX;%\9e(Sv\\\\͵r\\\>r_\76ķ\ڃܜַ\\/\pit\i[`I˲\;Ydw3\\ݮ\\srvs\\\s\u%6jQ\k\}\S-5]Y>\0\rX~U\X.[\Sv\\vUy\-\0چ:\#-#ßt-Y\Z\C\JQƌ#N$[ݹ\'JN.-u\S\ZW\\tEƔS\\0Ix\\Z^\\{G\\z\â\*\u5\įQIu%O\Ƕ#*}\,Zq\'U{|\ɔd\0C\׿\\Z\\\u\xtFܺ\VK䠶c\\0\0\0\0\0\0\0\0\0\0\0\0\{7\\Q\h\t]\\w\\"\\f\Nm=\)JQ]H\"\1\\W\\n\e\\A|[bKv\I5\{\\.\\.\#	f\-\0\\\\\\GuͨHB\'H\\d~r|\_\[\\\Kj\\{.\\\cG-O?7yפ\ܥ\Zk\jɨE\\\0\5*J\\olTU\ \01\0\0\0\0\0\0\0\0\0\0\0\0\0\0\0\0\0\0\0\0\0\0\0\0\0\0\0\0\0\0\0\0\0}xoZ\#\\\\'|\\@i\\\\\Ķ_=S	+?{\0\0\0\0\0\0\0\0\0\0\0\0\0\0\0\0\0\0\0\0\0\0\0\0\0\0\0\0\0\0\0\0\0\0ݟA~}Od\\\\\0\\r#\\mY}*?Ysm\ʙ2 \p\0\0\0\0\0\0\0\0\0\0\0\0\0\0\0\0\0\0\0\0\0\0\0\0\0\0\0\0\0\0\0?6\us\F\lesJP[J2\\M{\\9^݆o\r\\\{\z]\\wɶ\o\tܽFV\a\q\j\ٔ\<\U\Mo\Kg5ꤶiס)\T\X\o\\V\̙hƴny\fཝ\;\𮤰lӲUirIK&\T\m\֭\J3S\!dΡNjNO۱\x2R\\Y\02\ŝPN\\(B+vSm%VS\qӋi0}W_%=\<)\\<Mbim(i8\;\\z(\-\e\2qi\Z\Ū*SL#]U\z(\)$GW\\/>_I<\\qg\e\\\>bw([Ж\',9fhg\n\IniqX\\m]{.VxS*\0\"\0\0\0\0\0\xÌt{3r*\éoe\\5\ɭ\%\	\ymi\\\ĿȺ\*.\\*{MU|wu\Io\5$UJn.i=Uu\\r+\Ge}\K\01W\cl^#\2tkcdכ{[L\tܶ\m\i}*\8Ԛp!\\\;~UR7\Z\\}3U[[\Q5\dRM\Fߊv7(Ì\\\\간zʽ\q6_\wW7Uɴ{\t!>l%\0])q\"~R:\w4_T\djQ{JOx\-uR\I\0\\w\;%\\eҏݜL}F\6\\(춯.\ۥ8\i:\da\{\]\\Z\:R\rc\4\\\Ô\\(o33ͤ\\Uy\6Ql#evA\!4ETM\KX}\Zxǆ7w%~Z\e\n\1\u\\zCޚ\\i.l~~7\qmЭ\\P]%\\k*\kݢ:>\r{/W~db.\\\eN\}ܖ-n{qNmu\߼\}e\G5G0\0]\\0\0߄8/O\\\\\f\\\'\%eoulӕv-\\q}$Π\ZM\\ϱl6\cLMoK\ֱr鍎;:l^\\JOxK\{R*|\'{x\<)glڬ\o\E*6-\-˞lS\#\tg/.̟˥\nzJ\`\0\0\0\0\0\0\0\0\0\0\0\0\0\0\0\0\0\0\0\0\0\0\0\0\0Q,W}\W\9Z$}\0#\Yw(M-\\)\-W\'\\\NUf\\]gIE6\Q\\u xT˛EV\\$ӍVJ:qi\gUX|\Ml7\\n*QJ+\$W\g[э\nq\\}e.WVnOo\0\r\0\0\K u؏cy\\$ݗ8\;e\䪋a\{#\\'(\\^&bV\ĦS*+}\Om\[ى\Z=\%i\㶭«\\vxX)9c\տZ\ﵥNys3m\\q~$0\\eCk2\bP\~\0+Ā(T\0cy~\=\Е\욲\jXЂȋ_F7ť:\\,\|Ow\u\<1\'feK#KrQR\Rx۶c|^ŜI+J6IRx^,1s\8\qkgFI&4\̛ij\[·\0\\J\FE\\\\&\(\\\4>讴a\(_m&/G)Oiyn/?\Xiټ=:\׼b\r^\N/\nmFʞj\NwgIk\"1\v|\\\\\TbBK}\ǌ\}l\˙EY\Zn\\?\M\{.[.w\FV7\27N\EqPF\cQI/?IB>,@\x1\\Ȳ5b\\;Oh\]qrؗ\;5V;̵\nN1\էדt_\6w\\[Y-lvYZjqۛܖoзUJOa=\;g\\_3]8,\\/\\\\JX\\汦Ӷsۧ*VB\nQ$\\.ss\\0\0\0\0\0\0\0\0\0\0)9}[3\\c\Ś)\OLź\Ȅ\\%\&y\u\zL,\\I\\o{^(:\\]o}<9=&.ZRZ\'V4\\י\\A(-۱\:\n9e\;EGRy\.K:q\\0\2\0\0\0\0\0\0\0\0\0\0\0\0\0\0\0\0\0\0\0\0\0\0\0\0\0\0\0\0\0\0\0\0\0\0\0>N\0\7\d\w^O\k 4\\s\׉\~\?\[?ɯ\0\0\0\0\0\0\0\0\0\0\0\0\0\0\0\0\0\0\0\0\0\0\0\0\0\0\0\0\0\0\0\0\0\\\\?>E.ov\?\6M96\Mo\L\O\8\0\0\0\0\0\0\0\0\0\0\0\0\0\0\0\0\0\0\0\0\0\0\0\0\0\0\0\0\0\0\0\0\0\߱;t\l\\սVw\?+\",\NQ}$\$훱GA\o\s\MJ3VUr*og+\\Q^Lw\\;4\HrUb)\Oɒ\iI\'<kZ\迖)\$f\`\:G\\ԟ2Y\7\e\>\eUz\,D\Zk\Z>F=\\dW:rt\M\m\_4)\\6o;ʛM;\0O\\\ۮ_j\\\\nVW[u\㧷bOo:E5|,Se-\υ8;\ZC\݉T/ؽ\evEJ2_j~\\o\nng&\kI\(Y\O+\r?ƌ\4Z{\\Uմ凕/\C\?\oܑ7>J[r\\I\)RX\0$\|,%\rW[O\\j.n#\)3Odݑ\*]qn0qx;T\+T\vE\\\dnN++^\\-\\v\'U֒\$\t_h\\n\U\\\x<\K;{]\zX\~\\\޷\YK7U\wJ(u\aF[ny(\[.k$\dI\h\1}\\\\\Z\Z\Zm\8ڕk}\,œv\)>x[9Fɂ\*\Oj\u\a\\~s cZj|%\g\l!ur\\\!4EJ-4)/\n\ɢ|5\aV\,r\\ݫq\'	&\f\\9]\+5WJ[2{\\v;\\\J%5\mľۍ}s\淅\.2_&G\wH\A\#u{k%;1vW\\Mlq\')(94]\4귗d䔶EZro;w^i\r\oO\\\\\2c\\lj\\\\7)%%\\0\Σ\\{\G	t\j{\n\\N\\s$§ۺ8;2k\ƃK\[\M\\ZN3oZq\>Js3\N*\\\\p\9B-k\\\=\\\\I\$mT7q{\\6a\\f\'\l|i\׷N\"\qu}\&E)\,L\\\xOѿ-ԓw,\3\'+w5\\Wx\&\\4̽-oS6\R\\U|\ߦ\\"\OxS\\d\ԣX\\v\\vgAWk\\8[\\\\\] OI5)Ey\WQ;\PÇ\WͨiոfW\,\nn~efך.^P&u[Z<K\]S\T9ݱ⽸\0\"i\0\\5̜[\\Ʊՙmyꤧ\\RKt\R馛F\8:\(e\\\>\3[\\\k\g\\n˟\\ٶ>zɤ̦/\k6(PsuǲI.i\\ӖNZ(\ןg;Oy/j\Q\/9*\`\0\0\0\0\0\0\0\0\0\0\0\0\0\0\0\0\0\0\0\0\0\0\0\0\n\\u۔5]yi\KD\\\f\\\\z\~\>m\mP\?Y{;\\Ń{yw}\\\I7ѥ\\n\s\enVY6\;g\'\9\M)NM\M\m-\u\>,zZ\\'w\p!mX(-\0\0\0\v	~\rc\w\]\fLaKȍz%\'+9|\H\\W#\s<<N:\q\W\Z]z{\\	jIK;Gs\\\ȧ+\\]\N6W5J-i_$w&pK\Ҳ{yIyyoF\2w|E\\\Ҟ\Qa#\\ACI\\Wm\Y}d\A)>\r\\Eڢ\svgP\fW^\Z\U\\'\f(T\0\0\0\0\0\n\0\0\0\%ۦ/\Z\Ju\\ƥ^U)_z]eфg\'M\r\.\"\\ȿ?*\_l\\}+m\)|\0RJ),\h٨b\Kk\Z\ɃvcYs̙G쫪ܣ]#hK,iP\0r-\e\"jOS$\\0\" \0\0\0\0\0\0\0\0\0\0z^\8\u|\}#O\\ʟ%jMƺ\\;O\\[7\)JP\J*\K\'e\\_\f\)\<ܡ\yv\V\u)BmX\m\nO$\2{\\\g%pd\\=WEqFQPQbDI#\w\;t}o\Z5\8ٙ4\6k$-\,Tb\E\9][\28Ey\\ȷ\l\.\`\0C\0\0\0\0\0\0\0\0\0\0\0\0\0\0\0\0\0\0\0\0\0\0\0\0\0\0\0\0\0\0\0\0\0\0\0\0\0\0#\\\\'|\\H)^\'\?\ֲNg>xw\S%\0\\L\09Y\\0\0\0\0\0\0\0\0\0\0\0\0\0\0\0\0\0\0\0\0\0\0\0\0\0\0\0\0\0\0\0\0\0\0\\\\\0\\r#\\[\"\gPiS#j\\\QȄӟm?\\Tɑ\0c\0\0\0\0\0\0\0\0\0\0\0\0\0\0\0\0\0\0\0\0\0\0\0\0\0\0\0\0\0\0\0\0\0\n\0\c\Yˋt\׷\T\\7=Co/W~,T,Km\ꊔUFI]S͔k\r\ΎW.[-3.^\_̢\:ܰqkdwКF\jg\xa\"HYo{\b\0~;Rjɢr&kc躩*?\Bq֏\6\\\qGT,r\\"l\\\ѨX\޹ļ\Z\Z\3\0Fum\\\<]CoJc\\\iŕsl\Te8ڤԢ\i}SMti\Kk\\\>\\\.Z\/ڰ}\'0n\bA\\;E_\r\e)bdC\s\q\_xÄ3432Vv%Ӣ\\\isW8esz\	~1\*}\\E|a\a\\\Q\\:r\\Nq5\Uo6yl\;w%Sg	\M\H}\y\0\qfa\\gb]\]\Kg*싕vG\\'߰\J\ֱG\"\պr!\\Doޮ{l&\[q=7.\WUNSUa\-Ꮡ|K饻J/v\^\6tR׊\\ҸޖdjKRY?93SrCxeZV#īK\lE(bjOߓϢ΋\\n\\K\\\\\Z\rl\ce\\om\Tk+*{\Z>\쵔\Kz\vM֊*_WI\=GjghV\\Krk\_Z奔Zӏ\n\$:d)\(hʟ>\\\]\e\ɢꮪr%95^R|\O\wE\\{IӼfֲPM4Y0]\ah\І\\uPN\8reM\\p\tb\v\\0\O\K\3\'u\\f]fﶞ\Z\f\n#$W(\h>\\ц\<T\=?\^e\IOTc_JJYoջ%:ܼ\\1\\rl\3-\η\\=zH¸-u\0\(Ѱ\:no;=x\lZ-q}\Nw\Z׵\f˚ys+{\Q8*(\\\lw\ĤгӡJqQ^ټ\[+kNL\0\r\0\0ˆ+\'Pś3\1\ڤ\\kq%(gZ\'>Ŵ\[\r{\7Y\0}\!o.\\*~A\\\/C\\\|\f\n_=\k{\[gUr6\1J;NW{ݓS۬\\*{+\Oeօ^V\n[\0\3\0\0\0\0\0\0\0\0\0\0\0\0\0\0\0\0\0\0\0\0\v\\V\=\ȟ](\'\7WG՞&\\\F/mתbp\3\L\ʊi\Y0J\nx\\E\\-\l;>)⬬K.\\ٓ|\\\\'9(\\І\\FWH:ݒάcIlXy\QL\\j9u.\0٬\0\0\0\0\0F_\'\2){*o\U\`clN,\ʒQߖ(}\T\-g~?\t{Fdbض\Vn#}6ܒߧ<yGI4\\0A\rq/7\1(=7\7]\\m\\n\dNݡ\Zo|I\Y>\X\w{|\\<Wy&\H\\\\$\\\\1ձ\O\<\d\o}\r\=ܪwds21/\'ةWu3Y\(v[,i?C\EhUWŝ(T\3\0\0\0\\u\8Y\FI\ISM\c§*R\8r\/哞j~\|8{S\×\R%\OxqBAfճKZz\>lh\Rj+5\\\t̩\ڎ-yդ\EQ+m)\\\&VU)\6\\\rv؞\<Sz9.[\%Gk)D$K\dEyOoHVf\3W\\\\'Z-SUk-%ϧ-b\T<Iw>]M\F1+v\\a8\jkt\_5\\X\0\0\0\0\0\06Xr~n\Lw?thX\\\jP%bm\^/V6\\}\Jj)bOuU\!ΫG\l\qNC>/-\\3q)\U2R\\0Aޣ\}KcEGٵW),\]\*L&\0\0\0\0\0\0\0\0\0\0\0\0\0\0\0\0\0\0\0\0\0\0\0\0\0\0\0\0\0\0\0\0\0\0\0\0\0\0\0\0\w^O\k$\\kY3L~N)\0\ML&\0\\0\0\0\0\0\0\0\0\0\0\0\0\0\0\0\0\0\0\0\0\0\0\0\0\0\0\0\0\0\0\0\0\0\0.ov\?\-s{\0(4ϩ\0e\|dBi\Ѷk*dȀ\1\0\0\0\0\0\0\0\0\0\0\0\0\0\0\0\0\0\0\0\0\0\0\0\0\0\0\0\0\0\0\0\0\0\0\0\;K\\V\\3kVa\U*\G8>W-	.S=8=FN-5X|j_nj=\hN\Z9y\o\Ȅw|\5:ܤ\J;\(\^\0N\\ĺ_\9Yv[\ŭ\俖.r\\[5\BT_\\ikMzFT\GPѶ\k\	.;Cσl*V\?#<2yz	c@G\\0\/R\O}KK\Z\\yf\n\չJ\F]\:%nj1(z\K\ѵ]g\\x)\?|=,ǵ|j\_\PQBƭT\\6b?S\摻d\\lV\jZ֝\˛.dVʩzYT6i5(+\\[kޝ~mKN\\E\	Wd$qd*Qm5g\\\;\\\Z\\oYi\)di$mݸjg-\:PGcl9{\\\<\1ϓ\5w.\cz\\M)*\3rM\Q\'\8M8ι\\(N/g\'EM4\\sㄽw߲\nSd\(q	\\O\g L\t=;*m\ZT*!\\fcK8i쓔%Uu\i+k\\s^\;n\\\W\\\^dnѿ*\ś^~;\唔T>W\d`ڒ挧\x?Rı[L/\\:슔_\\\\o,>端\N=Ҹ;\\5\1g\w\\\Z\\27˔\\\ܭ[P\\'m\}ܺ29Tm䑾䢯x\{\vZx\n\r\ZeSY5\;\7u9>V\5++K}\ٷL\\\8wƓ=\0\[e%re\r\<\\S\\	{\t\gBfY,\[\\~Yo{*vڔ\Nu\\eQ}\ZM|ϯ\\\	b<\0\0\0\0\0\0\0\0\0\0\0=7f=d\\9{+W\+)rIl/\\\QcMYMw\5\ة\mo\{=Ѯ+}\3L\\\y\ZLn4\\ʕ[ź\ƫ1\\i]?eפ,\-$\0oFֹon(\@PA,@\0\0\0\0\0\0\0\0\0\0\0\0\0\0\0\0\0\0\0\0#\׶U\l\\\Z1gK[?㯔o-,T\u\)\M(\m좒ݶߢK\\gk\o٭\\Ou˅F\\\\'lyd+\*,Z\\\9G<y\Lt\Ԥ\ׇ\0\0\0\0\0\0\0\0\0\0\0\03d</%\UR\ıyYt\\wIYEun.\Ir\\N5\"\4y\w2h{xh:\0&_.6K._<L\\\\m5\;\\Zkf_&_\evBU\fjDyb\\J\\>D\7o\j[8\\9پc\\\O\~-L8ɟ\GN\8ե\\\K\yx-\K߇\}_\Ot\\8J\r\IOi4\\\0\\0\0\0\01\p\E<\\\?	~.\orw\dyG\ͪ\Z\vIƌ~k0E]UWru\vrϖ} A\\'7L\r\\P\\77\%d\Z|ȓ[tJ\\\vmo*xbʹ$^\\e\,\Z\D`\0\ET\0\0\S\\S\\0|\.Pâ;gj\\<\!y\MDo\2\[2k:+qkiaa反\\<\\4a\*a\'m\E\\<\"\\Y-\\O/\d\f\i8F<<JUkʺ\mm\e\s\MӀr\I\\o\rW`\0}\0\0\0\0\0\0\0\0\0\0\0\0\0\0\0\0\0\0\0\0\0\0\0\0\0\0\0\0\0\0\0\0\0\0\0\0\0\0\0\0\0G׉\\zO\?R>N\0\7\d\}1:\ܧKg5\0\\0\0r\0\0\0\0\0\0\0\0\0\0\0\0\0\0\0\0\0\0\0\0\0\0\0\0\0\0\0\0\0\0\0\0\0\0\\0\ZG\\\0E\\\\?>F՗ߡ	?F\ɭ\"\0;I\\0\0\0\0\0\0\0\0\0\0\0\0\0\0\0\0\0\0\0\0\0\0\0\0\0\0\0\0\0\0\0\0\0\0\0\0\0\0~(]\\nB\MB0\\Ηн3:\R轢+}\Yd<\0p6\V\˦t\\\\\Q{J/\$#`J\UTYe%l\kע\t\\v\\\w\:cS]я$31翑.O6)C\\)ǚJ*RT\\zx\\N/4\0>\\jR\̻9tV\3&TztY\q$\\\s[.iz5$\\Z\\0&\0oz&_vL|o\[-/^LBR~\\nwt=a<\'Ӓ^O\dY4uZ<Ytc%8(D\Gv_`·aնgw;e\t0̊qr\$\\4g\pl#2f&]3\\R[)\\'\/$le,\\\qFz*_WI=l}\hZV\#{+T\\aL\֟\[n&\rۃo\V2RJQ\<S\)qyg\O{|}7\xkUɮ1\\\KS\94.Oϭz#z\0\kU6n{w5^\6Wte\#=\Uۧp\~][8KW)\mo\ZQ\(-=\)N;]R\+\"\oʺ\\\\t\u\\Y6\7\\ˢ\$\6[+4ui+\\~rܑ꽦u\\0\\0\0\0\0\0\0\0\0\0\0\0\0\0\0\o\0AN\\2gnq2\\a;_F\BѾJ\\[l\dM?Fc1ԧ\ZpRM>d7NJKaYS{\o\JY;\\}w\kh\\P\e\\n\l\\֥*U%NYŴ.ВR[q\0	\\0\0\0\0\0\0\0\0\0\0\0\0\0\0\0\0F\"=}\ᬥ\\s\'7g2wغ5X~QmF;4B4b\z/O\/~ՖwSN\{=\0fW^ۣUc/W/CY2o9ϣ\\0\rϥ*\\\\::E\0\0\0\0\0\0\0\0\0\0\0\0\0\0\0v/\9g\d]L\\IB^jP\(\=\\\\\\z\\Zdc\rW2g/O\x\7G\\rIn\4\ZR\d\rt?Cp6\ZE\\l\\4וmw\[:\q\"e\_\v\o_᫥nzX\O#\n\煕%ri.\\\T\=y\\"wa\8Cִ\i\Eu\Ko\\;ڄo}9%\Z\]7X\TKvfQ\fV=ёcl\\2{FR MM<\h\\j\s1)\\\\O\s{F+\&폵\wR\\:deOT\Jb\Z\C.y\hf?yG_	bYJ\E\^\FcIӏ-X\Że\\eo֔`)д%\K<Ggn}#h֗&Y\0`\0,\0\0z6u8x\\켋aF=1ۚ뭒pM4[V\`n\d\0vX\yU\\K\?//)\\%\\\\\Z\$\vҚZ\\݄\p揋S\++r[{V]J\ئ\F[(\tګ9.j\+E\aqPT`oH\0&\\0\0\0\0\0\0\0\0\0\0\0\0\0\0\0\0\0\0\0\0\0\0\0\0\0\0\0\0\0\0\0\0\0\0\0\0\0\0\0\0\0\0\0\\kY }xoZ\\r;c\u߹O\k\0a0\0\g\`\0\0\0\0\0\0\0\0\0\0\0\0\0\0\0\0\0\0\0\0\0\0\0\0\0\0\0\0\0\0\0\0\0s{\0(4ϩ\0lݟA~}O/C\G\\"N~\0[S&D\0v\0\0\0\0\0\0\0\0\0\0\0\0\0\0\0\0\0\0\0\0\0\0\0\0\0\0\0\0\0\0\0\0\0\0\0\0\0\0\0\0xaz֕c\D,E\'͙ҖN?G\ȯ\'u])(rIG\}h\M;wkkm\B0\5nV\rq,1\\\l,\\5\(Zn\mf\\</\\\"H\\\\\\\0.Exg\x;gXXy\A\8]uM+j\i9E\xQ\RjE\j\\p\=ӛh\D֨ɦ,WjxY\\\Ei\nQfټ4ͽ\V\\a\\0ԷiYFreVjd׹ދ\ZTҠH\a_u\iװᾫ\d\\yg`\u]:8=El:yЇ\>}Sqi~5\\\\Է\\\Z\ռV[d痡Yg]cYs\Z\\y\\\lU\u=\JqQP䊄\\\9AҒwG\f/߾W\"G	k\x@l \0\0\0\0\0\0\0\0\0\0\0\0\0\0\0\0\0\0\05|){YX:FcJg1\o\x^m${\nBH/\i}5\\$\\\\\q˗}YTK\+\\(\v{\\&CO3|\F\)r\\ŷ[P \Սe\Ϧ)%\\ϣ\S\|\ K\0\0\0\0\0\0\0\0\0\0\0\0\0\0\0\0?\\Zc\\9z\,|<{r,mA\m\D\*o\\z&6\\\\/\˳#vmec\\&;6ߒFݒZ4׏Fm$ي \\"(rsr25se\_nU;oi&\ы,V\\n+\u\q+E\"OY\0\0\0\0\0\0\0\0\0\0\0\0\0\0\0\0\0\06V٤\ɭ\\\0fv{EU\jQXң\\bZ%kk%EzW(\\\ҟ\\oZ\^]y0[yˑ&PmeRI\oc^ӹ\\3\Ӳk\02m\Ϋ\_D,K}\%\+K#*\+\\\rJ\KOl\KL\	C	\͎\u\\3]\'j7?f\\monL\\n/ֺ#\>F;urI\vol{\\r?+֣jo\\\U;9b\Z3\s*yW>\\\"Z\"\`t_+o\~>T*\gUvɡ\Bh\\\ƶ$\ڕ2V\n\K~Es\\S\$\e\MN\\'&\9\M\RnRmSC*mߋ\0\0!\\\\\U#K\]g{\^Lw\Qk\Z[)\/uC\^\{;\\M\rotiF_?Or\jw$]&\G\|ZRr\S{\O\\+:r\\R\cΞ|#\eѬL\\\Z\\̺OJ\09\d\0\0\0\0\0\0\0\0\0\0\0\0\0\0\0\0\0\0\0\0\0\0\0\0\0\0\0\0\0\0\0\0\0\0\0\0\0\0\0\0\0\0\0\0\0}xoZ\#\\\\'|\\@i\\\\\Ķ_=S	+?{\0\0\0\0\0\0\0\0\0\0\0\0\0\0\0\0\0\0\0\0\0\0\0\0\0\0\0\0\0\0\0\0\0\0ݟA~}Od\\\\\0\\r#\\mY}*?Ysm\ʙ2 \p\0\0\0\0\0\0\0\0\0\0\0\0\0\0\0\0\0\0\0\0\0\0\0\0\0\0\0\0\0\0\0\0\0\0\0\0\0\0\0\0\s\$\r4͢a#\%//Mjr{5,R2S*rSz\<\*J\\\\,]v\R\)\r\u\2JQ$eRM48\\\iڥ\\G\ryJ<hӨ\\r}}r茬[$\oj\hj\j\sɮz\LRt\\0\0\5\Çx+\"KeFn5\}*\2\k\(I8\QjM9\\\\\/\\\k\ʡ=\&]i+\{\ڔ[U\[&\\0\.\\jWK\'̞Zd+[Lg,|IOy:%w6E%Q\>饭\\\mqsK}̜{\x\\*\r^NDc5̽|}I\;\)k\\E-\'F4]4\\ne{\"\n<v梏uu\͉Ђ]I|D\v4~v\vѤRi\\\{\\;t\)g\.+RE:0\-G4[*\r|RQ\0\Q,\7|\\0g\0\0\0\0\0\0\0\0\0\0\0\0\0\0\0\0\0\0\0\0\\-\\|?lI3wku~M\^\(·B^N%\\\\ܞ(\S.&~\^\œ\>fT+I엜忻\\'J\{4^2\/7B\WR\\09im\0\0\0\0\0\0\0\0\0\0\0\0\0\0\0\0\Eں\&KK:}{4כ\\qk\l\RO2_a;W\3;Wo/솟przuz&Mw2\s\2.\\u[\'e\\씤[u-\Pr\n\]/>Į\ITՂ\02>`V\0\0\0\0\0\0\0\0\0\0\0\0\0\0\0\0\0\0\0\0\0\0\0\0\0\0\0\0\0\{%\/[԰<Wˑj\\\8%\vD\q\4֥=\.X&\\RQNRw%|/5\0	~\Ϊ2x&)<M9J>1\Y6(W(r\J\ȹ\pw	b\bciذU\b\]m\WTT\"$\n\Kwܜ\ivҪ\%]\J\0\r#0\0\0\0\0\0\0\0\0\0\0\0\0\0\0\0\0\0\0\0\0\0\0\0\0\0\0\0\0\0\0\0\0\0\0\0\0\0\0\0\0\0\0\0\0\0#\\\\'|\\H)^\'\?\ֲNg>xw\S%\0\\L\09Y\\0\0\0\0\0\0\0\0\0\0\0\0\0\0\0\0\0\0\0\0\0\0\0\0\0\0\0\0\0\0\0\0\0\0\\\\\0\\r#\\[\"\gPiS#j\\\QȄӟm?\\Tɑ\0c\0\0\0\0\0\0\0\0\0\0\0\0\0\0\0\0\0\0\0\0\0\0\0\0\0\0\0\0\0\0\0\0\0\0\0\0\0\0\0\0\0\0[\\\Fnv\Y55Un!\\r\\j=5\lk\ȭӗmdU-8[[igMi\6H\"Ňc\q\ԗf8^uN\\啎n|]\\\Rh^GBYK\K%\4u᮳|+ \0\0\0\0\0\0\0\0\0\0\0\0\0\0\0\0\0\0\0\0\0\0\0\0\0\0\0\0\0)>oXmJ]c$\\J2I*;\v\rgF\u\\Umw)[\N6)\'\{xA+5.\י\\vy\;zUT\rm\\Q]9I	9-\Ξ\\x\˵\Zf\0\0\0\0\0\0\0\0\0\0\0\0\0Z{WMC\ղw\\l<]\E\ur\\\vt|\%L<\/\\H\ұ\\^.E\0S\:V\\ŭl(\\Z&%e\/_êT\5굻\0\0&\\0\0\0\0\0\0\0\0\0\0\0\0\0\0\0\0\0\0\0\0\0\0\0\0\0\0\0\0\0m\\K9[|V\\\\Zjyեu\^\\oY/S\\\1#͙|1\\~X\\\\\U\+f{B{3a^\8L\ұˍV=kmqQ\k\&\\W\֮N%?Kt)\"kFѾNق\=\0\\\0\0\0\0\0\0\0\0\0\0\0\0\0\0\0\0\0\0\0\0\0\0\0\0\0\0\0\0\0\0\0\0\0\0\0\0\0\0\0\0\0\0\0\0\0\0\0}xoZ\#\\\\'|\\@i\\\\\Ķ_=S	+?{\0\0\0\0\0\0\0\0\0\0\0\0\0\0\0\0\0\0\0\0\0\0\0\0\0\0\0\0\0\0\0\0\0\0ݟA~}Od\\\\\0\\r#\\mY}*?Ysm\ʙ2 \p\0\0\0\0\0\0\0\0\0\0\0\0\0\0\0\0\0\0\0\0\0\0\0\0\0\0\0\0\0\0\0\0\0\0\0\0\0\0\0\0\0\0nvAF\h콦[\t{:\e\mP	IJ84\]+\W\E\_VMYEKnjnnkۭ\dek\\mxv#\\Z\\Z\0kX^s_%yرg\.RȢPb\\R\XJu-Z)FK\\SME.JgF\06p\0\0\0\0\0\0\0\0\0\0\0\0\0\0\0\0\0\0\0\0\0\0\0\0\0\0\0\0\0\\\>\qV\.\\mA\Mv\yvi4W\\w\\9\5v\~JũW8\\u\	\KgFIII4\Ib^\8WK\zn%)J\ӚIIOl(кPұ]\ɣ*_\rޓ׀\ny2\0\0\0\0\0\0\0\0\0\0\0\m~Lkm{SM\\0تN\\%-?r\Ok;*ӫ]wj\i\\ގ8\\$\M\_ŞV4\\iv_R\9j\\\!8܌FNeeݶ\y6J餛mEJm$\\$\һQ\w\\0\\0\0\0\0\0\0\0\0\0\0\0\0\0\0\0\0\0\0\0\0\0\0\0\0\0\0\0\0Q>\JnVIrI6\K	_ ~݌Fn]\r\Ó٩e]fT\\\ȏ6ˮCIDû7c\\t=?F[;hK\"Im\e[̉\m[m@\:F\\\=\\\e\\K\\\0i\0\0\0\0\0\0\0\0\0\0\0\0\0\0\0\0\0\0\0\0\0\0\0\0\0\0\0\0\0\0\0\0\0\0\0\0\0\0\0\0\0\0\0\0\0\0\0>N\0\7\d\w^O\k 4\\s\׉\~\?\[?ɯ\0\0\0\0\0\0\0\0\0\0\0\0\0\0\0\0\0\0\0\0\0\0\0\0\0\0\0\0\0\0\0\0\0\\\\?>E.ov\?\6M96\Mo\L\O\8\0\0\0\0\0\0\0\0\0\0\0\0\0\0\0\0\0\0\0\0\0\0\0\0\0\0\0\0\0\0\0\0\0\0\0\0\0\0\0\0\0\0\0\0e;\v \3t\\K2\'\9\έ7\\K\f\dRd\nSo2R^\'͕H=\IhI.ф\ohdsXF1фV\E\M\T%ƏK\\\]%Ff}7\\\0\0\0\0\0\0\0\0\0\0\0\0\0\0\0\0\0\0\0\0\0\0\0\0\0\0\0\0\0.ݧ\'FI\j+~˛\}mʦ)tQzz(3+«Uē\\үU+v\[\|d\wߤc/!V\-K?\r$}MZoQ9k\0\0\0\0\0\0\0\0\0\0\00}\\:FvK.\\뮗(\UI--{ʉCzk9NTח<*7٥Vu2Yյbh\Z:!7\U\\\#ti5\\0U\0\0\0\0\0\0\0\0\0\0\0\0\0\0\0\0\0\0\0\0\0\0\0\0\0\0\0\0\0\0e/\0cKV\Z/*XDVjkx\\˓/}.\\\U*\"\}hnƖ\\uljŔ\URxU\\r\\Բ&\Z\\Y\rW^\]č[GQ0-\0\0\0\0\0\0\0\0\0\0\0\0\0\0\0\0\0\0\0\0\0\0\0\0\0\0\0\0\0\0\0\0\0\0\0\0\0\0\0\0\0\0\0\0\0\0\0\0\0;/I\\'\nG׉\\zO\?ӿϦ?^\']\0l\0&z\0V~\0\0\0\0\0\0\0\0\0\0\0\0\0\0\0\0\0\0\0\0\0\0\0\0\0\0\0\0\0\0\0\0\0\07?Hȹ\\0\ZG\\\0ڲ>T~!4\\\O52d@i?\\0\0\0\0\0\0\0\0\0\0\0\0\0\0\0\0\0\0\0\0\0\0\0\0\0\0\0\0\0\0\0\0\0\0\0\0\0\0\0\0\0\0\0\0\0\\\V\Y;\hK!Qd=R\<\zI\G*^fi~SEؗG\6\\\	/қ\6\\n&\\\R\nqq{Mo\;J\#H\3tLFEҞܾt`\ir\uܣ\\U7g:\dX|)\Ÿ\0\0\0\0\0\0\0\0\0\0\0\0\0\0\0\0\0\0\0\0\0\0\0\0\0\0\0\0Iٟ٤\X\Z\|\xte8\\\\\M^uʺ\'<\\pM4\Z\㊒i\}{d\?.B6BJU\*p\FI8\?ibN\3%\'+nmm\rx\to_O\K\qڴ\9\8SEޓ\\0#\\0\0\0\0\0\0\0\0\;_\iVɤ/MsW\\7Q4\ZS[-\\\\ԙ\\=Čm\\kNY\n[,u\\m/Rգ*T\\\\';\\\\0I\0\0\0\0\0\0\0\0\0\0\0\0\0\0\0\0\0\0\0\0\0\0\0\0\0\0\0\0\0\rumCE\鑟^4e\\\\o\8\\E*ˤMƶV-j)Ħ<QUt\\\\\T DR\\"\S\kY\\\z^,*t}:V$\\\\M\V%\r?h׬,}2]^\Z4u=Zz\W\0\0\0\0\0\0\0\0\0\0\0\0\0\0\0\0\0\0\0\0\0\0\0\0\0\0\0\0\0\0\0\0\0\0\0\0\0\0\0\0\0\0\0\0\0\0\0\0\0\0;/I\\'\nG׉\\zO\?ӿϦ?^\']\0l\0&z\0V~\0\0\0\0\0\0\0\0\0\0\0\0\0\0\0\0\0\0\0\0\0\0\0\0\0\0\0\0\0\0\0\0\0\07?Hȹ\\0\ZG\\\0ڲ>T~!4\\\O52d@i?\\0\0\0\0\0\0\0\0\0\0\0\0\0\0\0\0\0\0\0\0\0\0\0\0\0\0\0\0\0\0\0\0\0\0\0\0\0\0\0\0\0\0\0\0\0\0.=>\\{1oO98n2I)[Eq߬id\w\k1S)ea\\/D\%K5ג\/i5\\:\\ٔ^p_Fq\\JS[\*\0\'Ƞ\0\0\0\0\0\0\0\0\0\0\0\0\0\0\0\0\0\0\0\0\0\0\0\0\0\0\0\0\0~?r\ִ9\1\\M\\EЌ_H»1!>$Ov\\\?\=>*ɪ,LVv֖MIW?Ӛ\Z?)F]گ,XgEpð\0|\0\0\0\0\0\0\0PF~0\_\j\Z.\\\\ʜTy6QUnQ\1\\\'\+&۽\\ȏN7\.\dp\t\Ak)7[l\Zr1\\\6\'eٿ\xޒmip\0	#H\0\0\0\0\0\0\0\0\0\0\0\0\0\0\0\0\0\0\0\0\0\0\0\0\0\0\0l\9\mCEuv~UXJ<L,\\\\SJ\[4|rQWž\z\\\Le?r[s.V)jW\o.u\B5\o\\\\\mt\^=qQB\!EF_dRG\8zIT	\\ȼB*1Q[\0\0{\0\0\0\0\0\0\0\0\0\0\0\0\0\0\0\0\0\0\0\0\0\0\0\0\0\0\0\0\0\0\0\0\0\0\0\0\0\0\0\0\0\0\0\0\0\0\0\0\0\0G׉\\zO\?R>N\0\7\d\}1:\ܧKg5\0\\0\0r\0\0\0\0\0\0\0\0\0\0\0\0\0\0\0\0\0\0\0\0\0\0\0\0\0\0\0\0\0\0\0\0\0\0\\0\ZG\\\0E\\\\?>F՗ߡ	?F\ɭ\"\0;I\\0\0\0\0\0\0\0\0\0\0\0\0\0\0\0\0\0\0\0\0\0\0\0\0\0\0\0\0\0\0\0\0\0\0\0\0\0\0\0\0\0\0\0\0\0\0\0\\'$\$\Mn٦)\Z\dMkR\6~V&U\ow͋?\\Y5D\	K\ۛ\n2)^{8uM3[&v-M\'ʮgRo\\ά9W3}yzY}J\ɮ\\v\\"=jW8\n\0:V\0\0\0\0\0\0\0\0\0\0\0\0\0\0\0\0\0\0\0\0\0\0\0\0\0\0\0\0\0MهKK\as\\ɚ\Sb\\(+T\\&M4\[O\kWu\\\\\kc`\oG4mA\\nΔg\n\\\\}7iǯEԦEO\nu>T_s^i\r<%]PI\'@\0\0\0\0\0\0\\U]\\]P\r	6~\\\7\\\\ZV,Gea\N{$\\JsP[Z]\̝\\#3##Po;3\"Vd\;\vR0I%\\\rX\"\'{ox\0\\0\0\0\0\0\0\0\0\0\0\0\0\0\0\0\0\0\0\0\0\0\0\0\0\0\0\03Gu\Wjsu\XNq\-ߙ)ST-٪\^c)}{\q.]NVRV̜Թ\\g\{\\\{MkeGM\\6\YeWEu\*DV\\\0\0\0\0\0\0\0\0\0\0\0\0\0\0\0\0\0\0\0\0\0\0\0\0\0\0\0\0\0\0\0\0\0\0\0\0\0\0\0\0\0\0\0\0\0\0\0\0\0\0\0\0;/I\\'\nG׉\\zO\?ӿϦ?^\']\0l\0&z\0V~\0\0\0\0\0\0\0\0\0\0\0\0\0\0\0\0\0\0\0\0\0\0\0\0\0\0\0\0\0\0\0\0\0\07?Hȹ\\0\ZG\\\0ڲ>T~!4\\\O52d@i?\\0\0\0\0\0\0\0\0\0\0\0\0\0\0\0\0\0\0\0\0\0\0\0\0\0\0\0\0\0\0\0\0\0\0\0\0\0\0\0\0\0\0\0\0\0\0\01wćpl\4\W\\rxR뽘ޏc(\\d\v%zo\l_8[	/[3\\5#Q|c<N:\q{Mn\;$\krrt˶,\\}2߯,9\0\	ߊ(W6\0\0\0\0\0\0\0\0\0\0\0\0\0\0\0\0\0\0\0\0\0\0\0\0\0\0\0\0	{\_h᫰\zvJI\\'VBd$\s\mk\\?D! \Kɨ\d0r𥳐-5rщ\\$.\4\'u[Jp\0\e\0\0\0\0\0\0\0ag:8om\\.5^4,˔򚡷ßO7H\|\F.[\[Tz|\Ǟ\\\'{\hz\'|ع.K\\iI\z\0S@\0\0\0\0\0\0\0\0\0\0\0\0\0\0\0\0\0\0\0\0\0\0\0\0\0\0\0\0\o,e/k\ۧ+Q\7I\a\\\\\N\O\\\\A\t\~\q.\u{my7me\\\0\n䜪Rog͢~\nOUqIq\y\Xd.w`\0\l\0\0\0\0\0\0\0\0\0\0\0\0\0\0\0\0\0\0\0\0\0\0\0\0\0\0\0\0\0\0\0\0\0\0\0\0\0\0\0\0\0\0\0\0\0\0\0\0\0\0\0\0G׉\\zO\?R>N\0\7\d\}1:\ܧKg5\0\\0\0r\0\0\0\0\0\0\0\0\0\0\0\0\0\0\0\0\0\0\0\0\0\0\0\0\0\0\0\0\0\0\0\0\0\0\\0\ZG\\\0E\\\\?>F՗ߡ	?F\ɭ\"\0;I\\0\0\0\0\0\0\0\0\0\0\0\0\0\0\0\0\0\0\0\0\0\0\0\0\0\0\0\0\0\0\0\0\0\0\0\0\0\0\0\0\0\0\0\0\0\0\0\0\0L=+\ȊڭKؾ;}\^Um\&=1Tr\\u\Q~Nv\m\B\\'-\\xCf\O\z*+eږ\⻒eF\\rZώ \0J\0\0\0\0\0\0\0\0\0\0\0\0\0\0\0\0\0\0\0\0\0\0\0\0\0\0\0\0ɯ\r\,N/Ӣ\\2/]y\y\n_/죌\z0,\Zkȭ޾\S\EM|)\ʌ\i\lY\R2\.\0\0\0\0\0\0|O\8\".ha\\cﺮƧt\\\m_cD\\Z\0w\w\\[\T\\~\o\qԾmO\)1\mz\"ve\0\0\0\0\0\0\0\0\0\0\0\0\0\0\0\0\0\0\0\0\0\0\0\0\0\0\0\0\0\0\\jsQԚ遁\n\/u[m\{?\%\\0}3UbԵ	\})c\\\\?r=Iz.v[3\:b)k\\ē+ˍ\Zb@\07\0\0\0\0\0\0\0\0\0\0\0\0\0\0Mޫa\\u\\_lb\1I/\	\A\\\0N\ƞor\ד\:>\lmVT\\Ɔ!;uZ.\\Wݝ\xO\xO\т\\0?/YwE~g\Z`׋\0+d\׋\0+d\-\\\\h}\~\^/\0,~\^/\0,`{\O\K\?tW\vxO\xO\с\\0?/X\_\\.\\\\0\\?\\\\0\\?\F\dtcwE~g\Z`׋\0+d\׋\0+d\-\\\\h}\~\^/\0,~\^/\0,`{\O\K\?tW\vxO\xO\с\\0?/X\_\\.\\\\0\\?\\\\0\\?\F\dtcwE~g\Z`׋\0+d\׋\0+d\-\\\\h}\~\^/\0,~\^/\0,`{\O\K\?tW\vxO\xO\с\\0?/X\_\\.\\\\0\\?\\\\0\\?\F\dtcwE~g\Z`׋\0+d\׋\0+d\-\\\\h}\~\^/\0,~\^/\0,`{\O\K\?tW\vxO\xO\с\\0?/X\_\\.\\\\0\\?\ǽjfT錣[z\&\}ZO\\*\j\rksrkfϡ}B\J\J\BJsQj\w<S\0\rr`\0\0\0\0\0\0\0\0\0\0\0\0\0\0\0\0\0\0\0\0\0\0\0\0\0\0\0\0\0\0\0\0\0\0~]\ź{%VE3S\\\\\פ\\֏\G\3iw4\W4\i\\w?uV\U?uV\UZ0m{\O\K\@\\\\0CC\sZ\l\WcZ\l\We\u2:^;S\r]\\k\\0U_\\k\\0U_喌u\\\z\\\N\4>w?uV\U?uV\UZ0=\_\\'\+;?\\\ּ_[\'UXּ_[\'UYh]Η~\\\\0CC\sZ\l\WcZ\l\We\u2:^;S\r]\\k\\0U_\\k\\0U_喌u\\\z\\\N\4>w?uV\U?uV\UZ0=\_\\'\+;?\\\ּ_[\'UXּ_[\'UYh]Η~\\\\0CC\sZ\l\WcZ\l\We\u2:^;S\r]\\k\\0U_\\k\\0U_喌u\\\z\\\N\4>w?uV\U?uV\UZ0=\_\\'\+;?\\\ּ_[\'UXּ_[\'UYh]Η~\\\\0CC\sZ\l\WcZ\l\We\u2:^;S\r]\\k\\0U_\\k\\0U_喌u\\\z\\\N\4>w?uV\U?uV\UZ0=\_\\'\+;?\\\ּ_[\'UX֜_[\'UYh]Η~\\\\0CC\\Grt̻~U\\\\=[\\]\Uӿo\f_X\vzm\c\\\-8\\\A(\5\\$J\I+I` \07\n\\0\0\0\0\0\0\0\0}\	\\9[E̩G\;0\\\\\\0e\6D\\r\Z.ĳW\e3_8[	dۍew.\\klƶ;\\n<\M?S^}9\\ԗ\+\D6]+\|\0\0\0\0\0\0\0\0\0\0\0\0\0\0\0\0\0\0\0\0\0\0\0\0\0\0\0\0\6\iz\/f}>s؟n%Y^\\Xֹ:So\\XcѤ\E\[ĺ\v\0KuqE>N\\\K^`\|\0\Z\\0\0\0\0?&F]!UsO\E\\0b5-n$\uҕ\I\\d윟\)7M\*\\\k1\Zn[\\\S(t\_j+\1\%\\\%\v)?J t\0\0\0\0\0\0\0\0\0\0\0\0\0\0\0\0\0\0\0\0\0\0\0\0\0\0\0lI9?D\~#@.\p)[ߗ}8/&\\\\42\{Ky<\#\whN*6,\ZmG\V\:\}ܛM\\Mu\Z媨FGTbBI\uf\77\\/1W$\0\z\0\0\0\0\0\0\0\0\0\0\0\0\0\0A\\\08\\y_\Y	g\\\\g\Μ\0P\\@\0\0\0\0\0\0\0\0\0\0\0\0\0\0\0\0\0\0\0\0\0\0\0\0\0\0\0\0\0\0\0\0\0\0\0\0\0\0\0\0\0\0\0\0\0\0\0\0\0\0\0\0\0\0\0\0\0\0\0\0\0\0\0\0\0\0\0\0\0\0\0\0\0\0\0\0\0\0\0\0\0\0\0\0\0\0\0\0\0\0\0\0\0\0\0\0\0\0\0\0\0\0\0\0\0\0\0\0\0\0\0\0Kor\ޝk2;WoN|N\aޟȏ\GS\6\\0Θ\0\\\0\0\0\0\0\0\0\0\0x`qfJw\G:r덖K\r\\wD\n*u\;=Gomӥ	K\ÿm]#־ɠjj\u|֮27HGZ{fU\0\0\0\0\0\0\0\0\0\0\0\0\0\0\0\0\0\0\0\0\0\0\0\0\0\0\0\0\0[\"Vf\\\\\Z(\\[\v\abx6\Idqoyե\F?\\:%\қE|;9~\\\o\d(\0\0C`\0\0\0\0c/\0<n\Z\\X.9R\\\'/bsq\UØ׫c\/ӑ־\Da\45l\\}WEy\+ZNW\Krw\0d!\0\0\0\0\0\0\0\0\0\0\0\0\0\0\0\0\0\0\0\0\0\0\0\0\0\0{sxCQr\kߋ\uY\\ԯ?ș\5\.\%/.v\oMW._ѷT\\%/U\ѷdX$\0\\\0\0\0\0\0\0\0\0\0\0\0\0\0\0\0\0A\\\08\\y_\Y	g\\\\g\Μ\0P\\@\0\0\0\0\0\0\0\0\0\0\0\0\0\0\0\0\0\0\0\0\0\0\0\0\0\0\0\0\0\0\0\0\0\0\0\0\0\0\0\0\0\0\0\0\0\0\0\0\0\0\0\0\0\0\0\0\0\0\0\0\0\0\0\0\0\0\0\0\0\0\0\0\0\0\0\0\0\0\0\0\0\0\0\0\0\0\0\0\0\0\0\0\0\0\0\0\0\0\0\0\0\0\0\0\0\0\0\0\0\0\0\0Kor\ޝk2;WoN|N\aޟȏ\GS\6\\0Θ\0\\\0\0\0\0\0\0\0\0\0\\\Jz~u\\\\\{zyyk\\0\`֓ɯ\\!f.x\\\\rI\.li\\\\Ȯvm\I=SS\%W\\{Du\pd\'R\0\0\0\0\0\0\0\0\0\0\0\0\0\0\0\0\0\0\0\0\0\0\0\0\0\0\0\06$U\yxn>\\\\?\\^D\\\'\\ZlW\O\~\0\o\M\δ5m7Q\?\Z|^\0@\0\0\0\0Fߌ5_\\\RʟϛJkk.οW\\4	\\4<ox(\\O\\\?\\/*A\Y \0&H\\0\0\0\0\0\0\0\0\0\0\0\0\0\0\0\0\0\0\0\0\0\0\0\0\0\0\0H׃nC\\\hO\ܥmO\hoHR[\"t_\\5j\ʺq\e۷\A\\\$\REz:7ֿrfr\0\e\0\0\0\0\0\0\0\0\0\0\0\0\0\0\0\0A\\\08\\y_\Y	g\\\\g\Μ\0P\\@\0\0\0\0\0\0\0\0\0\0\0\0\0\0\0\0\0\0\0\0\0\0\0\0\0\0\0\0\0\0\0\0\0\0\0\0\0\0\0\0\0\0\0\0\0\0\0\0\0\0\0\0\0\0\0\0\0\0\0\0\0\0\0\0\0\0\0\0\0\0\0\0\0\0\0\0\0\0\0\0\0\0\0\0\0\0\0\0\0\0\0\0\0\0\0\0\0\0\0\0\0\0\0\0\0\0\0\0\0\0\0\0Kor\ޝk2;WoN|N\aޟȏ\GS\6\\0Θ\0\\\0\0\0\0\0\0\0\0\0ӼG3\'\\kJe%׼K~]O6\e2\+rOѩ\\\0c=\ZR\\\w\Z\\keo4c/Oϡ¼Yּ+n\\u	\jQk\\Qdm\0\0<\0\0\0\0\0\0\0\0\0\0\0\0\0\0\0\0\0\0\0\0\0\0\0\0\0\0__<^(\S\Z\\\0\k\\@5\r?=b\9-T\\\Q67(\Gǧ-\K]\FJ5{p\0L\0\0\0~-\ZccqU\]/\nDό\\>_F&[F[-5+IO \0$ \0\0\0\0\0\0\0\0\0\0\0\0\0\0\0\0\0\0\0\0\0\0\0\0\0\0\0M·*8;KR\䮛oĒ$ɓ\\I-\%\b\Կ\U!\#2z-x\|@X\0\0\0\0\0\0\0\0\0\0\0\0\0\0\0\y_\YA\\\0HK~h~\\n6\\\d\0\0\0\0\0\0\0\0\0\0\0\0\0\0\0\0\0\0\0\0\0\0\0\0\0\0\0\0\0\0\0\0\0\0\0\0\0\0\0\0\0\0\0\0\0\0\0\0\0\0\0\0\0\0\0\0\0\0\0\0\0\0\0\0\0\0\0\0\0\0\0\0\0\0\0\0\0\0\0\0\0\0\0\0\0\0\0\0\0\0\0\0\0\0\0\0\0\0\0\0\0\0\0\0\0\0\0\0\0\0\0\0*M\\ѷ/c&\\\Y\\\\\T5<)3m\0\U\0\0\0\0\0\0\0\0\0\0^:,s\ZKg^\س*\j \0I\\\Kuq\O\"c\\n\0\R_`KZ%1}L\\$\06\0\0\0\0\0\0\0\0\0\0\0\0\0\0\0\0\0\0\0\0\0\0\0\0\0\0\0\\\\s6O\5mU^\\N*K\ls\0%\ط,}\'Lio\\Zi>3C\X4^R\=h\0\0\0\0\0A&\\i?Jƪ?b\ǟJ\^\<]\\0F?\\\\:\]B}DR\>.\0٬\0\0\0\0\0\0\0\0\0\0\0\0\0\0\0\0\0\0\0\0\0\0\0\0\0\0\0|3߹?\Kd؞^׶ܘq\\=i\0i~?\\!/1Q_\S#~-%\~hz\\]G\\0t\0\0\0\0\0\0\0\0\0\0\0\0\0\0\0\0A\\\08\\y_\Y	g\\\\g\Μ\0P\\@\0\0\0\0\0\0\0\0\0\0\0\0\0\0\0\0\0\0\0\0\0\0\0\0\0\0\0\0\0\0\0\0\0\0\0\0\0\0\0\0\0\0\0\0\0\0\0\0\0\0\0\0\0\0\0\0\0\0\0\0\0\0\0\0\0\0\0\0\0\0\0\0\0\0\0\0\0\0\0\0\0\0\0\0\0\0\0\0\0\0\0\0\0\0\0\0\0\0\0\0\0\0\0\0\0\0\0\0\0\0\0\0Kor\ޝk2;WoN|N\aޟȏ\GS\6\\0Θ\0\\\0\0\0\0\0\0\0\0\0\0\0!s\C\\i6}\\0d\6Z\#Ļ\+\\b\a)մl\\ه\W\\\0$i\0\0\0\0\0\0\0\0\0\0\0\0\0\0\0\0\0\0\0\0\0\0\0\0\0\0\0wM}DwP\\Zв?\i\0u\0	\\?ri\\\\0\\y\H\y˫\_C, \0\0\0\0kޗ7\\n \0!UO\0-y\{z/רd\TU\\(ĊEo|\\0 \0\0\0\0\0\0\0\0\0\0\0\0\0\0\0\0\0\0\0\0\0\0\0\0\0\0\\4\>\q\_E?\\\n\0\v{\\\4z\\}\\/\8\\}Ǣ׉\'\̿PM&\0\0\0\0\0\0\0\0\0\0\0\0\0\0\0\y_\YA\\\0HK~h~\\n6\\\d\0\0\0\0\0\0\0\0\0\0\0\0\0\0\0\0\0\0\0\0\0\0\0\0\0\0\0\0\0\0\0\0\0\0\0\0\0\0\0\0\0\0\0\0\0\0\0\0\0\0\0\0\0\0\0\0\0\0\0\0\0\0\0\0\0\0\0\0\0\0\0\0\0\0\0\0\0\0\0\0\0\0\0\0\0\0\0\0\0\0\0\0\0\0\0\0\0\0\0\0\0\0\0\0\0\0\0\0\0\0\0\0*M\\ѷ/c&\\\Y\\\\\T5<)3m\0\U\0\0\0\0\0\0\0\0\0\0(|`\ty\0;L#\n\\?@\zܻ\r\0\u\S\^EJ\\Ϩ\0	r<\0\0\0\0\0\0\0\0\0\0\0\0\0\0\0\0\0\0\0\0\0\0\0\0\0\0\0\\/8ο,\A6>\ZY\\?\\0s6x@x\_V^gEK\0s(>,\0\0\0\0k\l\\u_\0\<a\;g\0ֵ\0\\Z\0\<\yEo|K\02@\0\0\0\0\0\0\0\0\0\0\0\0\0\0\0\0\0\0\0\0\0\0\0\0\0\0s\\"\_\W\0M\0\6\Z5\\A\\0\sa\>D\\\{}>\0<\0\0\0\0\0\0\0\0\0\0\0\0\0\0\0\0s\?\~s\dN1<c^W\7\E#\nm.~{\\\s\03\0\0\0\0\0\0\0\0\0\0\0\0\0\0\0\0\0\0\0\0\0\0\0\0\0\0\0\0\0\0\0\0\0\0\0\0\0\0\0\0\0\0\0\0\0\0\0\0\0\0\0\0\0\0\0\0\0\0\0\0\0\0\0\0\0\0\0\0\0\0\0\0\0\0\0\0\0\0\0\0\0\0\0\0\0\0\0\0\0\0\0\0\0\0\0\0\0\0\0\0\0\0\0\0\0\0\0\0\0\0\0\0\ܫ7F\\̾%\Uӿo\f_X7#Q\ͷ\0\W\0\0\0\0\0\0\0\0\0\0\0\Y~4\\Hό\9\0\?ǥ\t?\*zCߟB\0d\0\0\0\0\0\0\0\0\0\0\0\0\0\0\0\0\0\0\0\0\0\0\0\0\0\0\0\`\03t\\5/\0䐰M77O\R\0I[U\*:/.I@\0\0\0\05\\\Z\\0\\jx\\v\\q|YC \'c̏B\.\`\0e0\0\0\0\0\0\0\0\0\0\0\0\0\0\0\0\0\0\0\0\0\0\0\0\0\0\0\\'\0_\?y\\d\+u\\:TV~;6 (s\K΋.\\@\0Sɀ\0\0\0\0\0\0\0\0\0\0\0\0\0\0\0<c^W\7\D\s\?\~s\dR<&\\韚\'\w۾M\W:pC?Y\0\0\0\0\0\0\0\0\0\0\0\0\0\0\0\0\0\0\0\0\0\0\0\0\0\0\0\0\0\0\0\0\0\0\0\0\0\0\0\0\0\0\0\0\0\0\0\0\0\0\0\0\0\0\0\0\0\0\0\0\0\0\0\0\0\0\0\0\0\0\0\0\0\0\0\0\0\0\0\0\0\0\0\0\0\0\0\0\0\0\0\0\0\0\0\0\0\0\0\0\0\0\0\0\0\0\0\0\0\0\0\0-ʿzwm\\X\\_ɽ;6\e;5z\"?U\O\nL\\+\0:`\0np\0\0\0\0\0\0\0\0\0\0\0OI\\\0\\0Ǧ\H\p>Xڜ޷\t?\*zCߟP\0$p\0\0\0\0\0\0\0\0\0\0\0\0\0\0\0\0\0\0\0\0\0\0\0\0\0\0\0&\q\$j|1kkt\\0\\/=C%\eo\\WˏըL\|=&U\0vY\0\0\0\0\0׿n\'\'k\0\N_\\l_\4[\\!\0\3Ug\0g\BZԠ\/)\\\\@\0\`\0\0\0\0\0\0\0\0\0\0\0\0\0\0\0\0\0\0\0\0\0\0\0\0\0\0\0;^\<\,ENny5M\\lzkK\$Qo\۩\V&IE/\5\O\\0G-Y.+\\0K&\0\0\0\0\0\0\0\0\0\0\0\0\0\0\0\y_\YA\\\0HK~h~\\n6\\\d\0\0\0\0\0\0\0\0\0\0\0\0\0\0\0\0\0\0\0\0\0\0\0\0\0\0\0\0\0\0\0\0\0\0\0\0\0\0\0\0\0\0\0\0\0\0\0\0\0\0\0\0\0\0\0\0\0\0\0\0\0\0\0\0\0\0\0\0\0\0\0\0\0\0\0\0\0\0\0\0\0\0\0\0\0\0\0\0\0\0\0\0\0\0\0\0\0\0\0\0\0\0\0\0\0\0\0\0\0\0\0\0*M\\ѷ/c&\\\Y\\\\\T5<)3m\0\U\0\0\0\0\0\0\0\0\0\0)aw\Z\0eK\\0r\)k|7\^_.|\huC\*Vg\\0\0\0\0\0\0\0\0\0\0\0\0\0\0\0\0\0\0\0\0\0\0\0\0\0\0\0\0	\\\\#_gO$ \C4\\n\%[\\z-x\|{\\0\\0\0\0\0\\\\}%$\X\'Jt+3\\y\W\:U#bzo!\e]Z] \0n\Z\0\0\0\0\0\0\0\0\0\0\0\0\0\0\0\0\0\0\0\0\0\0\0\0\0\0\P.ЗY\gY\\?\\f-\\\\8\_\_h\t\G\T<#M\r]z=\9t@\0Q\0\0\0\0\0\0\0\0\0\0\0\0\0\0\0<c^W\7\D\s\?\~s\dR<&\\韚\'\w۾M\W:pC?Y\0\0\0\0\0\0\0\0\0\0\0\0\0\0\0\0\0\0\0\0\0\0\0\0\0\0\0\0\0\0\0\0\0\0\0\0\0\0\0\0\0\0\0\0\0\0\0\0\0\0\0\0\0\0\0\0\0\0\0\0\0\0\0\0\0\0\0\0\0\0\0\0\0\0\0\0\0\0\0\0\0\0\0\0\0\0\0\0\0\0\0\0\0\0\0\0\0\0\0\0\0\0\0\0\0\0\0\0\0\0\0\0-ʿzwm\\X\\_ɽ;6\e;5z\"?U\O\nL\\+\0:`\0np\0\0\0\0\0\0\0\0\0\0\0o\\~-\n\\nYތE23\;\\w񆮟Z\]%s:͂:jkcޓ)}itj\0\0\0\0\0\0\0\0\0\0\0\0\0\0\0\0\0\0\0\0\0\0\0\0\0\0\0O_sg\5\0զ@~T\-l9\.\4Wt\?\ǭ\0ĩxE/\S[\\b\\X\\0Q\0\0\0\0\0\⯃(_׻fYF\\˭\V|,\-_OL:\wck\T-\\\\\0\0\0\0\0\0\0\0\0\0\0\0\0\0\0\0\0\0\0\0\0\0\0\0\0\0\0\0	\\,y⿷\(\\Nq/\\\ۮG\\yєڙZ\̥K/=\Ό\kz\09\d\0\0\0\0\0\0\0\0\0\0\0\0\0\0\0\0s\?\~s\dN1<c^W\7\E#\nm.~{\\\s\03\0\0\0\0\0\0\0\0\0\0\0\0\0\0\0\0\0\0\0\0\0\0\0\0\0\0\0\0\0\0\0\0\0\0\0\0\0\0\0\0\0\0\0\0\0\0\0\0\0\0\0\0\0\0\0\0\0\0\0\0\0\0\0\0\0\0\0\0\0\0\0\0\0\0\0\0\0\0\0\0\0\0\0\0\0\0\0\0\0\0\0\0\0\0\0\0\0\0\0\0\0\0\0\0\0\0\0\0\0\0\0\0\ܫ7F\\̾%\Uӿo\f_X7#Q\ͷ\0\W\0\0\0\0\0\0\0\0\0\0,$\$R^ޟ\r\_Zş\'\0yQ̾Z\k\\Ϛ\yy\Iz\,gs[vsk\\N\ZQܒ\Wz\֜\\0!\0\0\0\0\0\0\0\0\0\0\0\0\0\0\0\0\0\0\0\0\0\0\0\0\0\0\0j\\\06=\M=ӃCE\0q]Zl\1\\쮘/k\($S|#xR_/=}ŇE%\T\0RI\0\0\0\0#\O,nV=6i\$\0Y\hі\\\Uʕ/\\,57ґM\Ҿ\\Z\\\]\"Ґ\0d`\0\0\0\0\0\0\0\0\0\0\0\0\0\0\0\0\0\0\0\0\0\0\0\0\0\0\0dx7q,\<A=\\׫MY4Y\\]\\Y>E\n\G{+M\\RH}/k%N>\E\$t|މj\0\0\0\0\0\0\0\0\0\0\0\0\0\0\0\0\09\\9\'1/+\0k\"\76L\?Pý\l\0ZӀ\n\\0\0\0\0\0\0\0\0\0\0\0\0\0\0\0\0\0\0\0\0\0\0\0\0\0\0\0\0\0\0\0\0\0\0\0\0\0\0\0\0\0\0\0\0\0\0\0\0\0\0\0\0\0\0\0\0\0\0\0\0\0\0\0\0\0\0\0\0\0\0\0\0\0\0\0\0\0\0\0\0\0\0\0\0\0\0\0\0\0\0\0\0\0\0\0\0\0\0\0\0\0\0\0\0\0\0\0\0\0\0\0\0	m\Uӿo\f_\w*M\\ѷ/٬?\jxSf\\0Q_\\0t\0\0\0\0\0\0\0\0\ɯ{.\\\\˚{\D^\0\\F:xq,qxCZ\0OH\0K.\QѼ[xra\r\i&\dbAE|TbRG\f\w\0>\0\0\0\0\0\0\0\0\0\0\0\0\0\0\0\0\0\0\0\0\0\0\0\0\0\0\0\ks)\:bk\\S;:}P6 n\qh\&\eʯ%\O\Vr~\(~K\\\&h\6z\0\0\\0\0\0\0b/f\9yܺn\T*d\w\\^O	\\<\urst\΃\\\;\S+Qx|\0r\0\0\0\0\0\0\0\0\0\0\0\0\0\0\0\0\0\0\0\0\0\0\0\0\0\0\0\\\oQ\YXSm\mǝ\n\!}/\c\;;\\:vԜps\]EJ\-|Sk\`S\iJ.]\{<*F\\R8v\0\0\0\0\0\0\0\0\0\0\0\0\0\0\0\0s\?\~s\dN1<c^W\7\E#\nm.~{\\\s\03\0\0\0\0\0\0\0\0\0\0\0\0\0\0\0\0\0\0\0\0\0\0\0\0\0\0\0\0\0\0\0\0\0\0\0\0\0\0\0\0\0\0\0\0\0\0\0\0\0\0\0\0\0\0\0\0\0\0\0\0\0\0\0\0\0\0\0\0\0\0\0\0\0\0\0\0\0\0\0\0\0\0\0\0\0\0\0\0\0\0\0\0\0\0\0\0\0\0\0\0\0\0\0\0\0\0\0\0\0\0\0\0\ܫ7F\\̾%\Uӿo\f_X7#Q\ͷ\0\W\0\0\0\0\0\0\0\0\0xk@yڥ\\\\*i!쾫F\\֌\\"\\\'y-\Sʻ\Z	\&tD5\p\|\"\\Ե\V>O)\0\0\0\0\0\0\0\0\0\0\0\0\0\0\0\0\0\0\0\0\0\0\0\0\0\0\0\0\ZC!o.M͓JRǄK\[~eȫw\Mo+ov:lȺK%T9(\oIm+8\0@\0\0\0\09\>\Z~v\<W\e3֍r0_\GѮi\-SS\`Q\ŭ=\\\ʶ~ůٗO\'\/\\'\ bl\0]\n\0\0\0\0\0\0\0\0\0\0\0\0\0\0\0\0\0\0\0\0\0\0\0\0\0\0\0>y5sFQůֶ>\\\G\CB\5\\Z~-\9y1Ro\rM\\0.:Y|+^+v鹙8s\E\dУ\h/\Ꙙ\"\\N\Uw\\^i\Z)\H\0\rC \0\0\0\0\0\0\0\0\0\0\0\0\0x\\o\ \\\\0\ȤxMͥ\?4O\?p\}|?֮t\~\0\0\0\0\0\0\0\0\0\0\0\0\0\0\0\0\0\0\0\0\0\0\0\0\0\0\0\0\0\0\0\0\0\0\0\0\0\0\0\0\0\0\0\0\0\0\0\0\0\0\0\0\0\0\0\0\0\0\0\0\0\0\0\0\0\0\0\0\0\0\0\0\0\0\0\0\0\0\0\0\0\0\0\0\0\0\0\0\0\0\0\0\0\0\0\0\0\0\0\0\0\0\0\0\0\0\0\0\0\0\0\0[{&\\\Yı\ʿzwm\\vk\D~?\0\Wt\0\*\\0\0\0\0\0\0\0\0\0o0Y|_EoˇV.\\\n8[\rQ6Z\)6\Iuo#\\\?\9jY\\\\Joy\N\\ߧ\\pD\lzgSɊ]r~#IN\j;ߛ\0²\0\0\0\0\0\0\0\0\0\0\0\0\0\0\0\0\0\0\0\0\0\0\0\0\0\0\0\0\0\\\:\\\\\=	ac;\[\%\"$]p\\\[yyl\\\ɟi\*֝U%2\\zR\RYJ+\0f\\0\0\0\0@]\~J9\˂_ͻ=eV?҉\\"?\˅\ZjOf\)|ľQ\|7Q7h\n_*-v]/\#to\\\\0\0\0\0\0\0\0\0\0\0\0\0\0\0\0\0\0\0\0\0\0\0\0\0\0\0\0\0\0\0x;qfJO0+~\3Wh\k\TIE \\\qndyrNQ}\픯\\\a\t\-KN\Z\\[,֢\\0\0 \0\0\0\0\0\0\0\0\0\0\0\0\09\\9\'1/+\0k\"\76L\?Pý\l\0ZӀ\n\\0\0\0\0\0\0\0\0\0\0\0\0\0\0\0\0\0\0\0\0\0\0\0\0\0\0\0\0\0\0\0\0\0\0\0\0\0\0\0\0\0\0\0\0\0\0\0\0\0\0\0\0\0\0\0\0\0\0\0\0\0\0\0\0\0\0\0\0\0\0\0\0\0\0\0\0\0\0\0\0\0\0\0\0\0\0\0\0\0\0\0\0\0\0\0\0\0\0\0\0\0\0\0\0\0\0\0\0\0\0\0\0	m\Uӿo\f_\w*M\\ѷ/٬?\jxSf\\0Q_\\0t\0\0\0\0\0\0\0\0}\\g=m\\Zo\`\S\r\d\\S^\G\_lKGhkC\\%\jY\s\\\E_9/\"xm\'MD\дK;\dp]\oI\\^p\0,\0\0\0\0\0\0\0\0\0\0\0\0\0\0\0\0\0\0\0\0\0\0\0\0\0\0\0\08[bI\$\\[ϮnD\æ<\\\^=Qu\4ֿLI\*}xoD\ui\-s3on\6]s\zt) \\\\0W\I\u\'\'\'\\/I\\\0\}\0\0\0\0\0Ggosahzo>fV\sh\MY`l|Q\"f1xp\\\rM<\\\et,_\'*\\Û\\I\ʼ\\/\k\!NQ\BH\0\(\0\0\0\0\0\0\0\0\0\0\0\0\0\0\0\0\0\0\0\0\0\0\0\0\0\0\0\0\0>\Z\\WD2q\"%N6\~N{pח_Y4U|:mfk\Kg\\j4FZ\naT\wiM%*Q\\\Z\f\鼶tCGZ*/\}^\\<e*\0\0\0\0\0\0\0\0\0\0\0\0\0\0 \\\\0\Ȝbx\\oG\\]3DC\wɳj\N\0(g\ \0\0\0\0\0\0\0\0\0\0\0\0\0\0\0\0\0\0\0\0\0\0\0\0\0\0\0\0\0\0\0\0\0\0\0\0\0\0\0\0\0\0\0\0\0\0\0\0\0\0\0\0\0\0\0\0\0\0\0\0\0\0\0\0\0\0\0\0\0\0\0\0\0\0\0\0\0\0\0\0\0\0\0\0\0\0\0\0\0\0\0\0\0\0\0\0\0\0\0\0\0\0\0\0\0\0\0\0\0\0\0\0%WoN|Kܫ7F\\̾\'foO\G\\O\oE\L\0\rҮ\0\0\0\0\0\0\0(ʜg4m\VߢKհc\Փ\8\t^\p{=\\\Y\XIBS\nk\oh\X\5=k}ᛛutq~̟}Sj\\\gͿE\Q\,ty\Z+^/jY>>`\07\rP\0\0\0\0\0\0\0\0\0\0\0\0\0\0\0\0\0\0\0\0\0\0\0\0\0\0\0^~\< B\{C:Sioʰ<7UQ\K\Y5%O\\<\aitk}\uuŧiU/\\uNN\R[Z\]\vH\U\K\\0\\\0\0\0\0\0\0\0y~ԸMg\sIVE	5沩F;\i.\z\|jZ|)\[v[b\w\E\\e\n֢Tjɒ˪)]N~쭩\!58Mt5z\euf㹰\0=\0\0\0\0\0\0\0\0\0\0\0\0\0\0\0\0\0\0\0\0\0\0\0\0\0\0 >Z\^\f6>e0m\\\N\\qr\\\]Gt;4^R\ǫ*e7\'LdJmn\iѺc\\-9{<\\åx˵%MJ}]L\\\0\0\0\0\0\0\0\0\0\0\0\0\0\׆m\޵,D\\\7-F䀕4-v\Z6U~b\w_\wi\0\KG\A\\S0\<軹\,\\\<?\~S\\C\保/YrlxI*`\\\?)\\0Up\}SW\tc\\'\\\}<{TU\O\x\\\Hpxl~K\\Ǆ\}SW\\\?)\\0Uq!}\/\K\?||>\#\O\x\\\?{TUć\保/XlxI*`\\\?)\\0Up\}SW\tc\\'\\\}<{TU\O\x\\\Hpxl~K\\Ǆ\}SW\\\?)\\0Uq!}\/\K\?||>\#\O\x\\\?{TUć\保/XlxI*`\\\?)\\0Up\}SW\tc\\'\\\}<{TU\O\x\\\Hpxl~K\\Ǆ\}SW\\\?)\\0Uq!}\/\K\?||>\#\O\x\\\?{TUć\保/XlxI*`\\\?)\\0Up\}SW\tc\\'\\\}<{TU\O\x\\\Hpxl~K\\Ǆ\}SW\\\?)\\0Uq!}\/\K\?||>\#\5O\x\\\X\=ܲxv\Zoɫ%\WeuBpPU\1i\\G׉\\zO\?Һ&\gJ8%v2y\-s:?t\r54\eJjU:Q~-\ch\#	b\0\0\0\0\0\0\0\0\0\0\0\0\0\0\0\0\0\0\0\0\0\0\0\0\0\0\0\0\0\0\0\0\0\0=g=G;M\\\1i\\Q\\:\\\\\0\\r#\\g:ɸ\\D^;=jn\BY\\hӔ\K2O\x\\\?{TUć}\/\K\~ lxI*`\\\?)\\0Up\}SW\tc\\'\\\}<{TU\O\x\\\Hpxl~K\\Ǆ\}SW\\\?)\\0Uq!}\/\K\?||>\#\O\x\\\?{TUć\保/XlxI*`\\\?)\\0Up\}SW\tc\\'\\\}<{TU\O\x\\\Hpxl~K\\Ǆ\}SW\\\?)\\0Uq!}\/\K\?||>\#\O\x\\\?{TUć\保/XlxI*`\\\?)\\0Up\}SW\tc\\'\\\}<{TU\O\x\\\Hpxl~K\\Ǆ\}SW\\\?)\\0Uq!}\/\K\?||>\#\O\x\\\?{TUć\保/XlxI*`\\\?)\\0Up\}SW\tc\\'\\\}<{TU\O\x\\\Hpxl~K\\Ǆ\}SW\\\?)\\0Uq!}\/\K\?||>\#\O\x\\\?{#TUć\保/XlxI*`݂mvb\V\M;+R%\9Il\l\\.	B\8*qPI$\v\]Kez\ԔMܕ򜜤\X,[`\0\i\0\0\0\0\0\0\'\?Ϲ<3g\\ZX\o[ԺuVz\\u\\\Tz?NG%&)JX48\w_f\5\Z\\9{D \q^z\.gWZIEz$CW)@\0\0\0\0\0\0\0\0\0\0\0\0\0\0\0\0\0\0\0\0\0\0\0\0\0\0\0\0\0$\0Ӄp\]/V2rR\=EM\#\0/.\bMvgK+\2\ޢna\E\;WR˫崺\\%l/\y2D\0s\\0\0\0\0\0\0\0(T\0Cߊ?Ӛ\=\s\\:m\յ:^	N\n\QRo2\[vۖ4\\/LZ!\ڋh/\m/ḩ\\Y0G\0\0\0\0\0\0\0\0\0\0\0\0\0\0\0\0\0\0\0\0\0\0\0\0\0\0\0\\'\\_ls\0\'q=\\TZ\iZ{\FGLm\u\\\K}\Z/)=_,\~N\\\\<|ȭ\U1f\cMdr#g\-\\De\}\E\\S\0\`\0\0\0\0\0\0\0\0\0\0\0\0\0\0\0\0\0\0\0\0\0\0\0\0\0\0\0\0\0\0\0\0\0\0\0\0\0\0\0\0\0\0\0\0\0\0\0\0\0^\'\?\ֲAH;/I\\'\Zw9\\\\r-\\\0OT\`\\\\0\0\0\0\0\0\0\0\0\0\0\0\0\0\0\0\0\0\0\0\0\0\0\0\0\0\0\0\0\0\0\0\0\gPiS\"\7?HV_~ʏ\D&i\0&L\0\\'\0\0\0\0\0\0\0\0\0\0\0\0\0\0\0\0\0\0\0\0\0\0\0\0\0\0\0\0\0\0\0\0\0\0\0\0\0\0\0\0\0\0\0\0\0\0\0\\QjQeB\\\\֭?G^sd;\J<\Dе-a\Ɵ\\',\ӚV\	/\|M}q\\cI}/_\\\{g讼e\\N\Pߏa\0b\0\0\0\0\0\0\0\0\0\0\0\0\0\0\0\0\0\0\0\0\0\0\0\0\0\0\0\0\0eQT\\\QG\N\Z\\\ly\<=LLlu6=4E\2֞\\rw$\\\WcU\\\\Œ\_\'\NGOrr\_UM\\0 \0\0\0\0\0\0\0\0\\\>\0\T$iOWb[ j^nI~^,\'W4	\\Q~\O\ik\?Y\95\eߊ%\\\Zݺ\\\\ڶ~.վ3%ӃGҐ\Ϩ\@\0\0\0\0\0\0\0\0\0\0\0\0\0\0\0\0\0\0\0\0\0\0\0\0\0\0\0\0\0\\\\u7Xq4fui{KUdI\6N9{Ε\mj\4\\Ziԝ.\-o2e%,X\\[\~*7_Gͥ\tS\\d[)\\P^,ԋzp{1FA\nI:\0\0\0\0\0\0\0\0\0\0\0\0\0\0\0\0\0\0\0\0\0\0\0\0\0\0\0\0\0\0\0\0\0\0\0\0\0\0\0\0\0\0\0\0\0\0\0\0\0\0\\kY }xoZ\\r;c\u߹O\k\0a0\0\g\`\0\0\0\0\0\0\0\0\0\0\0\0\0\0\0\0\0\0\0\0\0\0\0\0\0\0\0\0\0\0\0\0\0s{\0(4ϩ\0lݟA~}O/C\G\\"N~\0[S&D\0v\0\0\0\0\0\0\0\0\0\0\0\0\0\0\0\0\0\0\0\0\0\0\0\0\0\0\0\0\0\0\0\0\0\0\0\0\0\0\0\0\0\0\0\0\0\0))|~\0\\ģV\uKӳP\\Zj]\ZߤfgolwQ\\ek\\{\3u\4].Nݷ|\\:\\{< t_f]E>\W\\`\04\0\0\0\0\0\0\0\0\0\0\0\0\0\0\0\0\0\0\0\0\0\0\0\0\0\0\0\0?<x.6\Ʃ(\xx\\\\y]9*\_h|\*\ [vtZEL2_\{\\TQ~^~r\-[M\_}\\e(\0\"\r\0\0\0\0\0\0\0\0\0COGg%^NOM\\\ƕ\=>.ez\\ߤ\\\\ʋ_mAW\r\\\&d\i\hZܝ)\+\گ_đm&c\E8\0\@\0\0\0\0\0\0\0\0\0\0\0\0\0\0\0\0\0\0\0\0\0\0\0\0\0\0\0\0\0sxMv=g3BmSQ(\,%d[\̻\sr\h\m\'m\_\\꘲\\¾\\'e2SP+uړ\\I\n\FT\Xt\jF͚%QK\"Ai`\j\3\Km\F\+ۦ\\\i\@\0>\0\0\0\0\0\0\0\0\0\0\0\0\0\0\0\0\0\0\0\0\0\0\0\0\0\0\0\0\0\0\0\0\0\0\0\0\0\0\0\0\0\0\0\0\0\0\0\0\w^O\k$\\kY3L~N)\0\ML&\0\\0\0\0\0\0\0\0\0\0\0\0\0\0\0\0\0\0\0\0\0\0\0\0\0\0\0\0\0\0\0\0\0\0\0.ov\?\-s{\0(4ϩ\0e\|dBi\Ѷk*dȀ\1\0\0\0\0\0\0\0\0\0\0\0\0\0\0\0\0\0\0\0\0\0\0\0\0\0\0\0\0\0\0\0\0\0\0\0\0\0\0\0\0\0\0\0\0gZ\'\rgdB[ff/vE\|U4|\b!VaY\\>\\\\闘3s鴪E7\\\\\\$\]\\\it/[u7.\\#I%#R)\0\0\0\0\0\0\0\0\0\0\0\0\0\0\0\0\0\0\0\0\0\0\0\0\0\0\0\0\0)*l\\e+f\+Sd\,#ܥ)4I\\EK\Cuq^D\\+V{[YV\=^;\\\I}OZ%Q\\b\^j;\6pUznVF:Q\\1~\6\zr\dܝ\n%\`\0\\\0\0\0\0\0\0\0\0\0-y.\֯jN\\#\\\v\\\qߧ7\`	IIfk\|jqF=ьi?֏w\[5m61\\y2\\[(g\n(P\YD}\.Sv\4\*SRI)a7\\0\0\0\0\0\0\0\0\0\0\0\0\0\0\0\0\0\0\0\0\0\0\0\0\0\0\0\0\0\%\|03xb罺t㓈\\\*S\om]\K\m\\vڧ\\\xY\fB=]W\͹VoV\S1\)22\d#l$\\\\Q{\qN2]\ZiG9Ӗ^J\\\]Ke)M\'\0 \0\0\0\0\0\0\0\0\0\0\0\0\0\0\0\0\0\0\0\0\0\0\0\0\0\0\0\0\0\0\0\0\0\0\0\0\0\0\0\0\0\0\0\0\0\0\0#\\\\'|\\H)^\'\?\ֲNg>xw\S%\0\\L\09Y\\0\0\0\0\0\0\0\0\0\0\0\0\0\0\0\0\0\0\0\0\0\0\0\0\0\0\0\0\0\0\0\0\0\0\\\\\0\\r#\\[\"\gPiS#j\\\QȄӟm?\\Tɑ\0c\0\0\0\0\0\0\0\0\0\0\0\0\0\0\0\0\0\0\0\0\0\0\0\0\0\0\0\0\0\0\0\0\0\0\0\0\0\0\0\0\0\0\0(\{]\\'G\3p\Ž\B-µ\\7ע~\Z޻}\\ʺ܋\\\u5\\{/\|	s\\[`[OmCPIܰ.-6V+/OZj\\HSh+7\'E\y\/K\.+zJ\X\0b\0\0\0\0\0\0\0\0\0\0\0\0\0\0\0\0\0\0\0\0\0\0\0\0\0\0\0\0\0;{\'=k]^Zm6ѿ2*YY]6\;F\D}yxܜ\MDb\'ge\0rx_KŔyr.\r7\;1\^*q[\\^ӵ;6ٴ\o.[F\֨\w\0pY\0\0\0\0\0\0\0\0\0\0\0\0\0>\\\24 >t/Ӳf[[\r19/kK\-8v;vW_5LHǛ\"}\]ms(Jn2k\A-v&IA\\,ڛ`\\~2cISթ\@\D\0\0\0\0\0\0\0\0\0\0\0\0\0\0\0\0\0\0\0\0\0\0\0\0\0\0\0\0b0~\"\讼ys6\~OJQ>|\>Ud\"C{s^\\lZua\,k\\\(\\Ojթ-䶉ҖOt\qK\^4zVεz\q!b\\[\O 8\biI4\[O\\奴\0\0\0\0\0\0\0\0\0\0\0\0\0\0\0\0\0\0\0\0\0\0\0\0\0\0\0\0\0\0\0\0\0\0\0\0\0\0\0\0\0\0\0\0\0\0\0}xoZ\#\\\\'|\\@i\\\\\Ķ_=S	+?{\0\0\0\0\0\0\0\0\0\0\0\0\0\0\0\0\0\0\0\0\0\0\0\0\0\0\0\0\0\0\0\0\0\0ݟA~}Od\\\\\0\\r#\\mY}*?Ysm\ʙ2 \p\0\0\0\0\0\0\0\0\0\0\0\0\0\0\0\0\0\0\0\0\0\0\0\0\0\0\0\0\0\0\0\0\0\0\0\0\0\0\0\0\0\0\gcab\j3U\\SeM\k.R}v\\\GjGǋ7o\\\\LymnN|&V3F\\0+~ng\"\/58\X\\\Z4׋ܖ-v5j*pr{\\gkR\\2-;|g(\W4E\5(\~XIJ[\'&$֣rX%`T\\ܞ\\0=@\0\0\0\0\0\0\0\0\0\0\0\0\0\0\0\0\0\0\0\0\0\0\0\0\0\0\0\0\%ٜcM\\\9\uUkMFQƎ\J-\5v\.U\}͆1J1J1QKe$\]G\ٺ\\-jq|~-X\Kg\\͔\4[9Bt\Ϛl>[\ϴ}z\\.\\\ꖝOV\0\n(\0\0\0\0\0\0\0\0\0\0\0\0\04\IiM?T\\\˼Gd\C\5-&\ɗ\\b[\mr\j=\}w\\<˝yzWW\\n$K&\}\=O)-\\\0i]h\\o)\\v\#4=zW8\\0\0\0\0\0\0\0\0\0\0\0\0\0\0\0\0\0\0\0\0\0\0\0\0\0\0\0\0\0\0\>\0\r^?vtE\OT\[w~/\\{zYL\R2\\\g\Z\6ܞ\0j0\\\=1Ox\+\V\\8-\z28\\IN\JN3qZ\\M4תg5\?s\֊g\K\Z-\:5~k}	\0\0\0\0\0\0\0\0\0\0\0\0\0\0\0\0\0\0\0\0\0\0\0\0\0\0\0\0\0\0\0\0\0\0\0\0\0\0\0\0\0\0\0\0\0;/I\\'\nG׉\\zO\?ӿϦ?^\']\0l\0&z\0V~\0\0\0\0\0\0\0\0\0\0\0\0\0\0\0\0\0\0\0\0\0\0\0\0\0\0\0\0\0\0\0\0\0\07?Hȹ\\0\ZG\\\0ڲ>T~!4\\\O52d@i?\\0\0\0\0\0\0\0\0\0\0\0\0\0\0\0\0\0\0\0\0\0\0\0\0\0\0\0\0\0\0\0\0\0\0\0\0\0\0\0\0\0\0W6653Ub\UeY.\)>R\/\\߶\r\S3]\\\e\\]\\\K>\>:om\iEJ\dcϱ!>,}\M!4ˊ\ԥ5:8>>\\b\\Kˣi+`\c\\\xG䯴\Wt{ڦb@\0\0\0\0\0\0\0\0\0\0\0\0\0\0\0\0\0\0\0\0\0\0\0\0\0\0\0\0\0\0))m\K\EOe\\e\kzAvL)qۚu6Gt\<1\d\\E|O2r	^\\}ǸGZJ+n\vJ\S.^\dne͒\FI\ּx\V\P\e\L<8WU\\Vфbc	$G\\\\%Q\&\kE\\I-\0`=\0\0\0\0\0\0\0\0\0\0\0\0\0,|Ⱦ\楧F<\*\\\[m\ޔ96_II^JU9\8\Jwd[\j\4\ZM}nr/W|Ɩ\z\\yp\p\IFnV*QQ\6\zW\n\\eNJjN9I&\\\"9\0e1\0\0\0\0\0\0\0\0\0\0\0\0\0\0\0\0\0\0\0\0\0\0\0\0\0\0\0\0\\q\E\Ze9&\r\"3M\`X\\Z34\\0\\\J{Ļd\\5L]ssۍ\'\R\\\y\Ɣݗ,,U˖|3H\ժ\X\^\o\oX\U1\\͆\g\\ږ-\<a}3_]Rϯ]4\\̷\0\0\0\0\0\0\0\0\0\0\0\0\0\0\0\0\0\0\0\0\0\0\0\0\0\0\0\0\0\0\0\0\0\0\0\0\0\0\0\0\0\0\0;/I\\'\nG׉\\zO\?ӿϦ?^\']\0l\0&z\0V~\0\0\0\0\0\0\0\0\0\0\0\0\0\0\0\0\0\0\0\0\0\0\0\0\0\0\0\0\0\0\0\0\0\07?Hȹ\\0\ZG\\\0ڲ>T~!4\\\O52d@i?\\0\0\0\0\0\0\0\0\0\0\0\0\0\0\0\0\0\0\0\0\0\0\0\0\0\0\0\0\0\0\0\0\0\0\0\0\0\0\0\0-\hNe˗\?V~s[B+\\=A+=\V]<%g\\\'E\].˒\[=q\҄lu&HX,\YSٜ\r\\Z5\\T\L$\\'\\\_?/Y̖yJ\4Һa\0\Zj\w)7\:bX%\\JNM\0\\\0\0\0\0\0\0\0\0\0\0\0\0\0\0\0\0\0\0\0\0\0\0\0\0\0\0\0\0\0CvT\\\\?+q\Y?~\Q\uS}]<\#\\NO\&\غ\ܯ\|7`J*9VU\y7\|oV\0K\Wݣ\,\z2/\%u-j\O\\0sr\\0\0\0\0\0\0\0\0\0\0\0\0\0\0\0\0(T\0GcO\jd\\e(y6oFm\d\\\"\أ^Ϩմ\\\0\sqǓ\~Gd\Z4\m.>׏Z\1o\"<x[|=y.\Uj\\\@\u\O8<>L}\\W4+\Q\0\0\0\0\0\0\0\0\0\0\0\0\0\0\0\0\0\0\0\0\0\0\0\;\SY\\iX\Ⱦ*2{c\\M\&\j|g9\.X˖[x\\\'rY\swE^\\\3\Ù\\-Z\Y\.O\!Rz⪻>]x\+\'%%bTJa\ih\'z%j2\H\0&\0\0\0O\nNnm\\#\\瓤tq߳3?I+\\G\N*>F^}ՕE*kc5U%:7⥳\\\\'xLn%\ZaDe\r\Oikm-\__RlZD2;\M\>k\Q\\\\02X\0\0\0\0\0\0\0\0\0\0\0\0\0\0\0\0\0\0\0\0\0\0\0\0\0\0\0\0\0\0\0\0\0\0\0\0\0\0\0\0\0\0\0G׉\\zO\?R>N\0\7\d\}1:\ܧKg5\0\\0\0r\0\0\0\0\0\0\0\0\0\0\0\0\0\0\0\0\0\0\0\0\0\0\0\0\0\0\0\0\0\0\0\0\0\0\\0\ZG\\\0E\\\\?>F՗ߡ	?F\ɭ\"\0;I\\0\0\0\0\0\0\0\0\0\0\0\0\0\0\0\0\0\0\0\0\0\0\0\0\0\0\0\0\0\0\0\0\0\0\0\0\0\0\0QNRj1I\IE.$V\\e\\ZѲ5Ir\2_xOoh˲2\\[iJ\\ZOhBD\g\m_t\nE\N뭛\w]l\O\)\Rِ{\.%\]=}=[\z\i|LպcL\/sQ\\\.b\N\ݰ\\VK\\\0`\0\Gst\\Z,\\ȗ%4Vm\azvM\=[G\\W9;gOe-\I|\De`U\9Y*\Z6Ҕ,̪Ve\Rg\\\}<i\\\y\\\\L\ר\ iK͔9\za\[\5\ɒS[\TE2ۧno\0z]\\X,9%}\\^\Y\?\^\<\N\Ȗ-JK\˧\J}ym\\\ˡ\\\\0\\r\0\\'?\} Z\7|KĮK\0\0,8&/ȫ7\1s,\R+\(QK\\\\\\#u\h\\+Q\ԠqO/Vf\jT\^\~=cV2nkJ\l\5\NMSf\-jܸK\\~7cF\ZZS\+\k\\zfD<,\Y9-\]k,su\u|bjp\\'\6[\\ww[\\)r\/-Iڃ\spNW+\\{vʕU6\02\0\0\0\0\0\0\0\0\0\0\0\0\0\0\0\0\0\\ױeqY,\Z\(\\n&Z\]2\z\f\R\'	\%f-ku;#\<9Xg\0ȜuNS$g\ݧj,\\.\0Km\'Iox\0+\\0\0\0\0\0\0\0\0\0\0\0\0\0\0\0\0\0B <U{\rzf퍬S)OeYj\\\5Ι%\\\I1_bwxs3\\\^߅\yyѓp^uN\^ɶi-%]\\_.\[U.VZ\Dv&I9H\0\0\0\0\0\0\0\0\0\0\0\0\0\0\0\0\0\0\0\0\0\uъnM%\0\\Wws\m{FT\&\n{\\[\\\nvKoW\ڎej:\Fn1+\o*}\DS\\\MIRa/\Z^Bϭ\׎\\=uqxG\\\\j:\L\\-\'O6w\5-\m\N8Q/z2\\f\f\r;NūU1QM쓜߬\-\͹?=**sfkw\\+%\|]\`Yh\\E]״UYl#e\U\\\N2\I6\{\\\ZwY\di=+\L\o{q[UN[xvtv8\z\UMYccdi׽!G/Y^U\gtp[:*\\Z72XK\um\\یV?-\"\/\\:m꾩Ϋj.Smrp\\\8N.2OѦ|Sڻ\0\0\0\r\\\7=U\ʄg/#/o\\\\\n۴,y\rkRh:s\K\⸙iTt䤶\'\\Bq\%(I)FQjQdR]\ZkkGЏ~Sˢ\\#8*\e?/nƒi}\䒔ؓI\)[ \)٥f\KfOzy>\\zx\J(\*\04̠\0\0\0\0\0\0\0\0\0\0\0\0\0\0\0\0\0\0\0\0\0\0\0\0\0\0\0\0\0\0\0\0\0\0\0\0\0\0\0\0;/I\\'\nG׉\\zO\?ӿϦ?^\']\0l\0&z\0V~\0\0\0\0\0\0\0\0\0\0\0\0\0\0\0\0\0\0\0\0\0\0\0\0\0\0\0\0\0\0\0\0\0\07?Hȹ\\0\ZG\\\0ڲ>T~!4\\\O52d@i?\\0\0\0\0\0\0\0\0\0\0\0\0\0\0\0\0\0\0\0\0\0\0\0\0\0\0\0\0\0\0\0\0\0\0\0\0\0C|O\=;\rp\u*,\!-\+G̭\|Ѓ\\\\.&U\m\\?ekY]cL6e\\I5N={5\^XKYy\yڦnNgk\%J0=yj\n5\\Њݷvm`\r\^,2\,\R\d\nrP\Y\\*Њ\0W\|_\\:NU\cU;,TSZ\ˬ\0ïj1rJ-\U\\ݷrdkQ\\Kݥuq\\߬i}>\6\mwt?ˊ\n\0\<ڣ\4\-KOÚ\\Z\_[輺\Bt\'BW9\kgB}M\Hجח9\0RX\0\0(G\y)c\\\J\\;){\)%N?*_\mT\\\7;^\GE\r>%R\}t+\\Z\oy.\\=\\3|\)\f]+q[B-Wj*mH-\{f\v.Z-.l2\-7>]\98j\\:\0\z\dU5BV\tk\nS\1l\E]&G\Uهj1\\ӥ\/Gf\\\i=*\%js\\8\\r)\\t\g\5i3+\*[\0qu4UV\ri+:!:.|W\b\J_ڑw\-#ONt+c\/*P\\gZF\U\¢os=\gb\\{1,(8\bkt\_4G\"D\\0\0\0\0\0\0\0\0\0\0\0\p	\g\ci\\̾j#\o2\(FR\I\\\d_$#)>gVg_\c>׫e\rn.F4rYq;k\ь\ʊLԵ\\kٳR\j(\"Q<\}7J\[c\\Տ_MPQ\\wNM\'\%S۽\ˠ\0\0\0\0\0\0\0\0\0\0\0\0\0\0\0\0\0\0\0\0(T\0A7}\^P\\\I(\\)9\J8s\ѯ\^n~\\֨\,\w`ܢ\\\X:\ȋq^T\|\ICԴ]\xɻ\Ytj\\yR\\\a\z@\0#\0\0\0\0\0\0\0\0\0\0\0\0\0\0]\\5\\'UiEb\5\&p\InQj^M[\E\\֧,u*F\\\\K6\\\nr*Zjj\Z\+\'(¸F.sr{FS\&Ҍb\\Ͼ\\Gܱ0\U\'܄\td?:\\0>y\\0\\f\.\W֕jZ$%)\es<إ[\|,\//k;_Yah\Ʃݰ\?0tz0\\æ<\Lu}J)uo\\\\0T[m\ɀ\0>\0\0\0뮫c\X5/\"ݩ\\\\|ݗ&tb\L\\\f\KØ٘`\\2*7U5-ȸ\-}in\2xgWGRevD\/rjIE\[Nzs-U\0A۹Hr\G\?\n\\]\6k+\P\0-$ \0\0v|3\\xY4jK7\]E\UY{zJ2[\p%(\5&wZ\\\M:\\\-\ƌeot\-\\KEH\n/ot^Y<-\=)[\\Ա\v㩷\[=\\睕\\"\1J0zV\wǟc\|z_ܛ$\6JZ\缞`uEY\\[녴\[R\*PZM4\\\\Z\0\0\0\0\0\0\0\0\0\0\0\0\0\0\0\0\0\0\0\0\0\0\0\0\0\0\0\0\0\0\0\0\0\0\0\0\0\0\0\0G׉\\zO\?R>N\0\7\d\}1:\ܧKg5\0\\0\0r\0\0\0\0\0\0\0\0\0\0\0\0\0\0\0\0\0\0\0\0\0\0\0\0\0\0\0\0\0\0\0\0\0\0\\0\ZG\\\0E\\\\?>F՗ߡ	?F\ɭ\"\0;I\\0\0\0\0\0\0\0\0\0\0\0\0\0\0\0\0\0\0\0\0\0\0\0\0\0\0\0\0\0\0\0\0\0\0\0\0\\\&)JM(\)n\oIumH\Gg{\u\/}Z\\\Ƣi:ᷥ1nvԫE%Dg^\\;MUNs{\w-*cN.R1_zĺ4\-:VU|vKhݛ(_|\\\Ɣ\\0VѦ\\\oĦU\\\@\0g1\'{a\\̨)\g~le\lܽ\rI\n\\\pPqj\\3\a[l\E5\܋g\n	\w[l*	nܧ9F)%\\>}\{4\\]\Qn\\s-Qw\ɴU\vKdPZ^\\j7Ep[_cqwK\>r\\)-D%H\\H\\u1*!N50\d+[\r\(m\ŋ6\g\t\V[KQˮS\'\sQ58\\9\m\p^K[S\6K<kBlA*\\\\w\o}o\.\e[FV>mQ!)\[7duw\5W6\n\\e6b\H\\n/k]Gm\\7\\n_\t\;3yZ\\ϒ^]r[~\\nm\*ɂM\_7菺w[gWe7Y\\ʾ\ue]di\rIs\r(P\\8[l\\ZS_IYq\ӗ/*\\Uԣ,\2yd\Y۵\r$\\'l\߹\\[\\Z\8רdM\e\ϕ^}8	\u[U(\|v\W{\\\\?Oa\L\J̉}/!\=\\0$\WI$ˮ	$I%KIz%#F\*֧t\\_z\'\YEx\\nDeP\>!\t\kT|3(\\ط\"\tU6\8\w\[B͞\\\Es\ŹѓS{+\\>em匢\\1\\\5ݷM\m:zvTT2`<,\+p/ke8>\[%e[\[XvUz\ˌx\e\cV8\W%\@H=h]\\Y:Nu~Vv-b4%\e\Ujp\x-J+\2RWS\>VQqw<\\0 \0\0\0\0\0\0;\QIo\\(8\Fd\\/#\7d{F	\'DZq\"\"\`\\n&\\k\n\\	]\\=\Z\\kQH\{\\^\0y=GV.on]@8\0\0\0\0\0\0\0\0\0\0\0\0\0\0\0\0\0\0\0\0\0\0\\\\\*uY	Wd$\4\(Ri5\ح=\\SrTMO\m\~\\Zom2uM췝ri$ѰY\,K/O\\|xUQ~c\\tc./*\\\\hK_#_Qg\.kǯn\Sf^)@F*`\0\0\0\0\0\0\0\0\0\0\0>~Yzk\dU4\w_|ߤ+)\Oe\\\\_\9 \ku,\ٓMG)\YVŦkIYr\ݷ\\SPRP\JyWJ*ov+w3nNݥiY|^t\<n\\Yv{\,F\\nK\ZJq\)r}R\ȋ\F=7ǡ\')\rQ6-5\cS]EBjkH\1I%\TZmR֨.\w\ң\nJ\\04L\\0\0\0AB{w]i1ְy\ӭk\]ؒ\jﺍ|֌(fZTfA\\\^۞Oz8\'5rM\Q\'\(M8ιE(N/g\'EM4\n\\sز\\Ul\zaْj5dHe\09t\\\\ـ\W\ci\nksں\\iMQtf\\0\0\5\0>|3\{\-J\왥\c\a\Y\'$*rdӧ}.\	\mq\\Zi\Ml\a<;{\w\Z\0\\\n\l\#\\\2#O\]\'M\믴\_-R\\\q\\\-Z˓k.(\PM&\0\0\0\0\0\0\0\0\0\0\0\0\0\0\0\0\0\0\0\0\0\0\0\0\0\0\0\0\0\0\0\0\0\0\0\0\0\0G׉\\zO\?R>N\0\7\d\}1:\ܧKg5\0\\0\0r\0\0\0\0\0\0\0\0\0\0\0\0\0\0\0\0\0\0\0\0\0\0\0\0\0\0\0\0\0\0\0\0\0\0\\0\ZG\\\0E\\\\?>F՗ߡ	?F\ɭ\"\0;I\\0\0\0\0\0\0\0\0\0\0\0\0\0\0\0\0\0\0\0\0\0\0\0\0\0\0\0\0\0\0\0\0\0\0\0x\\{W\M?#Xγ\\Ƈ3\ot\5\hB+ճ\b\\bo;\\틅\Zzv4ӊ\\Eu1) \\"u=J\\&\%nMN뭛\\\NvY7\\\${~ݻp\xRY\j6Y)ǌǋnz\ۛv\cI\cqmӴeY)\\O̗\\{\\J\\Yz\0#\03,;]\,}\ku,ܿ6[\Uw\guo\jDb\\fPӸW\nݗ\zϮ\\\1i:񫦶M\\\3)_Od|U\\\\:Im\O#m\\\%=N\	_E?z)\eól9Fz闗\\^<e\9G\V\;8}2u{%<\\Ȝ\\m\m\\\l\\-\d\..\u\%6jJvf\\MWVot\\ZN]\b\fFfEh<\\d#nܞьT\'\Ms\\\ɣOâ̜\TcԹo\Rr\\\n\9J1\\}\0bl\u\qD6%Gz\{7\\5oI\$Qk\Z\|,\\'͎/r]-e\]g;_pn\/+l\\)c\iU\\v\}\{9$֔\-MԨ\o͹-\2\Ni\V*\\0\0\0\0\0B?<WNY\Z\3\]oK\\\,Kz\*n\\E868\^?\'M*Xt[bi?r\87\\\u\#]-cB\o[d\\v-\>dǲT۳\然m-\\\\Z\\Rt.\\\03O\"]%Qm\0\0\0\0\0\0\0q\MDb9\/`l;cͦ\mN6SL\ɏ$\\\6\4\ZxU\ZPu\'U\۹q2Ҧ\MEm$\\˰5\n:˟\\\ \}1\q\\\+dv4dB#ZUJt%\]a@\0`=\0\0\0\0\0\0\0\0\0\0\0\0\0\0\0\0\0\0\0\0\0\0:\\"\(ʢ\;\\Ȫt\\:싌\MC\wb\ryq\+@\s4,\,[6֜}~6BO\e{)\cllr\\RTX;\+r\KV\.n8\\QZumjM\۔R\.k\Tkc\\0\"i\0\0\0\0\0\";\M~\Qɪs\?demet\\̓SQ\V(\^QKk,L\JՊ\=\Yy\\\fNm\;.[n\bI\R{FNRqI%}ּ,*\R\iC\"ͣ*x\?].M{Ky*^i]\\\\\\t\Z\ӱ״N1Fmܶf\8\\\\j\+(\p[\\\\n\>W\etc\dX\\\?6UT!MPt\W\\T++cI#UP\0\0\0\0\0-oo]\\K!F\&\ūk33\ZZi\6\웍q\\(\\\nr%&\\#\i+\t-E96RmI.$V\\O\}\\zv\u\3%&\)-׻\\2\/XBP;uu\y:\0bu\tWxX\,Ol\QlaV\I}ֱ\"\a\J7NӋ_\}/\"\nѤ~\r.\Q}\jZw\Q\s-\\ռ}F\*SlA%]t\J\\0\\'\ũ\\V%(\\iiM5Ѧk?O,=\ޣ.ͳ}GM2òr\Y	\\\|\W:_\t\Z5u\)%$\\\v\z\/\\\~s<DTIƼbdiup7V\'	\ת +\ówT\\2ߘ\jx\n<\ś~M\o.YI\'!\,\\\\)w\\\\C^47\\~\'*\qN9|dP\\\Gng?\\櫩.d|\\|1؈e\5q\Ғi53\J\0\0ׄ3+QúXض\\.ҮqIBqng\\:|i5s>ӽ\\#.\2Zu,~Z>nib\\\}\\\\R^҄ҾF݃v\\VӜ>~<\T\㶜\k~]慉7UI).hNv{\M\t\59X\kV\eE}j\QSi\J\\e9˃_z\mZUh\\Y\p\0 M\0\0\0\0\0\0\0\0\0\0\0\0\0\0\0\0\0\0\0\0\0\0\0\0\0\0\0\0\0\0\0\0\0\0\0\0G׉\\zO\?R>N\0\7\d\}1:\ܧKg5\0\\0\0r\0\0\0\0\0\0\0\0\0\0\0\0\0\0\0\0\0\0\0\0\0\0\0\0\0\0\0\0\0\0\0\0\0\0\\0\ZG\\\0E\\\\?>F՗ߡ	?F\ɭ\"\0;I\\0\0\0\0\0\0\0\0\0\0\0\0\0\0\0\0\0\0\0\0\0\0\0\0\0\0\0\0\0\0\0\0@ɪ\\\UNQT%eM¸AsJR\Kv\G\\\\)ϊν\nSX5KxKݖu\\\\"i=5JI\\b߈}g]giW\'Q-j\T2\D$<Z\Z[W\\F0T\m\.^5nOk\\b\[\wNo\\0\0\0\~\\0/\g\s\\\r\^sc\\}|Z(\[\T };҉J]\\\)\'M4\Z}\Zj9\ kuϲ!9h[?ٻ7T\nR5ꡓL=\\<\\\<ock|A\N,Zi[{\Xo\\u\AsY%PiI-2N2JQkf\5ibc\$I}ItE>\T\\\k_K\ԕ\\"e\{;\;i|-LRYz\Q\Δyv\\cAy4&\d\\\G#@+N\\;\\lܖ\W \00퇶#AÞ\Fx~\6mmF+\iu=F.mF*K\wb\pa\\G\\\\F\i]c\Z|7{Jܖ\׍\\^u\ʸ67lr㛾ҲK?=Y\\0\>To5\n\zKX\\\\3dawԧ\z\&\Z0u^\5䶕XK\ڮe\bB-\\MI\lԲ\RJk&|I\Z5V:\\0D\\ǡG\K2ɻ\[92mI\ \\PVq;1Z\Ǜ{~\\|\?n\'I{\Z\0/\`\0\0\0\0\nJI-ߢ\g6\У|9uMc\˿{\㨿c\\\n\+6mr\\Z\\0\=w\\\m|T\-9j~{vi\\I$KdDI|N\\\\K\\zX4mGЎ@N\0\0\0\0\0\0\0\0\0\0\0\0\0\0\0\0\0\0\0\0\0\0\0\0\0\0~QE\wY}s\Kg]q_ڛ\r~\_\'|\n\楏s\ıs\\҂\.\YNV0k\/\t\\Z-\\τRo\'Oۿ\\QWCo\w\f\r%͞/z\y\\;\kD\0\\L\0\0uj95\\\\\[]ǚm&j\\5J\y-\ҙw\\FX\;Xt\$u)\\?*I˖6:ʷF\Ҕ\\Yz^~ō\u\b\΢ə7\k\\P\Ug\U7\Kn\\.Ю4\$ی4Q\0QRc\-R]KKG4T喛U[L-Y/N\\NiX\0\2\0\0X\=ϫ\U^{\珜\Q{(s4ٳ>\p,xwV\\GN4?\\66]\6]n;݅?VWˣJqS3P*5H`\?ۡ\\5\Ғktr3s\ۺ\ܭAq&[iZ\)CPo\[>\\SMF1WB\\5\\\3٭SUaٹ\O\)\Sq}]\0\3\m_j\;U\\KxIԫ)*siM\\k\I)\\aZka\'d\\\Zn\0\Qw\\)/~=\\Q{E\z=A\?X\gO\\ɢN[CQF;{7b[w\\6$ \\\?\ʖ\CJKZuSP4L\/xv{v<94\g\ɪ1[C.>\LvIEM\Gv\w\\*<Afiy\\0e^<e((^t\\\\7$n@\6%%\\kΗ\~\t\_G}tm!G\\0\'H\0\0ϺOz\\\yP4H\qiJ\A\\\YT\R\R危~\\\:\`1U\Zp<\Z\0t2S\\J9c\,-CG\_\\m\=\d$O\k\\\\M4;wҿ2^_=\94+Ny\\G\\\\t\h\\WE\FʭJu\	\(\ni\\4vI\\\\m\ȷ\\\{Q@Y\0\0\0\0\0\0\0\0\0\0\0\0\0\0\0\0\0\0\0\0\0\0\0\0\0\0\0\0\0\0\0\0\0\0#\\\\'|\\H)^\'\?\ֲNg>xw\S%\0\\L\09Y\\0\0\0\0\0\0\0\0\0\0\0\0\0\0\0\0\0\0\0\0\0\0\0\0\0\0\0\0\0\0\0\0\0\0\\\\\0\\r#\\[\"\gPiS#j\\\QȄӟm?\\Tɑ\0c\0\0\0\0\0\0\0\0\0\0\0\0\0\0\0\0\0\0\0\0\0\0\0\0\0\0\0\0\0\0\0#\{ռ#ڽpzes!$¦Q}/.^tNm޿w\ߕh\@Ҭ\~}i\Zۯ6]*\8[[m\mܛ{\ݶ\\oo\/^\Eep\0\|7-\5ר8g\\#.tK\TV\0\0\0\0,(\\Zkc\;\q5-JԠ\Y8\6=u.#\Kf6_	_(1\n^\\O*\׸\̥&㒖\U\'995\\\M\w]϶]\U \0\Z`\0\0\0\0\0{+y\\'V/\ϖw5\̺IIӍ-94N o%\\\e%{\yO`ܹ+2SXxP\/v=%qn>e\.5ߢpۏn\KTԭ\g\n(\q\\\7\I9=#~\Mo:\_R\͵(\\QT[p~]0m\\m&<\4v:\\\\\7`U\v\U\\@\0#vBR\8\8{МdqdM46B\M^Y\R\\kͯ\屯cݖdkzF\yƫ&7\{&OR%JS\\#a|x\1R\"bcK\IlR#oY=TZ}E\'\\0)\C^\x\:jgVN*g=vy8QUr\\\\7\V\WC\Zuc\\o\Og\'\ЀJ*劏\%\\\8N\zRxFg0s+\0\0)9~n\7x]S\4\\\<нs5=r\l$\5T\k\rjѣRyE^]-ำ-*n\V\F:;}\\\|6յo+/+t..\i\cM\\Z٥\+֕z<\\.u\"@\0`=\0\0\0\0\0\0\0\0\0\0\0\0\0\0\0\0\0\0\0\0\0\0\0\0\0\0㗇!*:\BpN3$4\i\\0#\ۻݜ5diKwf:t\\\5\nnSƒtJ[%M\\q&\W \e~<9-Yʓq^ӉjB.)>\S볋\\M).\\\oߍ%ӱʕ%R\6A4\\Z\\\0&WÛK״ǥ\O}oJu\)?{;\\n2:\\u\\mY.\#/Q/b\h\Z6Ǔ\OOev4\q]%䚄/+N\{D\հ1u|)yt\\\Nd\io\d%\'G8\6s\\ I\\[Wpl-+G+k?Y\x\0\}-+p~׫J<\\Yѕ\{\\Z\\\\\r\YiRY(SW{`\̤\X\hǪy7\]8E\\mkYJRi$GzO.i2\'\ʟy\k6Y\ku0w{\Rη\\\\i\p\}={\ܶ\[r|~H\\>k4^,\ZƗt_W\f@Zt-.\Q\2\\U\u[\k&W\9YU%_k朕\\%\\rQ~\\bl\\\9TQK\\"\7`\]+[5d0\\\%b\wRMI{m\\\z<!XTX;\zv\\L2\0RIà\\24\\c~Mr\\\(\z\E\(\ukЃ\]\\TX呥dJ^˲G\eW\6\; \sy\?\N\1-\uz[YM\۬d1ũE\D\2\|:>ǹƴ\6h׍\~\\rs\ܢ\+\\0ܔ4w\\\Oֳ0\nMӑVț\FUQ\\>Orov\w~\aۨꕵ*󼹼il\S\\!U/}ڟ,\[\\4\\nv\kE?&\[Wv9tѵ\o~\\ݓh\__\\&v\ɋgW\Yl\˒\\^^geRh*%Vy\\\K+B,TVH\0\rs\B\a#l\Z\ˍeۏQ3{RI(\;HF$\ӥ\Grwis\0ꮹG$\.\hp\(Պ\10\0t2\0\0\0\0\0\>\]\\\\Eԧ)\&oFmYo\=\)룚Xx\rkEnEz}\c\\WɴgZTd\,\\mQS\'	\Kx\2[iG܇\\'N\Zd\IF\ܥNMnXroޏ;̡/8yFuN*P\Z\'-\(\nZi4smvI\\\ׯz\\sv\\Z:\\[\06\0\0\0\0\0\0\0\0\0\0\0\0\0\0\0\0\0\0\0\0\0\0\0\0\0\0\0\0\0\0\0\0\w^O\k$\\kY3L~N)\0\ML&\0\\0\0\0\0\0\0\0\0\0\0\0\0\0\0\0\0\0\0\0\0\0\0\0\0\0\0\0\0\0\0\0\0\0\0.ov\?\-s{\0(4ϩ\0e\|dBi\Ѷk*dȀ\1\0\0\0\0\0\0\0\0\0\0\0\0\0\0\0\0\0\0\0\0\0\0\0\0\0\0\0\0\0b~Up\?r\"\\J*-E\\d4ڔQ\\\~\\yyE[u\ڕzmr[,[\\Sv\qe\"5g#&\r-W\+n\s\u{\sſDI$JӢtW,\j\\ؼ|U\\-Hs\\\ɲs\Nv\l\m\9Ym\\'+-\7)\97)NM\\0\w\0\0\0\0\0\0\0C\hVn6b;\eRkJcӞb\\'\qi\J2Sݳv\\t5,I(\fb9\'v\\F\\n6Q|vS\I\f\T\2Q\\MsӓV\ot۩Ed.\\\\Oz\n\\\\+z\\aT\N\>&?(bꜚ>-\s`dNF\n2Oޡ4\Iڢ\f.&d,l:䔣8IJO\\Kt\Ϋ٪ЖX\'\\<*Fjϰ\0\2;\\'\k/:e\6\r&\\$%\^\r]:\\Foy_~ סf*zN>hΚ-s\˭\\\Q,dT(\vY\.ޖ|\Y7jVSx\3#\0ϥhNѶ\~l-\sp\\r7Ǆs\,\'\|\ܛ\\\\ț\=\ߤc\¸(¸\)$upKdK\$~7LjƢnM\EG\_u\U\\\w\\;%u/+\r+$n\nO7\\\]\^\;Cf\~pI\AbY욥\\tV%uO+6OJyeG\䱳|3MUW\\eRK\RK<\\nit\\\>\\53$\{%\FN\\OzuxPMoff^:M7\\cK%ɥ\gɿgOu\r]/C:t5]Z\rJ\X8[{\U9Y+OֹV\\ԥ?+f\ŧZ+&=R՛\\\Q\lwAGǟjUj\N;OM\o\\7\I[u|\\*sMv}\b\\\Z)\T\(ʖ\\q4\r\'3[\\\\U%\\Dwklj?R\cn丼mܯdy޲30^Vy/~lcɋ\\y\c\um\\\\2r5wY}~\%\.]!>0\Ea\lvef\ZKb\\or\qL\\j9vt\0k\0\0,\7\/V	/o_NrN\q\K\"^5ռ\%O7\\ژ\)m\\}xbwsZ=s&m7Fr;בIs\ߺ\$r$n3fL!H\\ڳ\f3\\.\\\Xu\rX7G*\0)\\\0\0\0\0\0\0\0\0\0\0\0\0\0\0\0\0\0\0\0\0\0\0\0\0\0\0\0\0\0\0\0!\wlt-ej\:\^.dZM	\g:Ȯ\ۥ{Fh]\O^\"\[슳\Z\xu\*._v]$҄NWF\=\YI^\\Ҟ=iiA\nΓ_\vCùXy\\U*319\\UmoQ\tk\-\8\6\Τ\N\\0\\3\\\\9\\vE\\\m-BOW\Hgnb6\\\ϛ\6Ԥ_\\[M6n{w=t>ܲf\\nΔԗ_A\qO\\\ٛ}Xؔ\\ۮk&\d~vyⵃ\\O:}>\yθA\6̎YƚR\\\\Vcj,IM\o\5\%\Y\Z\T\\',|:}7\5\\)܉K6RmT\"\\+oKå%[u8Fy/Y]\|Srw\rE\\\\-V\i~\1\_w4\*JS|\9\\\S\\\,;nm\vY97)\rnRmp\\df%vd$W+Z\'Yϫ`\0\\\'^\p*7\Q\5{&%\\u)r8\Vʸ6\6Ҵʨz\M5ª\!\n\QI%\Q\\\\[\91F0Kz0 \SO2\\\ªrY\s7k\rq\ӽ~[\\\rN\7*\0+\0\0\0\0\0\0\0\0\0!c\ߌcŹUB\\\\\\ŒF\Y_b_?v\ۧ\\2_;T\#Hӳ5r\a\;\gckdROFk\\QeK32rok}ۦ쒎\MB\rB<ϖw\o\*\(U\\KC\*S\\X\0/eh\0\0\0\0\0\0\0fgq~v\2\v\V\f&ߢٹ\IzZ~}\\3\N\N>\\z5JZ\\[͒tR\E6B\-g],dM4M\rfզ\<5l\5K޷Hs;7:\5\\ν\fK87\K\ľv\Ku(\tkQ\-	\\'t\\N\v^-{DkF\v,\\0\0\0\0\0\0\0\0\0\0\0\0\0\0\0\0\0\0\0\0\0\0\0\0\0\0\0\0\0^\'\?\ֲAH;/I\\'\Zw9\\\\r-\\\0OT\`\\\\0\0\0\0\0\0\0\0\0\0\0\0\0\0\0\0\0\0\0\0\0\0\0\0\0\0\0\0\0\0\0\0\0\gPiS\"\7?HV_~ʏ\D&i\0&L\0\\'\0\0\0\0\0\0\0\0\0\0\0\0\0\0\0\0\0\0\0\0\0\0\0\0\0@\nߋf?\?\\\+\ͩSBKݿ!.[\UrW\U*\ךqȿ\ѓ]7[5nc\x\\U/~\Z\dGd\NsNv\l\e\\'e\6\eNM\vNM\SnM[4V\n]x\>Wn3[U?\7?N\d\n^E*\ۮNv\d\[	$I$\\0v۽\0=gf=k\Z\C\\\\Ȏ\\R^^<eҾ\5U1{=\\'=[e%\'rY\=F.N\\\!@gY\nWx}*\\\j4{[w]=݌\ǌT2r\\ٓ\'g\*\tn\0٪)| \\-<r+\\We\4uYgr\B&\T\\\\/o98\\0r\\ٽ>=\\㝎\h\\:2*KrYMl)\\,\\֏\'\{iv\\u^$\ob5&\3ۿOtgr,4v\\g,d\:(4\ڱ#\'NT\\W\0\\ZG\.\)if\ፑetN[mtX齕\\|\\QRWI^<{Q]\.\R\׏\\x\0i\7ju\\ZơL\:^Dǲ/\N*|N[\aSޣRL\\^L\U1D_$\}\o\n>\O#*\.ʯ6#6̺[$㕓\ܴA!8Y|w^[O	{(\7Z\q4L5+.\Z[\\Z\܋?tCy\j0]g\߀0]\'\MڂI\[z\oyId\YӖ\J#t\;.bgGP֗(Yt\0祐\0\0\0\\0\~!\!\Z0s\[\ng	?+?*[B촷\ \ǳo+\~\_s\ºu\eOۮb\\[uYQrK\R\\PF)t]_j\05?p\˯%\2HZn{\T\0\\J\0\0ׅ8S/?+Mí۝t(\ǲr\7\Zෲ\B\OY\i\KݢPe^Ҿ\ҡ8\(\\\F_U\5\\8Nitvжڕ\+|K\&m\h:\Kfo\\\Z\\4=iG\۲R\ȗ}\oz\Զ_\r\\NRŷ{|YqJ\r\0\0\0\0\0\0\0\0\0\0\0\0\0\0\0\0\0\0\0\0\0\0\0\0\0\0\0\0\0\0\0\0\0\05U\\xu\\\\Њ\Ẏ6n\^Rojj\"k\>U\dWqu[\\\\\Qk\\h^=޲8gWHS?\"kiebNMAͤU\'$1\;w)Box\w\l>V=~ҀY\0\0\0\0\0\0\0.v\\MgF1d\뢺чS^w+V[%>m\ӵKw躿\r.\F\ޭ\rmb5_bi)bc\I8\+\i-\bsUVȭ\'l-%\xGRǦ\߱P\jcřw\\S]tU]5B5\\\ cRK\G\\0典\0\0:\\ Ʈ\q\'l!eEr{J\O\'\\dK\}On\M:\\u\]f>f\\\\Lv\e<6\5\m-M5~_\jK\)WU/w=}m%\\\)Uc}%\\*P\\\6w\毻і\RX_fg\>X\Pcd%\$EFq}S馺Lf\0\0FDaNRQS&E-ܤ\\$$x\;k\t<gfUJM\2|\^\\\Lw\z.Z\\'K∗\s\\r$g\\fˤ\sO3Q\\\[pƮVERi-V\Utv\\ս]m\Z\\b;?\hmzR/hjQ\FԶM\cʝ\-fD:\0\V{<,\8,{\\	\"Z\Z@\0l\ǜ\\Z\N\\0!;,ڌ!E9NsQ\"\I=ϔ\\K\"U|;;\NUV\\~\\\\e\\\\Թ\ʺcx)iɡmB\M\y\owF\-\\\\wZW,08s0rn\(;\\Qlyl[nRN3&ŵ\\\\e\K\^[6\\茽>0\O\ʾ)v4\ҭ\8(8\&B\j\&uNGZRI>z*m\E%eRi-\MJ1}\rmk\MgJ޻\OcymV9Qwc\y0G\0\0\^\u>֣,\d\9ʶ߽\+fܫ|\\Ro\VEz{=|QYSM0\OK\p\\4\d\ܽ\Ǥ%ު\>iJ/\\x\_3\2\\ĵ\c\\[nljr}$\MGw>\Z7a\9o\ñjdW҃i[\b[\\\H\\|h<\'\Z֨\[\\.\\07\0\0\0\0\0\0\0\0\0\0\0\0\0\0\0\0\0\0\0\0\0\0\0\0\0\0^\'\?\ֲAH;/I\\'\Zw9\\\\r-\\\0OT\`\\\\0\0\0\0\0\0\0\0\0\0\0\0\0\0\0\0\0\0\0\0\0\0\0\0\0\0\0\0\0\0\0\0\0\gPiS\"\7?HV_~ʏ\D&i\0&L\0\\'\0\0\0\0\0\0\0\0\0\0\0\0\0\0\0\0\0\0\0\0\0\0\0\յjq\&!V=Qs\$]p\R\$-~\\\\>wh9tg\\\k1eeN[\\\^lnJZJ*\9:g}\\W\\)ʍW\'\P\1v\.]l6חf\)t^_]f궅\C\/vu\%<PK\\ݶ\\\V\V\e@.Ex\0\0,In?\o\Y\pee\N-6dfdX\eӗb:-\)I\)\N1~\~8.yyA%VTt~c\̆\Sʗ/E\7dm\N\\|\\~{\{ݳYeY\\\q\\{\8ه$^*٧ji\i>Ν\\_\v<0p1\į\SEq\\)o\'\Ov;§9۪ڥ}GȬW\4!I]\\0y\n\0PӪ\B\l\*p/$ԓ^\\\˅FG\s\ZJ\\:\*\va[\'M-׳OxM\\*\jRQ\\\CEٹ6J+]l+-\9II$B\}Y<O\\p\5\\}2c\e\z(IK\iUa\\\}\'tW=\u\[ٵgz#\\Z~>;\\`L\0tr\0\0\0\0\0n\s\Z\erwe\RQqv\Nצ+\\nRiy|\Ri\\X$}NrQ[I\\⼨k\\x1i7\\O\<\\&US\\\`\T!MqPF\a%\+\_ɭvZjʬ\,\]ZT\8\0j@\0/\\!˄\WGpo\un|\\\e~_~+43\\\ڔe\YR\w-mIyT\\/7&\\\\ɱ\}k.\}QIF!F1bE\U\\G\G\l\*\mT֬1\:\FM\\\[;V\uˬ\S[$I$_\\"\n\0\\\0\_\][~%mIz\\\#z4z\:w\dAo,\\HI+N*\[UUΚ瓖\U\.{4=jjĢՍEpඅu\*1_$F<\\Z\\\\P˚t\E|RV\h\T\^\G\x\-;?#sxP\0F\0\0\0\0\0\0\0\0\0\0\0\0\0\0\0\0\0\0\0\0\0\0\0\0\0\0\0\0\0\0\0\0\0\0\0\01Ͽu\Ht\Z\NmG\ŔmVTa=Qj\֌j5eFj\.\\\⦜^Lֺʧ\8\E\N-\P_X\N2٦~@|R{{&B\\Z\\ʔk\!*N0+dNU\lj}|ɸ\\얘\i*ۚ\s\S]\06\`\0\0\0q\\m\9\\qV5\\Ұ35\\\=Ŗ魲\zj\ڒGn^z#o\\9WU\KW\q\\%ҍޱ}yqjj.wlb쑑\1\\\t\zŏK\}\%J[^,\0St\0\01\+ri/3\0k\"9K\T\l2A<_{Lt]\\\\Zq\o]5\r\K\^\gKД;*o\7.ۢYV\3Rrخ3\M\/Q}$ߟ&\m{7nM\)P\\\Җ\\n}\*\\Z~[Kޝw_)ۓ&1_V\\oְ\\\A7\'\\\\\uan$]\%ô)|k$R\b\ȵd]xKM9c\,\\7\$;h$\\\}͵\d\\N$\;y\\Y2mI|<\j\\)t:\	D\Z.NN\0O6\\F\cj?g\h\\	4\.\%\\}g>\=7RK\K\\hʬc싅\\\ud:8X<U\ndw\4s\\\ǭ~l\\+D*1J1J1I$QIlKItIz\]l\\QԟRؖ\\{YoJ4Z\~%x\dT.\\>\%\dףj<?rخY\'ԅIS\b34w\\\rӵ\PNxu\nҔ\\!\2\*\\JJNכv\&\[jTFKW\e3I\Mު\7lM}{\wD\S*\+HɜF1U)GV\7\PKpDњV6\\nһj\vka\\Ncw,8\0 \0\0=\'g=\ZFeZ<l\zF\uVA\\M\6\f˚t{&e\>le$\W\\Q`ɨ\{\\M\XG%W\^+椺݇9(Ζʟ\\d־eF\\PFu\p\\\qjPZN3R[(\\vq=IBa\MIFkmc$RNT}#\\/gWͯ%\nSg߼|a8\\J3eŭԣ%iGԨ\\0\0\0\0\0\0\0\0\0\0\0\0\0\0\0\0\0\0\0\0\0\0\0\0>N\0\7\D>\d]F[\\\i\zݼx)i*zG\y55\߯NTڕ.Zk\̂ N*߃\0a\\0\0BA;~\\\0/\0\0\ \\_\\0\?\0BA;~\\\0/\0\0\ \\_\\0\?\0BA;~\\\0/\0\0\ \\_\\0\?\0BA;~\\\0/\0\0\ \\_\\0\?\0BA;~\\\0/\0\0\ \\_\\0\?\0BA;~\\\0/\0\0\ \\_\\0\?\0BA;~\\\0/\0\0\ \\_\\0\?\0BA;~\\\0/\0\0\ ٗ\0\ZG\\\0J^\r\N3\ov\\\ZV\W\l\\\!:z\\\x8\w_}׫\0S\0\0\0\0\0\0\0\0\0\0\0\0\0\0\0\0\0\0\0\0M\v\[\_F\zRk3Z\usQ^&iK\\߯4\4d\Ԩδ)\\\\GIE_\'r.k]i:|Xt[\׽m Q\r\{\\\Sc\\xZ\rs\6sK!\\eee(\\]S\6+c\gnZ\\KS͵\'\Z*q\­\x7%.sm\Ɨ4|	\tv\<iG˳uU\a߼\0	\0\0\\Z\\ȧ23rlUQEK{.^z$\R 98\2k\0um%mIuo2^\#\ؿuF\\C\\y\0䔽\Ҿ\\\%mi\6\nż#\Գ}n\lδسg\Wܟ1!\+`NJ[׉\\17\\Z\\0&|uה%SW:u*;\nKb-Վ	\0\)4\Iz\D\\\rgn8\=[NVo/c\0Y\k1Fu\o\Jp\Qm5zqk5qϱ^zɾ\UT%e\%\n\J)-\g=CP\ut\NsQp\R\$\BwೈNu\{\M\Z͐i\\ɬj䷪c\\tPD\;]MX\Ζ\\ob$ٯ^h\Y#\\z&\~\Zǳzk+&\r\'\Z\\c\\k4\OB \W%\{{[ի*֐\Yծq\K\;dryFG\\{=\^\>/o}\=Ing\Ƽ\\E(\oO>4\`\0\:\\\?Zi[4r\0K\ω\\\r[)(ר9K\")lY\Io\\\&\Y42n(\x\m>iTbgTk\ݮ$R깞˚\'_EYkb\s\\B6޸x\SZ\-{\\ǱJ\3?Vg\0m\\\\\\QM\n\Z:_\MϾWo%<X;\Z/ث\\\cV;ītsݗ\mo\\-V.\\ćO\rOqXVNy7E\l͔kOf[7#g\6jgXa\5*[\\]Aƺ\[$_G 	8\0\0\0\0~\\\)ͫ};NG6Ee\ǫ;0%.tێ*v؆\Z>\sߑ(׃\E8&+揙dh\')\|\<m/V-P/`\Oe\\K\&\Y\VF#\O>\0\_\mg\K%Iߢ\0\0\0\0\0\0\0\0\0\0\0\0\0\0\0\0\0\0\0\0\0\0\0\0\0\0\0\0\0\0\0\0\0\0\0\0\0\0\0\0\_b\c_\U2j7U5lȸ\/\O\\\wy\\Z\\"\J\g;&Kg)5Km[^]=9ҒQSQSX>]ױJx\B\Z/=nC\\\)\7%F0/\pq\6\0rպ\\\a.d\\4mv~ZfP\M\]	UESuS[N\|%	\ů>L*-\\\`\0\\	ҳB\F4\b\5\\\P驶~\d(trt\m\d8|\rB\l\"%VE6Wu6\:.juY\'\?0W\S\m5~\\\\w\\\\f5&I%,os\q>^\rFt\dE}4UW\y=mtqW\\uiʔ\&i\\u\&\0#\:\$\|L{r,XN묓\5\\\\\\'%Yز9<W\ʺ\\I\,NQҍ\nKٱz|2%\n\\\r\\;45cIm\\K7\\r0֪\\#\/\\\\r\\,\\eu\\[C\)\vyIs,\*Q	$\E*rs\\0\\0\0\0\0\0\\KwjO:p1\vj9){%69rB<&ԡ9%Y\R4\7rX\ط&Jt\RZ͞s\x6Wds\\VEf[\,\:IaQ5\q\\d_55\)m+!(MэMxW\nqk\]Ur\\RI$u|x\Z^>Lh\ƭWUq]^YNOyJo\o\Nc-Կ(l}/ۻ-\gTcr\k\0(\\0\0\wag\]Eyw\m6\N\"\r?֚\\m\\m;\!cq\\\\ZZ\vI\n\\i-\N[\y\\ڼir\\-n)%\\Wl\'MY	\qR\Q^\Ů5\"w\S^Ыv\Jܬ(\+\t.\=I\\ ⫽\0\FY)o\KR\\\7xר`R2O\kѕ-\0\0\0\01\?f\.8sR\4%ͅe\\\\%%f\ͥy\\c\\$u3&=\\\]?~\m$\\Ƽ\\õMWF̆d\2ֻ\\7U?vꥷX˪\\rN\\\Şo\ޙ-f~,]\\lNTÞ\#N\\1\3-FOu\Z\r\\7jR\\J\\\?ggEs\<\,p\\@\0k\0\0\0\0\0\0\0\0\0\0\0\0\0\0\0\0\0\0\0\0\0\0\0\0\0\0\0\0\0\0\0\0\0\0\0\0\0\0\0\0\0\0\0\0\0\0\0\0\0\0\0\0\0\0\0\0\0\0\0\0\0\0\0\0\0\0\0\0\0\0\0\0\0\0\0\0\0\0\0\0\0\Ʉ#+\'(Ƹ)JMF0[JOd][oduۏxmq}Sɍ\\\^N<6^d\ǧu)\\Q]H\Sߟ[\v:\\"kerP]|\S\\֡%/aѕmn\\l{\mhԯi{\\Pk\\xfPݜn\\Ӣ\˃[N9.\7\A\o|\mN\d\m\NV\|\er\2l\,tզ^\\״γ\-\0\r\T\0\0\0K\/ȶLx;2m\\\}Tî\sY8\K>{\\o݆9\ڷ\\\U\}܌䷳!&1Q\ϔ\Zx\ǻ3\Ѵ\-/+\͚_|y\m\^\\[VsٔV謻s|YtER\\\0\\W	\6\\#)\O\1rRI8\-OyN:O`\\s\Y\<(I,b\r\y\\\Ӎqo~\gx~<C\ַ\Oz\yN5ԓ\0	.+k/R\kxFio\\\/5lj\(\6\¢M~M[&\\$\Zo\˫a:V\pENj7\]^ݎ\kJrq,:OWܱ\\ʶ\\)\^\\\'.X𔹭Ŗ`\=\\g%-J\rZKm\\\\v%ʹro\E.]Y98*VJO65\'|[\\\ \ѥ\i<\WU\\ܚ|\bEeK\\\\yeW)NB2\J0E\˧&W9\Rj*1M\K\0Vyލ˒\\\\jw\\\,yJŔ\K#Pr\T>W&w[\M/qQ.߿f߶\0\dOy\\Kݏ,{(UJ\a%Ak5~+\\{\\\\0&#dhz\]\۶ؿjI5\Py/\\\_#٦\%\8ŭ\\\\\Y8j\;{\\究c\\'[G9n\\@U\\Z^\[\j\ÿ\ĭ+%:y,w\\p\.&&64vQ\Ӻ^E7[;v\\ۺ\\f\N	S\\\\E\\T\\0˷\n-1K\'B\Yd񦥓_\\\Y\i\)֒\\mG<Jlm\핬\rkk;\\1Δ*+5\\[_C̖\O*)\jrkM\\ǵ{\\[J=\\q\F85\'M\IdaZ\\\{\Zn]7_FIm$\]\{ԸoRH\\mG\\Ʉ\\i\\m\7Vu\e\\\uON2\0F\H\֬Y\ƷJ\\]\|ŷ\0`\0\0\0\0\0\0\0\0\0\0\0\\\')6cܥ&Q]\\I. ^\\\^B\cKm*&-3Z/nJ_\\\5KR\i=-\b]=\ٳ\u\,R\riܘ\*sd~\\\8U䧚No])ˢP2x9Mzҭ7Rxܖq\\0\0\0\0\0\0\0\0\0\0\0\0\0\0\0\0\0\0\0\0\0\0\0\0\0\0\0\0\0\0\0\0\0\0\0\0\0\0\0\0\0\0*\0#\;\->\S^ڽ1^%^lv)\\\I\B\\?#3	\'FIJ3[8\>5ѧѢ{wM\JXj3ڋ\)J\˪蛳v\SyI\t\^\\\ǽy=K\\r!e\0\z\b\0\0\0\0/s^.ii\n8Q\wͼoI[)J\\-\l\i\ӵ\n\8\M\/x\	(\-zEɚڒs\_ޕ\\\7:k\ǭۤ\){\Лwa8\um\wKN\u\\,c\\o\wGZ.D\0\n!`<?m}\\z^fדS\._M1}}q;&D\mƹfN?3;2\_|\H\m\q\\\w|\+w\1R\-KS\IW+\\Z\ϧ_c\fיuծL:.rIsDv.s\\Vt}yj,} \0XȀ\0\0\0\0\0~\_6\'Oߝ.XG~XW\{5]5/zsi\IJRe\RQWrX;l\\/S\-F#+̒/Țntҝ\\{Bԭ\[.iBt\WM\4\4|\nho;\Z^n]\/3\"\%\Yc[IEt<\u\\\\\\2\	\\rrYzO\\y8\^U95\\[\M\S\M$\SՆ\\?Bظ[,UF8o\\0	\0\0%8\F^k\y+yKn_eƒN&,=ظ·Sf\fh5{\.&:#M_\'r3;~ִo\nWN7\ZWK)ۚ~V\\k{\\dkiߐ(\Py>߃Ë\\9JVm+34㲶_JW\F=#c\ϊ-\P䓒f\jROt?\T\\>nF}wiO#e}ce\\\SgWg\Y\:Q<2p\r\f\\*\Z\aS\\o\G흃mVYE\\NESv\l%U\Y%(N/h\\0\0\0\0\08\Zkf_&_\fOu\}cDU\mմx\2s_t`\UdL\"ګ\	$\DÀkWSGRo^n)溺3ү:Na\{a\X\\Zf]yX\\~Gɭ.[YM1i\{C]>\M\t|jZnU\\[.ƫ\~\\?\XϬ\\dwbE\5\r?^zfcɽ;1r\\\v9zWd[\mn\Qm\\KǏ.+$X\\U\X?l\\\"g)BIJ2R\\ŭ\MuMthL\0\0\0\0\0\0\0\0\0\0\0\0\0\0\0\0\0\0\0\0\0\0\0\0\0\0\0\0\0\0\0\0\0\0\0\0\0\0\0\0\0\0\0\0\0\0\0\0\0\0\0\0\0\0\0\0\0\0\0\0\0\0\0\0\0\0\0\0\0\0\0\0\0\0\\\xj\t\c\fe\n\u\Zkom\\u\\\N\\B	#̤x\"\|cNRQS&\-\mI.ޓ\٦k\3\:m;^zQ\b{\(U\\'w\\<M=\X:F;ɺ\{]\W,y%U_-}E\àh\.aŢѤ~\r.\Q\q\\ZUnfuNsizB**0-u\]{\W,\e\AJNN\0\\\0\0\0\0\\\-\\ST\5)o\u\/ך\zx>RKnL/|ߩJnZ^M\9bh\09IoSź#\\\\R\yP\\Umۛ\v\kmp\N`eU*s1g,|g=V\gi[E\-I9&]^\|ߢ\'sn\\)\W,\Y\=G\b\<[\ە[\.\Kha7\۳\\\4#Vc-O5\T]q\m-\򌵶u\\}\W+ђs~6\\wr\IļH\~=^ť6\r\8\d}[ūݞ_\ރ^}\-)S\\܏8j1U\\\K*0Ko\R\Ư\ROddIl\tItI/9niyW\R{\07\0\0\0\0\0\0\0(c\0}>\q6f<cb+24۟IB_z/YJ*#麄JJ9P\JMTW\QRN/&k[[E\I(\r\OiFQ}c(\\\hI\E\4&ꢡֵE$ny{$JW%k\w)\71l\+*\\R9I\'\]N\RS\\\\0\\0\0\0\0\0\0\0s\\ixu;\4T\Zovܟ^Z\+\'7\\\J\c\'r.t\\\\S\NVBږLWF;J\\\.3PJ\\Z\9\\\\Ģ,j\N.=pJ0\\/DE\\\tty,\{[\,\cݹ(GnJ\+I-x\ZR\\u<^doQ\Of\\\[:\\0\\0\0\0\0\0\0\0\0\0\0\0\0\0\0\0\0\0\0\0\0\0\0\0\0\0\0\0\0\0\0\0\0\0\0\0\0\0\0\0\0\0\0\0\0\0<okݔ\ޝgWϋV\\\u\6\4	/I${ zZ]\b|jOn=\<=_\$\iU|SUf\ɵVEi)(6\sRIJ^\\qM\\Vf%ҒNx\utdr\2O~I(\-\>\tlk\Ȫt\Qd-\\8I|\\[4\im\\O|y\\\[[,܌\\ח``\\ \ľ\KeFn==6\$R_	BI\qrRi\0|j6\~\\xH\\\\F\Nn<e\!j{_2\\p\4ΟGxkDP\.\\̫\"\Q+\tT\Z\2gXV\\܍C\\\\0E\J\,\\\\k[/\\׼j\-rr\\\N\a\\=\~\G\\}\0k~j[\$HZ\fߒ\y7\W\\\\k,\퉎[979\SM\s\l\ܧ9\\\9ɹJM\)6ߩ\V[\0\0\0\0\0Rqc)\RQ d\cE&\)I\1Mɴ{\\\4\\Ŧw\dY\Z\e\K\\+ܛQSc\\(\}\\.V_\\/7&+ݭ-\11\ꩧ};\[\1{.\:C\\R8\In\^k\}o4\W\\nd\r1g\\~\"\O\\\\\brK^\\\\T\0UP\0\0\0tef&Ex7U:l5\V_$\2c-JK?^~!\\J={\"\-?Ml]\M1\'d+]i-D\0\\\i\k:nB\\dv\\yl}.曍o\\>4\>\N\I(;ﹹy[F\\\*;\\"\u\p\s\tFPB6\nۄl\\!\?.䜫\I)8\\?G\\\\mdycc^Ӂk[wE?F\\{\sE@\;&\oU\մ\Ӌ\sӑ[iʛ\\+*I\\2\ki-Z֎Y=%\O5\`f[]/X\\lF\;\8\퍫Qf\:[\\\&\ƛ[\\\f$\NqV\I\j\^\|g\\n#ы=;\q5^ی\\4\j~鏘\ܷ2{x\8m\^\4ܫ\y\\Q.[iu[FKݲ\r\K\ilnX\\)\\T2-BROlw6=2t\\$Figg\\a폭o[3[eƪ\\^~\{`\oV\sjT9Q\\[U6һƣ\[kg\J2\$o⎃)(\\4U\t\\0G\0\0\0\0/wG\-Sj\\)K;~\5[}ZJn\dm\\\|IQ]ë\F6z?gm^T7{Ogj\oA\ڣ%I\C[4UOv\Y>\Ēn,+\&lT\^%I(bgi\\Yg\~^S헤rr}\8ɷ`\\o\RӲ\\J*V`ߵ9\n\t\; \IZe{.2W\\Xt6Xh\i\\wEHh\0\0\0\0\0\0\0\0\0\0\0\0\0\0\0\0\0\0\0\0\0\0\0\0\0\0\0\0\0\0\0\0\0\0\0\0\0\0\0\0\0\0\0\0\0\0\0\0\0\0\0\0\0\0\0\0\0\0\0\0\0\0\0\0\0\0/q\\ɧ\\\\\\[\E#\M;\\֑c<\O.LeҶIJ\/Īy\7J0\|\\\\Ts_%\eF\\vSz\\NX؟2;\OTɖe]%\\JN1[\n\k\jn\\v۳XZ5o;\=x\^\\nxG\}\kwT\|\.Z~oFY\Ӛ׊]\vO쬙\9\d\e\JS\%+-r{\vY6\9ɶܤ\o՟0]\JVh\ҍ\\\\~e\։\w\l\0l\\0\0\0\0\0\0\0\0\0fxQ\\kqY\u\ݽ=\E|[No\\/\\g짴}O\\<\d\#\ߗϭo\\\+[R+\sOn/Ft\rM.\zF͚\'QI\z)̢j\k\\N=T\*QS]>br6.\0|\0\0\0\0\0\0\0\0x\;]ѴjfFy]\Q~-pvK[B-\\\\ߋ\Q\ukjJ\\\\5\\/7\\Zzk~	vR\\R)đ\ZT\X)it\~\8\Id\'Nnc3C\#;\Zvӕ\]J14\2!:\NO|s\\\djܴhM9X.ef0ӵҨb\3EHSp\0\0#\7c,MUOiS%ӎ]\M]\,\0tsP\0X5b\2~agJВn\K\0IV\+H\0	\,\0\0\0\0\0\0$[ؘ~\2\^\mw>S(G\*wۛ\/|\{\JK\s\\\\\-\\OMǚEu	?ᒃ\\\iy<ɫ-\imUr7o\M+\qw\cYu),\Kp\0\h\0\0\0\0\0\0\0\0\0\0\0\0\0\0\0\0\0\0\0\0\0\0\0\0\0\0\0\0\0\0\0\0\0\0\0\0\0\0\0\0\0\0\0\0\0\0\0\0\0\n#\?\\\ˉ\0\|Zc\>Z\J;z\\\Kl\ۃiƶgyCj\i\zڟ\&*\R.2ɚ\BI\T\\ʙ\\Aܵ\\\ZU)iw\\RǪ;->\AtX\6\6m=lP\m0\U!5\O\s\S\Еj\0k\0\0\0\0\0\0\0\0Muo\K\\;,%Wk/od\Z\\\o*\gUєT!\g7Y\\\ۿ^\\*xX<٥\Ye4m\}0\: ԕ~cے\4\)\9J^X6M_\O=\\0,\0\0\07\0\0\w\ϣ6\·-Rxy8\/~\j>e-YۣP\\0w\_󞙨{\R\ɯٵ\nvS)$ԣ|\^\;\	K`\\ޕ\٥jT+\mǱ&ul\v\}\5=\i\\\);#՗\\>\4-VH\[\0Y/z\Z\n\F\:^DpÒ\\\\\\Q\\5lT[j6FtjUaV*pw\YV9SzW3\N,\ɧP\ȳ;|\S\u\\\g	.q\'Ԣ\Bcw\\\Z\\*8{)mN{#\\CrM\.3p}1g	\\\:\qk\,R\!$ũE\4m\>7K	.l+\.6Q{\\\6Nܩ\Cjռ[tk[F\m\\[(ә\\\'\v\ÕW\\斛5K4:\\\xu#R:\Ȩ\$\i%շ\$[\rS)j;\vkeغtS	\Vn\.j;\	$\-\+jH\Ram\r\ǅF\\\YUFmWf͂VySnP\\m\> \\>\m\0i\95˦lZ`\.?\\_B10\\Z\Z\V\'ʷ\b\\cV4hNWG5\0`\"@\0\0\0\0\0\0*mga)B\\\d$\eSR\Z\'$ԢԓI8}MQ=xqֵ$\6SXP\iIZ*d\\\ZR\\SRE\o{\\'f\\\\u;\\TM=~|{n\\`jQn38\$RҌ\jQiL\Z-\.\n\Z:Fp\~2\6R*Ca\&<WF8n:\e21I$[)^\t\mC{\\:\-0\z.=O~Y\\\kx\\\:բ|Z֏{Vk]ěkW\'\d)R\\0\0\0\0\0\0\0\0\0\0\0\0\0\0\0\0\0\0\0\0\0\0\0\0\0\0\0\0\0\0\0\0\0\0\0\0\0\0\0\0\0\0\0\0\0\0\0\0\0\0\0\0\0\0\0\0\0(xn\pдZS\\Ć\\6My\\\m%\OS\b\bob\\X\񾟧\<\\11`\\Z[-d\\n-\\Gm.wI\+\~ۜ\\sU\rc\J\\\7Za\\`Gh]jڶG\y\eu\DJ{o\Zj4E췍5֛[\R\e\5cY\-\˳%\\^I[HS#}b\\ø.ͥfsՋ\\\"\\QV\/V\;1\\<jp\;^\u̕\[|ycJXɦ\Lv\,y7\ B̿\'|\\Ԓ Z\U\ܷ \0$\r0\0\0\0\0\.\\&\\2\NP\ǻ.UNjO-\Ot}z2W\\0\\q\"\jYTTU2iԣ`^/|KK\R|سA~|n}vO\0ݢ~L\0\n<\0\,KQΚ\,d\0jd{L\\\Y`|{\#Ȼ2L\J\\\z\uIG$pۯ5}h)Ȍ\Z{}\*B\rIoM?1:S94}\0C\0\0I\0{V+\$\i9OOnOm\\62Mo*\!\YZkg\\0S_	)\\wƭ\,c\n5Sۢ|R\\g\Q\2\\\Z\ҝ/K\9:\(\\_{\b&\XţkXC#\\ǱsBڧ+\-\~җ6MA\{F\D\+,\\8m\\'?\\\\k\`m.\\\\d|z\"rq|W<]VѱKx\Y5\qmo\vV|5+BN\A80h33\"\\J_dj	u\)4>\+\\ϬeeFJO\\)\\~l뇣mO`k]\Z\B\ճ-̶\L\'qn8Gj\]\"vIF<ӟ*g.6=NҬ\좽2\pd}$\\w<g\yL3W\.{6ݵF\o\GwV\\-	$X%\}q5^eu\cY-\\\DY\[\q鮞\rVFffe\Ƣz\tI\n\9l\!I\rym\\{~;לثuו\q\=\\F\ߪ\\\\։ll|8(c\Uoj5\ͨ\vG\\^\0Ggo\8zs3+9\ю:\I]\,\\m?x2ķj|Ov=RR\\iZ{3+fOn\u\/\\3hN	\ֳ\仚*6\u\0\0X\\0\0\0\0\0dgr~\6N/9N\nP}\\/\"R\Q¦}6ȭ\_55J/ݕI[;ԸRG\\r3\'*QsO\MFWؓ\\\w\]\\\vͥR;]vQh~>Z-\t\[.]9\[\r~\-\N\+K\ۺ{\rz\eŞI\i5QT#]U(¸Ar\1\I$\\0\0\0\0\0\0\0\0\0\0\0\0\0\0\0\0\0\0\0\0\0\0\0\0\0\0\0\0\0\0\0\0\0\0\0\0\0\0\0\0\0\0\0\0\0\0\0\0\0\0\0\0\0\0>\6Sde!4!%(-6w7V*;dr\R\\{\\n]\[{$qp\ɵ<p\Sku\\\%\\\dqMz>\+%K\Gz޸kihF\\k\޷w\n\K\;2iٍ(]U\ĺG\'\n\\ݒ,$,\\TX)ޞ)v=\T*S98\4\0C\0\0\0\01<? \U%ømImg\"\rTZdO\[\;E\\\J\2\np숩E\M\΋͔vr\mL^\1(\ZQEqkt\F+I$UƓ\SK~J\\bw\u\v\\'ſh1R\"c\)lR\]]>\0\0\0\n%\\ǻ;*\Q\\\$]Uo)JOIR\\t\#VϹSi\\\n돬\MB]e&\Zݚxj+Y#TƏʜ#z}\\(\\Y\u&⫲\w\\q\YpSCÔ\4N\KݖfDz/:ȭJ)\e\}hZqЯ^J\[[ܯi4\\g13q\\ĺKଦ꤬\In.q\a\N¹\n2\\/yX|\+(>Z\j*R\\\ei\Z+8r[sUl]oi\4\Ɛ\\,\<\{5\k=5\= \:>5\G\;6p\(N/X\l\\ii\\7\y\̮|䵽t\t\mՓ\6?r\\p\M\\\m\P\"!%(\MtiR\'d\twn|{oF{<kF\g\7{x|ݢ\	ݠ\d\\vW8rշ\Z6xC\'\u_?:U\N\Rw\\Z\V]OyKjRN-nO\w\qO\m^lݭ\Z3\\'3[re64E%>\\<Z\\PԨ\JɞZ%FWe(\>~\Fw~\'wh.DV\\{\\,\neY3\u;>v\\Uh\7\:\N]O3Ig*]Up\5;\Z;\\,#uVQKd%د\4\'#Uε\Q~\'\k\nVѤ<\|Q\=|[H\;!\3\\\<G\~e\W(\ԗ5\I\Mi\nhO\sL)()`-X\\"\\Vlݒ\]oE|E]\;d\6Reg=p\N~E>u?\adYv&mOk1+7CY%\C]c).\\X\n,x\E0[m\ZꊌWD-\\n<\0k\z\;\\0˫g\)\ko<\/\/}[RixA%Q\r\v\r/3ã)\\8Ws5\}\?\zO\{\X9N5fԗ^Jr7T\\\\rsE\ź\<m\̩\n=ʛ\{\'\\4M4\IM2\fҴ\J\j\Y幐\)sY\\0\0\0\0\0\eiM|\\\?Op\0%8Yҷ%V,\"\\IYVэ6F\ߖ\S<i\2hֱ,ҲQYJY|\sJJ{\:\ࢀvgc8\?\LߥmO\[3cN\\7Qe\e\\cKmǶC\n\\ͮ=\|k¼Q|spro\̏΋v\>YJ\rs\4%\-\_\a%VT\\ӓ\ov\U\˧)m\ץZ\\X\FJ|\~}W\b.w+vG\Oz-v\\K\{/\'Qi|C\"=DR٭\d\|#u6B\dN6W5\\Z\\gE\R.=+ͱqd`\\\0\0\0\0\0\0\0\0\0\0\0\0\0\0\0\0\0\0\0\0\0\0\0\0\0\0\0\0\0\0\0\0\0\0\0\0\0\0\0\0\0\0\0\0\0i{V\[*kP\1&FT\u\Z)籵\˿S\n{WsDҽ͚fg$haPNܘJ[\*\۬G\-Ӄ{v꽚+ӧ\d\jIɴmIum\$l\\+tnj_\\M\ʚۥG^er[l\ݱw\myj]\\1\^ѳi$\+ݲ-\0KI/\fx=y_1\=7%Utʚ\~Y]q^Nt\K\\?m\kEmU\n8\\8u\*,*ǽ\d\\[\mVM\\R}_|hfA]J*={}mm*P\0&\0\0\0\0K\Rj1Io)\QWYI(\_\}\(~~:\=K\"Sq|-I\J\r8˖\댓u(`\\ӆn\nX~\VjI[cۯ#k7\]\n]}wm\[t/Ο|\\D\:\\Dj\Śc\KfT̔ZOx\\uJ=\4\N3۱\0\rҔ\'n4\\\\\WEI4ӯ\Z*8r\\[\%9*\nNW\[V;k\>wz,;\t\* \?F\Z\\%v*cp\0\0(Z\;-:nimE\\\\\\O}\X!RT޴Ozmy\'\"+gF\\\\\O\ZP5Jb\EWY\_z\lۛ7_\iZ\\Oii\\6S13?p?\=G\\\Ÿ\˵\Z˥Y=w~\I\[VG\`ӮN+\Iaw\kNR\ӊx[3&\;61\\E+*n2Rr\Ԣ\gV]SWZi\\0|=fk4\nd\JoyƉ\"\\sYb=\$:\[&\\nW\ZW-Ӳ\I\',i\7rw4\9k%\Z\Ԃo}\\͘Zj]36O\.j\\)\~]%\0vV\\Z>=\\\z,լƪKU\\	4~l=>^*z>\Oӏe{\rVrg<e\J\\nS\J۬월\\\Rl\\7`j\:|;JyO\7JW\\__vz\d(n\q\\\K7׌eRW,[:\̻ֵ\ե\ۙf%\"ԓpv읶%][X\-\gkM5(&d\2\\Iqi44l\`_i\iXcȒ*S$\\\m{\\\$\ʔ^\Q\1ciP\kʊ\q-\l3eVSu\\ee\<1Kcd̴c\W?n\]\7\\\#MΧ\;l\ީ\vͯTi??7\rxQq\QȳLĩ<2e]0ߦ\0\\5\\u}g\h{jf\r\od\0KOr%\0\m^\rR\0p\\\7m\0\n.\W\3\\\wIWs{\;(gY\'k1\̊\]x\0\\S?Nv\\ͶK)ʶ\*]\Z\ΖW\fk%z\\\\\0\A޳\8sE\զ\]5Isl%\GV\d\\j\j\ZUW;\k\vNmF\)JMQM\\LU\sGFVӧFKV|\E\\\T!,8FcE\]<\\\'\]ݗ\F=Y}nvNV[9JvY99\\&ܧd\&\)\M\Rm\l\\\n{w\\0\\0\0C\\0g깸V.\U\+\Y-Uzv?Em\/\ﶬZ+\7\\Z\}|\"e\'i&\\w\kGa\+\'\ ̄=\\WZ\\\02\re)_gWcT!mS9>j\]-\~\eu5g\=\u^\/\O\\yl\\\\nBOV\\Zk\i\E\\0\*J\\olTU\$\03\\0\0\0\0\0\0\0\0\0\0\0\0\0\0\0\0\0\0\0\0\0\0\0\0\0\0\0\0\0\0\0\0\0\0\0\0\0\0\0\0\0\0\0\0\0\0\0\0\0\0\0\0\0\0\0\0x.\{\u:>j-[\i/7䟗L\\\Sil\;\8sQHϊrIُ\\Z?3o}}6ܪܓ\ii{\p\8N.4\+/ked=Jʹm\t^vIj\<\\\/JڸhZ쪴p\,`{\;&\=B\QWN\\-r*j\Iʫ9e\4\(<y\c%$zx\./U\\\0 \0ciuS\\ZϕF\,&\Y.YBm\Vs)S\\)ũFI8\4\$\馺4\T\\̮\ Y\Zj̎\FW5\Z2\\"؛\V}\r\q\M\_Zwvc۲N\dăhZ\>U5e\\]B6UuRVWl$(k\\Q\0\(\u\mg\\\+m:BꬌQ˭(\SKM\\\M\\\\ډFbb\܇O\VU2Q\P\5͙Ӳ_.\\$eevLhhWS\\{\\\Y٩j9\qC\gڎvQ<l\Ӯ]SO\\\\,ķ\2\N\L\..\@\\j\/\\l\\a\\hϮ\r)4\\ޣ\'y\'\j\8ԋ\\\׷xa9A\Gl\>Ę1Դ7ۖ98\ie`\\\\\\|[\خhJH}v˫h9\\tۼI\IΌ\ӑZq筵\	u]wn\]\4)\vӶ>Dc\|\f<O2m;\Zm>KWd$\ޒ\RxcO<\rϩ\\\eƲ\-ޢ\n qSM5}\Z~ߋÍ\\\9B\\Vfi5G\yJǦ\>*I7\A\\&%\/\;M\6zSS\\\\\)(۟\zvY\\\\:6Ej5W#xj\|ffzp\Z[	UI4\OѯC\\\jyZRe\]+\TVNI&}\ܤ)7\Y_v8=>7+\"$wb\0\0\0Q&\\'rb\X\|eV%S&2\\P\^V<g\5rPĻ\׵L=Yf\\\\1\dd4\˯~T\Tpr>\`~\\|<z0q\ƪ\\\z(W\\T\"R\/w*z\\\T#\O\\LѴ/nق\;4TXo{`\AשmW\n\5]rdcZo->dp\k&gƓ5\υϕ\}\\^\\PQ)}؜q򥿣\\{=msKu=6\-5[FMO\/t_LߖʬlۮҊ\l[^\U\\U_$}5_\r\ͷN\4\\\Z\\W\'ٓ\{\\"k\\Ox\\\\n\h}\\[\\\FTV\GXO\އJ\k|$\Ĳ\'EYI\\m\Fpke˕\J\jRO~ҳ]k\r[<\?u\\>@h\\0\0\0\0\0\0\04zN\{Iմ}K\\\\\ʺ\\MGͧ$V\4\lk̓䒒\\<WZ\\\3sn)\J\Z&ӛZ~CI|l9?VIgه_g\d\7mjXvԣ^o&\\[\5\{\\\\=4X\IqW\`\\eղ|\WrIo\&\[\:nL\94NtdB\g*n\\"mo.!9\5F\o6\W\\JMtr\Mw\XҚ|\Z\\Z\\IS\p|\\y9H\\o5=2\]\|\ɮ1\0\Q\\̒\?\K>X4L_7ߢM||f;\!*\U.u6o߅FR\h:fty1r\0xO\u	6JG~F4\ټ(T\0\0\0\0\0\0\0\0\0\0\0\0\0\0\0\0\0\0\0\0\0\0\0\0\0\0\p\n\\Ueu\\vJ0~\IK,\\\7d\8nح\X\0fM\\N\;.ߘ\lм_Zw\g\=6CM\ko㓒\={\\ch*<g1cBI\\\nCpR_]2[>-juV4\4\mى199P]a\)5\/\%X~\;N\Zn?\0\m\ME?\I\!?\Z~f.nx\&\Mrۗz\QSۧު D_%\|Ƭ\\w{\>#\H\0h0\ɺt\Բ\\\\-4\\\\VۼG\c\'kJU\\\\Z[\4M5(\%ei\/DYO\\\z\\n\>\}\W-g\pǤRK\Iq\D\n\0\0\0\0\0\0\0RsIn\\z$?O\ʍ:\\%14Fwvz\\[[r\lܓ\\\\\ÏlTvTe[QJò<\\9\Km\'^\e\l\#3E3Kiw\\|%%揥-\\bǨ,<:\jEFT!cR]I$})D\\0\0\0\0\0P\0\0\0(ʀY\\\\F\"î^\oH\6_\kz\*,귌\\[\'\Z\JuY	\usv\d]v\d$\:섒,ӌ$d~\̍\\y\Զk\\z\n3]\"\k\ySoj\[&p\x>c\s\n.u\ϊ#l\0^\\0\0\0=_e\z\u:FO{m&\j\\}It֚\\\\)F/̤\K\'r͟^\MPHӫRȚ\\\å4}I&.3\˻\Z|4\(Xg(~z[;mk}ꫫƨ{\\\\æesmPvk\E>*Us5\\n\Ji7j0\\9Z\UE^\7\*\0 	\0\0\0\0\0M.][~ᓕFVNQp&F+yJR{%\DQ\\r\pcԪ\\\"\l\gN7Dቶ\Wn\zoB)N\z\s/^\转Fu||C{}՝3ܞ[\;.n[b\0K\S[\QmdM\	\\)\tK\|:\fM`\ok||\*5\ʴԷ\0k\0\0b\I&\\J)9JRoh\)n\)6I6\I\'4o^\Jwq)`\\ST\Nd=\22M\\\"\U\\R+lB\O^y\ow\\\nOn\gi\\\\a\\}hu-{TZUS$Ѩm֟]My\] \ZlSb/Z\'h\Tx\.Ku:jTc\0X\\0\0\0\0\0\0\0\0\0\0\0\0\0\0\0\0\0\0\0\0\0\0\0\0\0\0\0\0\0\0\0\0\0\0\0\0\0\0\0\0\0\0\0\0\0\0\0\0\0\0\0\0\0\0\0\0\0\0\0\0c{\wR\xٮڍJ)`g(Ydn]\r\[V\}\8BJ;I\\Q\3o\u\n\\p~,ߒ\gVSj\\бzMFQcaa;\I\	U7}[2x9\<ҦRٺmIf5%87\~;I&XVvg\\ƛp޺\7k*\A@=h]\\ZVeV}\\Ǘ-ˬdѲYM,]\Z\>VӢFJJxUs\0=@\0$\ԸZ\g\'[>k\\{\<v\]\IU\')\g>\N\p\\p5v\_\\da8?vPRM4s\\ݗN\\r\\\#\n潳On39z)\j32\"\ޡ-׻8\(\򔰞݊];\\oSKsS-w\}؏nzG`\S\nVU-Kenۺr+M\˪r]Ks\\Pn2W5L&\d{\P\x\WS]9u\\>v<IF[nd+\\~\\\ҵ*.Ka\ͧ}\isG~\uˤXl,[\{\8zfJ:ʛ\µ\ev=7	dIIt\'n\O\Z{+ҲۙjFa-_^\~ˎ&n\\\\\\y\\\.-\\Ȋi·9t|є㻍:-:8;\ɯo>+&US9j\\\\_g\T\Xb\Q.j(v\\N/D\Hm&x<FN.&~\\&زUx|CLw\YF\Q\0YK\t\\\\d\\>ꬮl*ʫ/x\]jP_U$%cW~f4ڰ,Z]3\\j\\\R\Zۭun\=u\t\0)A_ͮw+e[E<\_v\\i\yxG[;2,{tS\=\r\+\\j{\Q:yxذ:~?3\o{n勶i=\\\Y\Y\*q>\?OyS	\}{*\\<o\Zq챤\ъ\z\0n\\w.>\k\y\0`\"@\0\0p\0\_#u|=\n(,d]M\t\4`kOu\әa);Mb{䢶)\C\X9S55\Zb\Zj\K.׿MוM/}\c\\Z1*\U\\zF늌bĒ?y\mvh*ےܖ	vvK*jTV\05\0\0\0\0Sb\v\\8/SÅF.5e\\}{Ȇ\Kx\ܓ\Z[8\wX)ԕ9kA\M`ύ&d6\\\r\Z6f\򖳦E\OʫPŭnכId(Em+1rkuD\8y]\M?ꍕD\s\\k\\G\ӵ\v\u\˗\\vߢɇ{ç]\/<{d-G\'\S\\A\\:V]\fD{YT)+lk,G\tqW.qbLJ..\@\0z>\0\0\0\0\0\0\0\0\0\0\0\8\MM$jQg)-T\M2\p_{.3\b뚊\ܾ\n,\\\5[=KNs\Z\%cVq涌\\?2M:ntzlM۝vO}~*\\]\G?@ۭYM\0\r1__I_4=dt\\r]ɥ\m\\Ym\"d8[\Sr|\3&&F\o\b\0k\\/]\}#-Q\ұ%\n\\7J)H\\\6Rc^dͨ\I,\q΋\\vO\\|[\f\0\\Z\ϫ\0u\\=\^&\ֽ!\E~iK\&l֔ؾ\cB\x\<k*l)\\l\\=\9\+gC#\\\Ǔ\0\ƅz\Q9M\\u<\D\\ZpTx-sOL|wo\%s=67E{\\Ze\D7S{\Z\AZJ/zn2+}\\\\\\}\Gu\\OffJY\\K_t=gv\TX\_\0n\03\~\Zsr\0\\K_t=cݴ|T\k\0\\\ʗB\'\\\ߦ\LH\䯝Xu(Cƫ\Ƴ*.x\\"\'\|Mŷ\׿Ƭ\{fZfUm/=U\	Q\\ɪ*A߫\ߛ^\I\Һ\K\\\Ow\\\r\^\SԳ#\\\-i}J(ُ~\5D\=\jtԹ\\ur\\&\8\n\,gM)\ܳ){?65ɥNN\>d\9>iIm\\zE/%\\|¨\DR`zQly7\\O\I\o\\'\Ǐ|\Un}}%%\e\\m%\9SOh1)\\e]\\}H\oS\6X\\/ז.\0ol\\!biZ~&\\\\͜_s\Z-}\\g\\ٻK\r4\E8\\\m-|lLw=fͧ5el/vM\yV\\\\ړJ\̋\_;w~5\\uKd_%\ \\j99f\\0\\\0\0\0\0\0\0\0\0\0\0\0\0\0\;ǉu\\*s\\29\5\\9\?V\\\\Gm$\m\w\Z\.:a\\)g\EggKm,\\\mQ_%1M&}\\sPy\c\{\Xt\;Rw\/\4F)B)FJ1RQKd]KKG\\0\0k{s\7ü;RTˍV\7N-iݙ\\TCyIͨunI&թ\\\21LE\M\\]jª;FYwꔟ-unO\'%\G\YYg\\fNnD\.=O\yKࢶa\)+&\ҹJ\.\][Uc/1}x\\p\t|Zz\ζYYJTS\\_\}\}z^\'\\\8?\\m\0\ \\a,W*ky+uf\ֻ\\\<^j\f6ee\VK\"+~6\\Gu;ס!݉и\4\{\Ĕ\\/~{6eF\|\OٗiN_,|\z)\=\tͶr	FuAѫ\xٝϥcwLr\͚\ZFQwT\o\lVT\\\`FBͫ>~y\^\\gr\W:lq\\OqW\)ʔ&kc\&T\0c=\|.\Ȯ6\_\\궹-\evE\Qk\M`\\r|\%\z\Dn\\Xv\\\R͒^esi$\[XWyf?Л\\\\\\p2%yI\\6Ǫ^\\\\6\\T\֯tЌ\;)|\WKv7l*\<GvO\0/KV5\\^iQw?\A9%̩(7\\ݒqv\\'Ź\5jY\\\.j\\AW\3%\\ԫ\(\t#mGj\8\\\\-y\\u\\Ш\#˻g\&G&\+bQU/hg<F55+*y\\KT2o#\Zkx[M}k~V\lul\ի<\\yzVԋU:\\0|2c\sc)JMF1\ܛ\$V\\\0}O/\7iff\ՋR[sK\\n\\VY/H\)I#{\x\\ZO>&\x*\M?I\]~Df\.ҝ*Qn\qָ-j\ZK\\'\Zkp\-NU4弧=\)(F\a\\k\*$;\B\\Rdu\\nX,e\_=u.$sӰ՘<N\Ԓ}%\}7Xr\=c`\)Ђ5r^׷~bV\ZL\0\r\0\0\nJIu}W\/V#~ݮ)\h^NѻMӭcP\˄ܩm*1\&\"vvZns}k{r6lyV˭\Ӹd\{F\/Oa\(f\BK%E-o\m\'\JvNck\\QԟRؖ\\-ԩFub\0\0\0\0\0\0\0\0\0\0\0\0\0\0\0\0\0\0\0\0\0\0\0\0\0\0\0\0\0\0\0\0\0\0\0\0\0\0\0\0\0\0\0\0\0\0\0\0\0\0\0\0\0\0\0\0\0\0\0\0\0\0\0\0\0\0,{\w\M\Wǌr4of\&\4\~vL\\{:\t\Bc\c\i\O\\l]adz>\2v.,O{\zo\*m\Tǌ|c\<y=Ԛv\X\SN.3c\zUٟ\'S\Zox\Z\\mvEY^ \=:\#QћOWڅO6n3Iz5%FQ^T\qM;\\>ZQqw<\Z\0\\\0\0=\0bj=SMݔ/{l\S\\Ȃk)\ӮMz#0J\m\_(\JJ\\\T\n\u\'2WOX\\=\dz\Q{s\l=,Ēr\5\(\Q\:2ް\[K\%d:/VX\\\l`g\u\oM\^4\=z)da9o<I\[p2Қ\P`\Ό\:\{f5-֎(\0\\Ɲaݥ\\¾;NGҮ\>\rJ/h]\5>\Rnt\q9g\(\Q\1f\\]Oh\\'\Z\\:\ \\l-\ɦob\䶔g&k\KX4K$\/J\oԴYYc\kz\\\\0\\\cL2u\\p{ّE\[]\^\\g2N\ΓgSC^y\?ezJ\eJZ@\0l\0\0\0\0\0\0\0xTw|x:e\M\zq\ƟL\{o͗9;eե\\([E\\{=\nP\J̻c6>[<#ͺ\q%\N-FD\0\eT\^=PPF\\"\1I/i^\,eSu~\0s\'m\>\?P\0\\0B\v\Kt|\M/RΫ+:YGj\P\-ےyϖ\s\o\\-cWrnk\]#]p\ٯx\\\-c3]2w\Cm͍V\l\\\n\6myM&҉5\'-f\bk{\y\Bѥj6FPcd%\4Bqku(\nki\ϱ]w\N\vSxM=?#\	\Rp{<\\.k(p\oy+9cU\q\'.m]dg^SKw<;wQ\Y\ݷDV_%\|%\Xү\\Q򅲝\\s2ܩo\0\0\w\3p|rѫ\\R\\\T\t۶\\kZJu\<\~\\ɿO̦x\ʛ\\UY_)E	\x\\ڒod;V{yq$#\a\\\\ke(<\xrӋ\\.h\n6Z&t\~,%O\{\"\eR:\5ވ\0\\0\0\0\0\0\0\0\0\0\0\0\0\0\0\0\0\0\0\0\0\0\0\0\0\0\0\0\0\0\0\0\0\0\0\0\0\0\0\0\0\0\0\0\0\0\0\0\0k]\\\oԛ\\\f\l|\-7Q̯y0d\qZot^7sC=\cC\0v\\%R1J8sKK\̱RYEGZ\\x\{t\rY/Xe~\4-eR\QleU|\ʫRj3Q\#>cO\*Si@\0\0\0\0K\f\xI\l5p&.<66Bkrc/9z=H\w\\\\Le~\}pk\\K\9\hP\\b{N+ʀ\n(vl+k2\(F	\RRI}\UޫY?\r\u\m}{\$\0)\^J;\]\̝ɲq\#^ճu۹\\\\\ؑ\8\z*\s\|\Y$1\5$I/\r;`cX%`=I9I\\`\0z<\0\0\\\+\'5jh)Y%\\{<II9rn\]Կ\\\rN;\X\\ѵr)*\\{YlqR8\nIW\yx</-\\9-}mRN\\\\e\]J\\ri\\Z=\p\\<:\N\\Oz\0B\0\0Wp\\ǟ&(/n.\O\f\y\\Z^vfNEKg3ʖе\'QK~\\VljCߊ\g1\\:E(jQ[Ge+$Rs>\=_M^\ի*O)+\Lq\"\'H\֧b\0/\`\0\0\\u]*畦f\\d=\k]˾\\\z\\\\]	\\I<>4jO\\d\\>	P\\\Xd{QliΉ\-j\\/B\\x\\}@Üp\n,;_\M\鮫\ri\Ym3<]\\8v\'g)ߙ(\\F.\3u׶ߓFT\8Q{/\\r\>VgI\\\hQwӂO~o\\f:\\\0Ơ\0\0\0\0Kw\.Ni-\\/V%]¼=\Ztq/P([\\辒Vt$\]X\MA\J\N\\rzKk{\6lyV\-?]\'ר^FѻN\n[7\P\̄\;m*q&PS\\u-U5\Զ%{b[R(\\\0\r#0\0\0\0\0\0\0\0\0\0\0\0\0\0\0\0\0\0\0\0\0\0\0\0\0\0\0\0\0\0\0\0\0\0\0\0\0\0\0\0\0\0\0\0\0\0\0\0\0\0\0\0\0\0\0\0\0\0\0\0\0\0\0\0\0\0\0\0@\7\wI\\'^eJo:R\Iu=Rj>e.J3K\j{m\CV\\Z\\%\U\\\Ӿ\\&\\%\\._E\ab\v\H\<i[\,|(\]D\|\\Er\I3JJ\\'7w\[zHU5\	l~k\\KV\\\Q凛\\\\hϮ*|nN懙K9\Ԧi΋NjENO۳\e\0!\\0\0?vd\\Vn5\c\\5e7\.Ki}%}[r\܋\_\ѵE^.\U5%}f*>\OgVLZnx\\x8Ni\C\ʻ\ZjQn3R\e	E\FIEԓM4i6\`k\\K-ַ\s\ݳZE\ڽ\\M\n\\w\iemyB=NrP>[rQY?G\.KۖQ^dڬ,\ԨƷ\\M&Z\UH\E\0\ZfS\~<eBQR$Eii>k\Öx~v\Թ`%+2\ݘiu\Q[ң\x\)V9\䌧3z?\0j\O!N\Z~7,\\O\\\Zh\\6\\sr:\^db僎\Ӻ\\8\ִS\L\ z2Mn\ף*v<Gݗ~m܏#&\/ˮ5W\l\\\\\"\Ez/V\\\SYbS\\\0\\\0\0\0.\u\=kGߟb\zqwE>]}\\\J\\<u*F\\\JЌ\\%>\OM\l\\TZ[\\9:\"<\\0\I\\\ᅅ]p5\B\B[FQb\n1I%H\h\k\Y%ԮE֜8\0j\0]\:]|\x\N\lE\n닔ğOW\}J`ߊ\x)ai\\4\s˒\\U([뺖]P]ުѸ2(O}\\l<Afkg\*\\H6~\]Ix\\\'h(<K+QOV\j6X Vi&\((\-\P^dqZMI4\IH\%÷\\\%\ڬԵj\Z<=\\mG\%\\\M(\ƍr8\]c\\X7\&)oy\-][S\0fr6+\uX_MY5꫶\ \h\Zj\=E8a߆殾\VW\rwV6k\n\$v\ko6MVSl\Wd\\$v}\\̣>v(\Z\v\Z^~f\\ɷrۗ\.In\\њ\΀\^XUfLb<l׭Þ$Z\\0Ru\-nZ*yI7\v=D5*J<\0F\0\0\0\0\0\0\0\0\0\0\0\0\0\0\0\0\0\0\0\0\0\0\0\0\0\0\0\0\0\0\0\0\0\0\um%m%\x \9^\\BOh\N-&q<\Z\:\\\bi&3\Ǎ[U\Z^8ǃj\YObh$|e\j:\Bo\˓}}<\on\䕘\\\y36Ng)[|6\"\\,2n]	\0Vu\\4mW˼{2\9E?i?\\\^\\\Z+\淅\\Zt\M|㓑\c\kl\kAӔc\b}N5U\?d\y\0DMO.[~\7a\y\r\a\\\\\>-ߟ+\\*75ÂMKR\n;uOï\_dٗ̿0ET\v\%\Yя#\grӞml\}JoΩIS}p%\^\\\\\X܋h:qQ_T/\=X\"Zj\\\R\mM\1\\"@5e1ǽ\\ZOQ\\̥r*\,\\'\\zz]\\\Z\>\\\KeF<\\o\"<\ɹ[\\>okRPxJ-6jI\2N2\Q^\2M8i\\$wx4Y\\Z]Q]\\z\Υr\V*^j哾\T\Yr\zbRhw߄f\\\6\\aMk\W=yn]\0\0\0v?\\M\\0r%P]^\5:$d\^FB\0R~Zk\\0\.T[/1\0\탆n`%\,,9\5e\\/Ub|j\ri,\\1R\\\\'jtcˍ;\n*IE,l\J\\%\F\6\4v*uH)\)$\ZU\^\\0C\0\0ݫi\|\\v\¿hdV\\\+Tc̶E\'\Oѭ\pHK\O\\%%\F$$\\MI>4\T\̰}\;HºN\\ەP\\yY9cJ[-RԒ\\/\\\\t(<\\}N\\k$\\L\]P\>;\\\\ӭ\t$\T\\\=\\o\dC*[un%7TLѓpSk\K\xfk\#NK!\0R\0\0\0\0\0\0\0\0\0\0\0\0\0I6\I${(\-ۓ}I\H\Znu\WEV]t\]T\	YuI\W)ID\\&\q\?\Nɭ\꼍}*)IOFMuPoun[\idl\/~v\[m\\֞-c\xk4<0[Y\{xx=ChYN\nQ\_Yy-2\\EGi{\J{pT\vUKLJb[o7{-\Fub\0\0\0\0\0\0\0\0\0\0\0\0\0\0\0\0\0\0\0\0\0\0\0\0\0\0\0\0\0\0\0\0\0\0\0\0\0\0\0\0\0\0\0\0\0\0\0\0\0\0\0\0\0\0\0\0\0\0\0\0\0\0\0\0\0\0\0\0\0\0\0\0\0\0\0<i\\\V+	t$M{\\jQ~\5N\rft\q\9]Mv\\]\4b\曌ko\SuEØt[My\U\M\VUur[J3M5%\ZFXc}+s\]hF籚\3;\{d\\n\gJr}9N\\h\\r\;#\e)og4yFI]W\\ΓgSC\^g\\\U+Q)]$T\0l\0\0}TSd q\rzjQSNV\\aNcٻ1\\G%*v:|jZ\0Ԩ\?dbyQwǭ\'\\Fq\%(I)FQjQdR]\Zi\\\!o\ui\ZîJ1\y:4[{ʘ\\\ɴ原=q\\ʹjr\}\zT\ʞɪQ\h\}\\!G6h\i5z-m\\b[(\!V:˯;vp\n-\w><d\\-\\0\Z[o)4\\\E_\WlڞݬjRȳݮo\\\\1\O7m\ӓr~/G\s\\ZԲRx8j\\RM-\\bTcKF]^VX\O\|/oB+\_*c\]\\0O`\0\0\0\07&\\Ҵy\y\Q\|b>j^\V\vdM\\\\c\'ӻkxKRX1Ms{uJ>ejQqqCj˙8\k\\\\ZkTkTc\%\.$Iz\"\zVx^2\غڿldGн\'\\0Q\\0\0\~x6?\ncI+\ϒVR\.\\\\Sdv~bq\\,\l\\C&jLjl\E\n닔]\/\|M}{d\k3]\ܥ\ve\8Erэ	5\UQ\ǝɠ융nV\\\cϛ\\\W\F\\rt\Y\\0\0\0\?\0B_\͌.ӧNQ=\\ĮIC\~=e-gZ\4^^j*lZߛ\u[\]O(\\n\~\E}8mZ\}\ϰhY>%@0\0\0\KV\m\Nʋ\0[_\f\\	\Mȓ0K+0 \Z\'J}\ȩ[\0,G\0\0\0\0\0\0\0\0\0\0\0\0\0\0\0xNs5\V]l+\\nQu9\MbmG\O\Z\E\rB7B:s´\t\\(\&nԣ]룕\Ļp\U\\u\cVd\﹙o\܉\7\\N1]I%m\l\V><\x\&\JY\U\E/e>\Zk\v=ZV<jyj\?eĿ\\U8\\KpWޥe\&\ƣ0tM4\$PT\S~+Q[^w{\D\,4ct\\0EK*\\\37\(\\V\M\\\\\[}\\\\ͳ\"+uYԟΗ\TKͩxpv}j\\*\0\\\ڭ<oxP=\j>\a?\Q+_\̆TL\\Lr/\sw\Zo8\F8\-;^j?V~l\͓}+,_\cj^<q)Z\ǙtTc{rXS}=7-9j\\]\}і˺\rk\Tԡmrp\\ʧ\(Y	%(J-4\$i6퓻\:<\Zo\C!//.\\ב[b\\\k\\ȴ\S\˫\Rzi\%Z~Z\͑]~\\}+\6\\Q\\\Vhz$O%rǥ.|\\\.H\>\|R|\0\0}{qmX|WN\GFFC\o\\O*j3y>Dc%\s4bѦ\b\Vu2\\Ŷe\\n=\8/>VI\wvfj2թ\%?W}5d\꫶\ ?i\2.\\0\0\0\0B\0uZ\\bl1\\\O\(b޸mˑjo7\\1\0\\\'}\\\\\̮\\\J3Kx\Rqm5}\\0\0,xN2qRӌ$g-Z}\Zi\\\\(\0\;\0\v\rY[߱d9J6\)7Nӡ\Rr\\ش\x\pG-[!tl\'#?r}\G9\4}w^\\nͬzSqo\\uU}\0H\ZfEx|q\p8Kc^cOQo}UU\wg\dNI_eYtI\+\(\z\qo!קCbθڍKUFf59\$.-[q\e\\*7NV\\SvwMR8\\0T	\0\0~\g\\\1ΌȤ۞D\oO\\*MN*͐x\\Ȅl\Ȫt\\\\d\\dڛ\a\0}\\\\[+Cƙ)\^\\ىc~E\%7\d~\{tqnmz\	gc\-\\\c܊sUC-\\0`\0\0\0\0K\\j6ګXm\ÓI|=9?ML0\\\fY\\z\Z!]8uJ6{<˖\\\3NW䝪[\I]l\\QOr\0,\\Я쩽`W\F{K\Sؙn\q\hZ4v|e\u\WjV\)U\]\Һ*\Zks\\\kZeJO\0\0\0\0\0\0\0\0\0\0\0\0eӦi\ν\]P_^\ӝ\Em\\Sv	r\4ڔYd\Y\\\\Y4\\?.\e>Ug(M\'v\:?b{>$|\\lϲ)dfJ=v]e\Q6\D$\nOy8]#\dZ.J\cW,#\\<?sN\1Wd8fq\r\\\Mă\Ìp\[\Kw\]p\0qZ\\Ԩ\o\\.B\nV*\\0\\0\0\0\0\0\0\0\0\0\0\0\0\0\0\0\0\0\0\0\0\0\0\0\0\0\0\0\0\0\0\0\0\0\0\0\0\0\0\0\0\0\0\0\0\0\0\0\0\0\0\0\0\0\0\0\0\0\0\0\0\0\0\0\0\0\0\0\0\0\0\0\0\0\0\0\0\0\0֚i\[4k\\\᦭v\7TakR\'IPv\\j]yU\-]M\Y#ܲ\\YMnk٭\ZV:F\U(\Pe\R\$\:\8\)BqiFI8\Kc4iIjA\Pތ*̄y\\t~eo\̎?v\֥\[j8\Χ\O\\LlGOQc\,:B>.Y\oJ޸U6IQw\\\0	CD\0\0ewfK\Z:YKO\\U\ƫ\"\N\U*Q\\9\\\\|i3\Ym\0\\0\0\0\0II.][/sn﯉5\m>ȷѶ^\qڍקY\K\\i\xՍ(9\{\\\L麒Q[I\\\}\\\\5VDԓR\Âãg\\llG\Up\(\%I-R\KIt\\Kh*%VY\\\]J\\]iB*+`\0\Z\@P\\\\y:T\x\}\{{.Om[Kuhn\	f\*qG\ZiYk\em:kV>;K\b_{\i[_\35K3[\鑙k\R\5~\5\}\%)\\䎯`-\ۜSϳ\"k\\ob\0 iǇ8o+7\"?nnU\\\ֿ\[lb\+~i\\\M>6,n\HGcrF\\jiӰ\\\\N=v\V=[\$\+u\9?<a}\hZN\sI\'}\﹤m\r\ݞ\Okʦ̣V7Ų\B%k\035]N*\"\(\Us\?HBNO\QMC,-ʦ2n8ظ|!o$,\\\\\mꙊ\y\|qv\\?*\E\\\W\\\nڏ4i¨X]\οf\ҍ?%$nǾhIK\0d\\0\0\0\0\0\0\0\0\0\0\0\0\0;CR\\Mԥ\+4	֡UOg\\'U;?7~yr\2=%\evT7д\]˛lI\\\v\\\R\\v564Q\B)FJ1RQR\$D\\S\:M\\'t9\Ob\\7\W]\vdO\^\\%b\$D\9P\\0\0\0\0\0\0\0\0\0\0)P \\Do\\n\Z\"nUZS\ĄV\%ǊK<e}WU3e)4\IiM?T\\\	\n9\#MS-ńb+\ӿ?H\ih\0\QezкI\\0\\\=\.k\+zr\eIr\\1h\0[RQ\m}>Ҡw\\\r\$qv\\X/\*\0#\<\S\%&\\\n\EWW<rh˗\3\\B%i\mt?w4]O^e\0gS\zb\\\Z\h\\rp\]rk\Q;J<\\Fv\Q\"8\Ǌ\"uNJ\\M\TǙ|\6\r\x\P\dkѭ[\0*\\\?s\\L\u-#QvV=jOyy^\&\ώ\mﴺ\WbA)Sq\;x㛽\n֚\\.OqʭY)[g\-r\n\\'\'\\S4\'mpXm,vl>4O\ipd,\Cqm\u1\'\VMq\~\*.I$띍?>k\\N!+z\pR\(\\kf\=\3\4m\1\\6\ԑK\Y+n2\\*\\\\"j\I\\u\u\0Rɰ\0\0\-!Y\x6>5\\mw7OQdq\ZA\\\Zo~l|d\\\M9\4tT\\yX\Wr@\0XJׄmo+L\᫛w\sͽ\,M-\{\_#\ƫq◻\")Kݯ8sZ\\\":*2\\v\,\}<\[i\#4\4%qK֯]\%Q7隕WW^ES\\\\\T(ZhG*-\\0\01t6q,\,Ion{mc(M[˪vFy>P\B\\T]\r`\'4\f9Uv\)WeVE\\lqvB[JBI\PN2M=>d\\\\=cLXzc\Vc#(\_\ra\\:\UsiTĻ)zB\\\mM\|:~\\'\\\KX+\\o[ato\\W\x;EtW\y\Ғ_kKrL\Jrw\xRG\\{O/+ν?}tqR5V\e7J3nw\.)׶\\\&hj{e:\o\s\rJ.\&Զv\\0F\\(\m<mJ\mKo7\"ԓI(Atb\!\\\\IT\Tx\v8\-e\mJx.\c`\\\\U\b\]ֽ!]qQv]_\\\\{`\0>\0A\أ6mKm;f%dwKe,d:njKiC\\\>9]}sKU\S\ӡ\\A߲\ɍ\\[$w\jQJ+\$\E\/:\/\}\|射\U\`\W@\0\0\0\0\0\0\0l%i/\9\/V\6\R\Ы-\3\\:p-mgZzeYzk\\N\>Ҳ5WXK+\X5\y;y\	ʎяUx\W\nq\k\]P\1cI/*KLWӡ\467ܸ,zK\yɻ!ҴL*78{u\5X\m\\sm=RrnRwe+@\0y>\0\0\0\0\0\0\0\0\0\0\0\0\0\0\0\0\0\0\0\0\0\0\0\0\0\0\0\0\0\0\0\0\0\0\0\0\0\0\0\0\0\0\0\0\0\0\0\0\0\0\0\0\0\0\0\0\0\0\0\0\0\0\0\0\0\0\0\0\0\0\0\0\0\0\0\0\0\0\0\0\0\0[\vĘoQy\I\\U\\\cOnsW%*\KiFIL!RT\sX&dwZ6\8\jT\(\\UwE.C]US7\\\嚅6A\.\ˢ\<k\źia%$\L.^yzpl\\RsM\\K,Kםx\^~[\e[\\`G\R\wq\\\\\zI\0\0\0\0\0\0\0\0\0RRI6W\"h<7}\\\|6\u/.\\E&2\\\l\\Yծ]sw\zG}3\rG7?q漼inb\ӭJռ[S\?k+<^~4>\n\rB\\>T\0RI\\0\0#ŧB^ƞ\u\'\*-1\\\\\t꬚R>F_|?\r\ \\\\-31jve\+\\\P\˫\QX\'{\\!\Z녑J*<ӱNSZ%\V*\QKߓ\\J\\wbk\tڦo\G\0?f\b\fU6\fT\M=\u\)-\M=i\LgN)\5\0\0|RwjofTIKIR[\m\ğH\m\\\[E\يѻfV\sHƔ%\EX\7⚏\T\,\\\lJ)\Ʈ\\\\niW\\TaI\"\\<.w\\վd揳^Yl\\v X@\0\0b_l\ҸjXO7VPk*ճM*\R\\ˢ\O\$?\ݣq\r\KGi{\\\Գlk̅t\\5,ܽ7c\>\\\ӵ\\鷵\YH\0t\\0\0\0\0\0\0\0\0\0\0\0\0\0\0)pɨ\\\휚!\7)NMF1I\I2SxlIS\*X\MoPi4x\d\Mu\\n\Zr,.r\3Ч\MGy*ֻtL=\n.C\̲+oh̹)dX\u\\G\iBKdWd*r*%RNrŶ\|^%\$\\0g\P\\\\|eTa~\yrܫ\\\̟/O6\\Zԣ\hδ\8+\{nY\9(\'\'=\n}\wjd*\\8էvfJIqM\҄w\\$\\3\st\\n\n\s5+{U>^=sn\3r-\\ț\\.k,aB(\\\vc:f\T)\<\\\I\\܊\m%6Lx0\\D\4\\\~T\SKŗ˱\02q\հ\\,\^Y\.{c]7S<.)=\\&SCY&P\✽-\b73d][\ɪ{kة\mS\\(\-\~\w\\\l\9ߠdN+3MQ\Yx\trqId(%7.FEUeQdmǺ esJQ_\I4\6\\\_6^t\ƻ\\\'\֍\=(\\_\e\\C\\-G\\\<)2\D\U\z\\\'	\=\i\\N\N84\](\j\kZ\\dRR\Q{5(\8\i\!\'3]qQ\Ԕu*RJ1S\F+w\\Kd\ni:\\nʵ8ԎRI\\xu\9\\09Ώ/T뺆\Fȥy\w\\/\@\r8\z&CV\G\n\_Ǝle\\eϴN?.\dO\մ)QOxdK^^\n\$\0\0\i>\řW\-W;[*k\\\ճ	\>[4_mq\m=\\Ǐ䲿\х<	\ˊ>Y`hڍ\<е\Oq\ey4K퍝GGWS\W-V\K\sor_\U-td\5\{f[f/xVqO,^	-|-l\\0F\/\\nż\'	\#WɷX\M5O\'\{:ce\M\s*\'\^\Is\\\\\>SUj\7wz\8=ix\\:4\f\vXӊ\QG<el\1\>\3Ôa\уDy1񩮊\늄S\m\˫۫ݔ\\¦SZ\Q\\j=\$\~\v#H\[$Ռog\\vY.\\k2X\0\\nSy\\NҬϱ\yU\m,=oʧYl|\z\&Jt\VJWGIE^Du^vU%*|i\m=\\\u[t}҅T\\L+?F\}\\dɾ\/\}+\r\%Ni\)I\\v~sYh*I|uso\e+Q˳\0\r\\\0\0%³\\ǟ\N>~j\2n^F&\[\\\\r\poRq\\\\/\'PúTf\\ޮ\=\\%\'\ιNu&\\\g4\g\\Vu\\\\\\\\i\YNi%>^ŗ;RϦXm<u%\]\ J\0\0\5\Z\˭ѕE9?Z\Aߖi\\\+3\M=NO}\TZL\s\N%sӍ\\lRKd\\\\\.3\\VJ\NMnmI\Un(T\\\0\0\/\ſQ̺a\W+noh\\7Ium\\Ɯkbݨf\^6s\d%VV\OOr{\w\\\\&:7cϚy=β/\\\K\֚:\kʕh\\r\+/B\\0\\j\-\{\;\w\\Vz8U\ӧ\ɧ,\\nnm\\xŨ9\\g@:u:q+/of**:rl\00\0\0\0\0\0Wu=or%VUX4\C+Q2x\\?.)89Z	.Xʵ8s\R4\7rY\\dNUU\<%\9\5i8\g_.Z<M_\0w\VMƸ.WRY;ra\\Z\\\\Ҧl-)\Kh\\\8El\\=\~;wY\g\.\egZe߿4\ԜiІlܼ%H\W7Y\b/\ZX\\\\0d\0\0\0\0\0\0\0\0\0\0\0\0\0\0\0\0\0\0\0\0\0\0\0\0\0\0\0\0\0\0\0\0\0\0\0\0\0\0\0\0\0\0\0\0\0\0\0\0\0\0\0\0\0\0\0\0\0\0\0\0\0\0\0\0\0\0\0\0\0\0\0\0\0\0\0\0\0\0\0\0\0\0\0\0\0\0\0\0\0\06*\01\<u5>3*s{l Ցo\V\Dj]\\.d\O\Zxq\\Kޫ\"\Wcڽ۪\%\Q\+bS\\ƏbKO\k\\{.[q\\ZV-R\v,Z?LT\\n4;\Cڸ>\M5qX=^0eoz]kU,\P术{f`WOk\ۛ&z\US\\>~\_W^:\\\O+5hΓJ\`\\0\0\0\0rxtw\\'LԨ\\dd.P\8\+qk\S=\\\\)Q\\)\\\\%\˦xՑb\\gk\ڷ\\Zߞ\\\u\!\\YcJM;ix[zy\v?Ѷ)\'gHhehNWI\)\wL{\Ē&\CQ(M`Q0\(\\\-3!죛T\}\\\ē\\6n1y٢\x5C\'\\ǱsBڧ+?e\Z,l\Vn\O=Nj+\\?p\0\2@\om]ٵ\\\Zr\P\ˑF\\\.g	Ŧ\`oj\\\&&S\XfR\U\QKyYcdB\og[+ޗU\R*s\\'j>\Z\\]aƵ?f\*\\M~2v3\\mw\\\c\\[\\\˚F]9*{&ښM;jnWGXwRq\\g\\\/7\\*V\\TTbrNO&\\'նz\nm\-\$2\0\\0?>;kJvNMF\	\R}M\0\\\#Ú%U4l\lM:\\G\.1ˏ2vA83I}\ω3\̴x\M[\\\E\fTŤ\TZN2,i\Uܴ|e\\zR\l[\YG\0	4\0\0\0\0\0\0\0\0\0\0\0\0\0*^yZf\>|\j\->	{\~NND%DV\!\\Z$#߱}{,˲w\ׯқ+zU|)%ԯ\"_FB[\@΋0\0\0Q\\ /wns\w7U\\\rY,l\\Vjn\\ޞb\Rs7\ǎ\޳E\mxƾ\dpI[m\}I%\\\Ǭ\+\/\\\Bi:EAm\Ԯ\0\0	\إd\\\#G}\0\VO&}\ʲi\_F׾\Ȉ\x?\xyXب\ro\\\cod<\ŶҞ\6\vG[\j\IӾ\zi\s^z\\nY-[M&\Ə>FEC\[]1sQjg\\=X\7OFfm\\\Z2Ҝ\۔\\\mnR\l\\Ё\\\$\D\\^+BG>{\ˏ*O>d\\&Y\\'|Ҏ^\홚j]bܶ_VF\\۬lFG8t:Ֆz\C\\\\\\Şw\_;$\MY;\ռRI.y\&3J)EB\n\X\m\6Gԩ*֖`\0e1m.9I\e~v\%es_\\g\\l\Z\2 \"}Z\ğ֔o\\	ƾ\\Z5\\Μya\\òx7^\\G\*wӄ6rOI\>tz\@E\'\0\v$$\)F24n٭\\\/f\\n`\0(T\0\0\0\0Pi}\.,̣\еL-2RV[~9GM\.\Ƶ^EJI6}\ɾ\\wgyN\c3,Wjx\}2^Օ%\\\ջJWعcE\'\\\nݻjEYjNƼ(uBmƊS\\vK߶~\(\7on=څgR\8ٙw*\\mW\l>DŘM?O\\S^>\*\gzRU%pK_Fj\Z|\ `\"\0\0\0\0\0\5N\k\2+˾\\gP\r\\\慑\[ѝ\3\\\\pz\\8:Y\bMi\\kv\|7OԹ-\+k٧iV\O6\m9S}oݺ\\W/ҋ)X\\\i\ܘ:\}\͓\oM\\gޣ\-Jn<\0Hhi\nto3j+,ݞ\mUt\@p\ҒiŤ\Ot\[\\Z$\0\0\0\0\_\㓳\ãFmm\4Wת\ϖ)=\KvS*Ղm\ib\X^8jqɳ\uIEt\yE\\]qm}͸\\\o\)|A)\i}\4|\xߩ\\r>u\']%\4\e)N\9J\%)\9\\\g\'9ɹNrmJM\M\\-=\'t\\,\u^p߳szMo2#~|\Jd勁K\7\ϯ[\\\Q\F5MJЀ])Ӎ8A\\I{wΤ=i;\\0`\0\0\0\03^g\\%\\%՞~\u \z~\\}n\\(K~Y\\\%_>\B)J\\.X	ˏt\7\r\\\k2\\j\\0n^R_e)]c\\\E[+\"\,t\&o\\sQ\\13w^wq\Z:\\^nN.i_\ɎK\g)(UM0uU\\)$\*s\eW\xl\uo\eRWEt\\nG\0\0\0\0\0\0\0\0\0\0\0\0\0\0\0\0\0\0\0\0\0\0\0\0\0\0\0\0\0\0\0\0\0\0\0\0\0\0\0\0\0\0\0\0\0\0\0\0\0\0\0\0\0\0\0\0\0\0\0\0\0\0\0\0\0\0\0\0\0\0\0\0\0\0\0\0\0\0\0\0\0\0\0\0\0\0\0\0\0\0\0\0\0\0\0\0(ф}\<3\]\R\]Z^m*Pm7-\[}\-nT\Wڳ\jY\M\}}+Jqd5\\\'=SG˞bى/r\|-\\_T%)Eya\\;\Zѵ\Yi%yX\~^eI=6\k)D\^\|\|3YJ\_J\<H%*(\E-//v3Jѩ\K=\lZ4|\S\n\\4\Z\Mnk\\\X\p\0\0\0\0\\[\\;\\\r\\ZK\\\{%\\\`\f\.f\݃\\Y$\\<Q\w2Yxh\\bkGH\m(\%~NV8Fx\u\jmm\˒9Ǧ\t\\\/\[LҔ,Q\"e\$i\;\|CÖ9\yrK\;W{\T6&\J]s{.g$*\	\w{]O5GIlר\G\\\B\\q5z֏VynC}=\\c*%\{)uJ6Y\l\\ͮ\F\\*R\%8N/eԓ^6MfgXC\2r#5|]\\*k\0\0\0\0\0\0Sp&g閧MbK}\km>\rtsdn\Kk\\[p:QyzsRN{X\얹C=--jE(^\0e\C\zVWm\bx[mErpx\\\0\0\0\0\0\0\0\0\0\0\0\0\0\0\0\0d\Q\lKخ\Zt}*\r;\r%[۹Ρ\\\0/d.\\\Ň\8\GڢwoŦ\\E\.\0x\0\00\\c<):7\Yz\r1\0i\\i\0sO\Jߌ5\0&/p3W\0G\Qʸ\O\\+\ZIU.\0\0XH\0\0\0\0\0\0\0\0\0\0\0\0\0x<Ǚ\\Z;\\\Χ.uUK$\kwff߄E3\5\dtf|[WI/\^|.꒿o$l\z\%\\0r\\0\0\0P/.\]\zf<Jpoï\"\'\ɔ\}\Z\Z\\]}:\\l\\\up˩ԍ8\K\"CAhM\\U\8tJ%Lh\3\ttN\fm,w\'ЪSeNF\0y󮰜<!#i\swI,owu4bwf5[iUw\'s\3@ܩo\0\0\0\N\´$]xAr^\\6\\\*_~<\*\\W	\w5\s\\\pSZW]\;:Դ˴B\gP\=r\\\\mSnG٧\(\1d\qNo-\Z:\\cٺ٧f5\%eMY\2Ps\%\diJ\[eMK\]\hN.3\I\Q\Γm\5\^\\V\et]\\\\0\0\0\0\0\0G\?̨\0}\ڭ?:O?r\\K~T%%:>=)!շ\׌=hj->Ӳ!\叒\\\R\\\_ul4g\\\]Zf+mZx\'z\67\K?\\u\0++P\=L\\\\0\ 2zJK\\F\Ғ\\\_\0\\-B̙mX\[|\\\,\'x\P\+CΏﺎMx\/\\sO\EMt\{Fp6)\+,3N]/\\\bIw\\5\Ԫ{Ė\0x\S\\{;ԥ-\ܲ$\qi\Ϊ#I/m\*0i\EnJ\\duJө\w\\0\0\0\0\0\vݣ^\[\FFW%ۛ#{7ؓ\Ey5)Om\RR1ԩ\ZqrI,\=\\\\\Frw[\\5?+Q\]nl\ZN:l\\-\oN8\/z9\oF\js\Q\NY\֔q\\cFXOwK5h\\Li\\y\\\ܓİٴzSg<\giV-zvV&kݪŽs]g9l&\,`ܝ\	\\\0\\\0\0\0\0\0\0\0\0\0\0\0\0\0\0\0\0\0\0\0\0\0\0\0\0\0\0\0\0\0\0\0\0\0\0\0\0\0\0\0\0\0\0\0\0\0\0\0\0\0\0\0\0\0\0\0\0\0\0\0\0\0\0\0\0\0\0\0\0\0\0\0\0\0\0\0\0\0\0\0\0\0\0\0\0\0\0\0\0\0\0\0\0\0\0\0\0\0\0\0\0\0\nlT\0b\z\\Zs\֖=\\Ǯ.fQ#|[ٹWr뵝d\;\rZԱײ\\'\Z3\!ڏ\W7jߗ\\S~=_G\"\_Uwc\*1\"c(\4\ډ\f2\\7t;\\4-8U\\'\\\G\"S\\ˡkR܎ia\&^\3\'\:\k\\j\\\\Դiږ-\Y\JN\\\ӮQr\\\+*\k}\JdQ+\v\\\Vޕz\Wk\jQ\^\0\0\0\0\0\v\rޟrn[Xm\f\r߃>\Z\\9n&Ӓ,v\RjGVi4<L(;\\%+k\+#tp\'\yJ0[mYT\Sn\38\r#S_\b\T\{\\ZO\\1nQ\\̑\\WdoR5([TU\\zJA\qk\&V\\Z\8s{OA-KI\a5R	oi\0W&Yt~\edɯOz~e\\[QK_Bcdl-1~.\\dtb@\\,cdv3\Z_\ݑ\\\\;~|gC/Xˍ}hĒfq~\\l\\m;NoTO\q\+\ZF\L_m\[@:\\\\\'6ƿS[n/v8Enin\\\=\-,\`\Z|НU[ϙS\%|c\\\'E?\lw\ĪzE$\%Cгg\\d\K8\\\D\\|U\R1K藢]6*<E\0\0\0\0\0\0\0\0\0\0\0\0\0\0\0\0\0\rC\0B_\f\|\`a[Li\0LMr/x\_ll\r\}tLݶt\Gܴ\?\*Għ.2]z?\9t@\0Q\\0\0\\Z;-ZK\\Ȋ^Zi\\4\/t\\\\\!\vEv\$o4V4\0\0\0\0\\\H\խϻOe{>\Ew\liy6\\\\\쌬_uSlzvxk\w+ҿ\\L\FXx\Ó+kƎ۷N\\\X\벍>|Ϣ1~ΒrN6BN3\/iFpҌ\N2IhF:\ZJ\u|Ft\\\03@\0\0\0\0{}\\1\\\nJ\\7|=\\a;\kO4B|l[⹡(\ތ\U%$ki\AT\I\&Z2՚{6WK\\I\<L죓M\\'\\g\0^mA\q̼\0#_\7\c<\_\s[\nrq\ؖ>O\\)1_\Â=QN\1\߬%s\N\\z6Jh\\\\ִ\^CMl?\|MuL\R\x\~\j\صMi}\ǏG?Ω\+ԡl~6n{\'sqxF\.\M{\Q~SN2qjJM9\[\\tiS\F\Ƌ\\C&/\mm-\\\o\ƍ\_-Ix5\\o<7Z\.dP\0\0\00\\/\񖳧A-\'\\b\Rri>ϩ\<y=\򲶶N\͞\;=ER6\?\1ԦE\Y3ZRJI?̑\T\-.\Ky\\\\\0V\2\l\h؛\ģ\vKT-T\Hu\j~جJ}=W\\0k\0\0\0\0\0\0\0\0\0\0\0\0\0\0\0\0\08[tbm%}\0\\v<7\yy`\\nVm\媊!+mQW.XAn\(ٖ]\<3XU\j.Z6\'	%m\\M}\(nh)\j;JQ\˥\Bdee5\_-\7\}Q_Ezۦh\a\\r\tjm\}9\?w\0c{xR\\\8\\m+\ZOT2SN\\\}Ԭ;\\\\.%5\\\V>-1Pa\Z\+\FI/\\\JkUW\w\Y%н.\ZTaI]p\0\Z&`\0\0\0\0\0\0\0\0\0\0\0\0\0\0\0\0\0\0\0\0\0\0\0\0\0\0\0\0\0\0\0\0\0\0\0\0\0\0\0\0\0\0\0\0\0\0\0\0\0\0\0\0\0\0\0\0\0\0\0\0\0\0\0\0\0\0\0\0\0\0\0\0\0\0\0\0\0\0\0\0\0\0\0\0\0\0\0\0\0\0\0\0\0\0\0\0\0\0\0\0\0\0\0\0\0\0\0\0\0\0\{L\H\qN^;\h\\S{{\XS\4%]z#׃\d\\2*;\QjX\\۱wr(כJ\h\\VJ_F1S=ey<\4ۨ\k권-_\\辙m-Y\]өIlk\\\\AOa\t⚫\"?z\\\\U\\\0Gw\4\iڬzzpke\+\\.署*\r~=Yko>Voݜ\/%\4jt\uy72M\*\|*nJ&\\8Nt\WuRp#*\qn2\)\qi$\Ml\\V\R\<WZ\aV\:O\]{\0h\\0\0\0\0\0\0\0\0\0\0\0\0\0\0\0\0\0\0\0\0\0\0\0\0\0\0\0\0\0\0\0\0L__h+/mݦfdb\y&\Z\\iz*UG\\ȇC5<){W\\j\16\+\m1Kg\\U\;uܿBiWg\\\$}MZ=T*s\"\\0\0e\Y\5M\"	;\ĳ\\<\dV\\Z[{̄yz\tkE\QR^\'͕\Z\Y\ze.\\'&RP\fDd\\[\\Rl攽ٹ\۠m\'Bn\f~VMu\͑\ZB\\EN91\dU\\K\Y\0\[^H\\&NM\\\W+2-\nkJn\[\j1[\M;\r쮝I\*jQ\ǅr[y\\־9M{빅\Z=\\\q\\V^U\\\ƪȾ|\bU[\\\\\\\H\\V|a\,a\\\`q֖o\T~\\n^ce=G\"\|9mIqql\\ V9A\E	6\\2е9RA\A?U\Z\-+\}wv-xA\\'u\)\i\W\\'\[\\"\)$4=Tl\riA&\\Hսm\0fӖxT\\K\)l\{רֺ&M5]Q\q\>\Z5P\'*rŮ\P4yj1䕵\T\\}woÝ\r\ͤ\\\˫\"8ɥ\\0G\0\0\2\\[۟pd\\t\R\'8\3\ऌ#ύ\\5\+:~Y΋\"U\2m|nr*r%KT\De\.y\ӌn\0\0F\0}|u\r/P\\\TVE\n-nQ\⹚=aC\d\\[1>5y>\2ſe.?y>\:֚PQɕj+e\Zr%\T\/%W\:{\b\Sɤ\CWV:q\\=d\:\(e\\[Y5Ko3覜%\t\d\@e$\%zx5c\'z\z\M\=6_\n[s{\91Iُn\u\\{%dfI0\\\3x[RZ1\W(Ub)m\tE\\Po\Ys\T\]4\\UQ\KSº7\d\i^^^\2M=9\\\R\	s^\\|V\\[Z<Vh\)\0\0,hN2q\\\g%(\2[J2\\\iѢ{A\,\H\ù\\vOi`\\~\JVc\u\*N\\y\;հr4\\YU\\Nӄ\X\&	]nqxIp޸k&j\(*\\y\f@}\{\3\I\~mN>nZ}U;\B\=mjRP]ZKXtu#R*pw~\ȧ\VY\02\0\0\0\0\0\0\0\0\0\0%$z@))}\\\\\0q#S\\\N,L\\SE8윙ws\\+1}\\V\\ʮ1\Ǘ\y\;>\]c\\E>UlҔ,צ\_[\u\,U*\\su\7\FMKJ\\d\'\Z\[bҹl\[5ӮK%\$wqn\\\\\.mC.1\KvX\*\;Q4\q\y\\\\JEKV\c\K\.,\{\0\\0\0\0\0\0\0\0\0\0\0\0\0\0\0\0\0\0\0\0\0\0\0\0\0\0\0\0\0\0\0\0\0\0\0\0\0\0\0\0\0\0\0\0\0\0\0\0\0\0\0\0\0\0\0\0\0\0\0\0\0\0\0\0\0\0\0\0\0\0\0\0\0\0\0\0\0\0\0\0\0\0\0\0\0\0\0\0\0\0\0\0\0\0\0\0\0\0\0\0\0\0\0\0\0\0\0\0\0\0\0\0\0\0\0\0\0\0\0\0\n.\|7\U\xP\.5\\\7\\dCi\c\K\r-Zm;P\N\J\rk\IxXqϓ[c	sIS\mJnc\\\d\E\\\r\mUL-\¶\'uvSTm\JX8I|͓Km\wn׫L\Zr$Po/*5dC\?\\\\\MO\>-ur}kzȊ\:\+ݰ\\\_ϑ\\Qu&Z6tRюD6\ȓi\XI\'\\\qo\nf\dK;\Z<\}*2k6\\\\RK̭[krioIu-{]B޲k;u\H:j˯a\\0\r\X\0\0\0\0\0\0\0\0\0\0\0\0\0\0\0\0\0\0\0\0\0\0\0\0\0\0\0IկǺ{YxבjIoqiY\f{l\]\;\\\'mCbkTl\徤x0o]^\\mb\D%\Y\0F9Q6I\^cm\\\r\9TR\\'*9m\\\1Z$((\-nM5\5ѣ\+Uis^1|7t.{K\\>$\+M4\i}SO\5L\\00\0?nե<?3Fϟ4\	a\9u\\n{Aݿ\"x9[c^\ﭩ5F\_\V\\Q7\^\%L/GKZ-X\\F]\7\q;-)\U\Ui\Wkz}u4\ɾi}Pſ\I\\\49כ>WFda\Z(]e\\\J\_lzf\c,A򶕵V\\UYiAޢ)Ph\0\0(b\o\\x~\Z\\\,X\[Yy	uhi7\eE\\#\'=Jkg\Z\\&\a\\ )7\(\d\!>\'\m\a\2m:nwI4lɟ\^\0\\\"\\\\x\];[ςf%O>1K]Ծ@:YP\0\0\0\03(x\\\7vt7om\ev\)|[RI\nk\>\q&=+Ա\\\5e\\\6Uב)|t\u\"9k\~T{\\j=jWnmzJ\n(\n2U7ٸ9i%>vKm\D\Mo\\\\epIo7F&#/ŷY{UU\\\\W-{\\\'Q\55\\\\d$Tլ\\0#}û\Y\Ys$\Ù/?v\ܻ\ER\\]#Z\8\j\\j\TzN?d\U))D\7.l:\8N-J3qdN2M4\F ei\x9ׇO:vQq7U\QUV\\*/\Q|u\\0\|\?X\rkyeTgV4\T\uQ$<ն\GI=U\\8߃Ż݂\\T\6\\}\\Zr,^^Wd\	E}pr\\ω\a*\-\C\Zv\To\\\\m؅ \?O$x=F<J]G\>j\JK\Ē.2񎱹GN\W\'\۟&;\\SbI}YO\\6;㬾hӑ\\\\WV^nDO\uz?S+OE\i\M>\]Ɣ\ե\\j:Ϋdo\򳭇7mSWJS\:\\6o0\',øҔ\\0\\0\0\0\0\0\\\_[\9\/FKv\\\\\\^$\\a:\b{\Ț\\V*c%(\2m\\0\\\\\"\_S\\f\&InT\}\\wYi\4\ֽ-gޯ֗\y.8޷Tl*bU\\F?`}͸m\\ti\k\Ri\>fOM\\\k̋\?\\\+LC\\ԔkPǒ|\\\\;\/\|-I\8A$[%\%\%*Szf{\\>g\r{\6:t)1JJ1J1I(\%I.%\%\eAo\0\0\0\0\0\0\0\0\0\0\0\0\0\0\0\0\0\0\0\0\0\0\0\0\0\0\0\0\0\0\0\0\0\0\0\0\0\0\0\0\0\0\0\0\0\0\0\0\0\0\0\0\0\0\0\0\0\0\0\0\0\0\0\0\0\0\0\0\0\0\0\0\0\0\0\0\0\0\0\0\0\0\0\0\0\0\0\0\0\0\0\0\0\0\0\0\0\0\0\0\0\0\0\0\0\0\0\0\0\0\0\0\0\0\0\0\0\0\0\0\0\0\0\0\0\0\0\03\iZQ\\\\{F\\\o\uOT]\\Zڼ\",r\\3\ѿa\SʢOe-M_W\]ܖҭG\Wl\x@.n=.\\ʊn}vQɆ{=ocE8YWdc:\e	\J\Ԣ\M?iX\r,*~Qq\VN+\\kbRh;n\\YN\j\˚JL-\a\\6\'\'\\'&ǲJȣ;b\\\r1J\HU\\w͆YI-\\ٶ%ҫ\F[n\vm/f\,;\!\*\,WQ@\\\UǶ\"\e6\T\Tl\ \\QLDsM`\0\0\0\0\0\0\0\0\0\0\0\0\0\0\0\0\0\0\0\0\0\0\0\0\\\4\\Zݪ:DR}eu鍒\Of꼻w^Nܲ\RR\ei\\Xl{S޽X3byQz\do	%(\-8\-nkMuMth\kι\j3\-\rlywa\~\{#\R\R\S\w\Cd#\r\q6\0\)>}kY	lړ]NsmѕKҳ]xnlPB㸼\\"\r\0\0\0\0\0\0\%\G\\r+HƖ~N&,w;mqVM!&DQ\\cvF\\r\n\\\\l.n[\\\]~ȵ\*\;k\WGlK\.&{D(\\DNS\}\-&\rG.n#%-3]-m7l2N0\F+0,bE\ENeB\MSK7+Hׯ*\\}Kp\0f\0\0\0\0\o	\\-ݺif|W\;QV&=\\\2\㴛FFyv\}^i\\"\.\\­\\Ux\^K\Y7NjU(:+J\\\IiKL!\+\[\k<Z_v\Z>i\)\"<Yv\\2|z\T_5\rX.6\qƚLsP\ݿ/\aoa%8E%?WԀ-\Ǯ݇S\4읾&\7	se\\b\\\\N|\E\a>\\rV\u_*(G4_cE\\IJm9\ޜ\\R}[ovϩ-O\K9K(\)iGc\g/|\+4\Xz^]q\\3,Q,{cb\y\6*UkpR\\\,Vk5;49:j\}zW.&yVz\\0h\0\0\0\0\0\0\0\0\0\0\0\0\0\0l%i/{/\˽\\t\+\Z%Y;\`\\\#\<.I\\\T8\M\\nr*џ@в\%ee\\c\U<\V\uFS\.M(D9\\%~O;\\n3\ǋ܏2Yz\o+\y\\^b\9{=\H\i]7\nq\|n\ݷ\\̮Zt\ZxRNo5w\b[-KF\\7wȴ\k/\r)\1ۋt\+7>Q\ޏ,l=\l\E\>I\\\\\<)\\6aaF\إv^\9koyY(ջJ\\B\'ю\Nդ\%+\^\\\3J\N5um\0\0\0\0\0\0\0\0\0\0\0\0\0\0\0\0\0\0\0\0\0\0\0\0\0\0\0\0\0\0\0\0\0\0\0\0\0\0\0\0\0\0\0\0\0\0\0\0\0\0\0\0\0\0\0\0\0\0\0\0\0\0\0\0\0\0\0\0\0\0\0\0\0\0\0\0\0\0\0\0\0\0\0\0\0\0\0\0\0\0\0\0\0\0\0\0\0\0\0\0\0\0\0\0\0\0\0\0\0\0\0\0\0\0\0\0\0\0\0\0\0\0\0\0\0\0\0\0\0\0\0\0\0\0\0\0\0\0P\{K\WB\+u<l\mwUY_ܖm\\r\r\lI\\&whz[\:\\\\\UdFu\T\o\\'%[9\^\\rin\v;\]טjQL$ o\\c)Y\v$wo+K;)\'&\U\ΩE-\;)k\ocj2\\\eb\\O5ޡc[s\Eq|\\m_O%\vYl\SFE\$J{N{\\ҷF\\m\ԩVCE+1\Mݏ].\=y\iWۏ\\O>ݹy1W\_\,t4s_}\^ETՆj\Ƀ\VL%d\\\FWf\0\0\0\0\0\0\0\0\0\0\0\0\0\0\0\0\0\0\0\0F]$_ZL\\0N\]ߛ\Z\,\ǏHѨoV\0eYoD+h\\\'\C9-ҕӢj?*nǶ2Ǘέ}h\0GU\\j\W\W\\Yehe.\Iy\E\Z_qaE\]|~\\#}޷Zj\#\0惘\0r=fy9.w|[\6\\,\}\\\\Co\0_\\0M:\0U\'\ٷ2鿲5\RbDz/\\'%+\\,B\rKPߥ81\,\\~ꜿ\\\Gd\U\v.\[u\/K\\\\U	m\ğ\K\AKCY)o\\WG\Z\5e\\\=S!\\Yw\\5>w\02-_L!{n\:	U\\\K\":Rrwx\0O \0\0\0\0\0\0\0\0\0\0\0\0\0\0\0\0\0\0\0\0\0\0\0\0\0RRK\oG\粭gXӥ`eg\5K*jmn\ǩy\2N\oۑ\08{8\l5\=.g\OR\I\6cU\'ѯ:K\ٙxkV\e\\2\\\fixFhr\S\ոJf\K)k\\\A#OGU;\!~˵b׏`\\\*\\\ξN4S\\ml}\\\;]\\V\1ꛋռ\Gq%*hMnoQ\̕m7KFk`uB5\\"RJ\O֞Ͻ]=d-N<\\\\pn\:0#\\\3!r\\\q\Ud\nEA\\Zu^I9=\I\**\\0\\0\0\0\0\0\0\0\0\0\0\0\0\0\0\0\0\0\0\0\0\0\0\0\0\0\0\0\0\0\0\0\0\0\0\0\0\0\0\0\0\0\0\0\0\0\0\0\0\0\0\0\0\0\0\0\0\0\0\0\0\0\0\0\0\0\0\0\0\0\0\0\0\0\0\0\0\0\0\0\0\0\0\0\0\0\0\0\0\0\0\0\0\0\0\0\0\0\0\0\0\0\0\0\0\0\0\0\0\0\0\0\0\0\0\0\0\0\0\0\0\0\0\0\0\0\0\0\0\0\0\0\0\0\0\0\0\0\0\0\0\0\0\0\0\0\0\0\0\0\0\v\ǆu\\x6=*-\QKoIsnڇsv\N&\2Z.\t&\&{dt\(.H7[\f\\:0\I\Gg`sJz5JVK\n\\֒\\ё\4VѲro\\b\~\ٳ06\(ݟ\(_I\\I\:΃NE5_S\뺸[[f\\'xCR8U\\]\4m9s[]\{o;D\\MG_sV\K\}Ò\n~MOj]zu{\\'x9إ)\z\\\0GJqeq\0/d\\d\9e9>)\\q=Qsn}\o%ß0wӡRR|\\%sWog4U\Z\cǎ&\\\+<\l+\Uv%|\/rk\I4ӫ\rR\if\	ЩtYHM>\k*g0\0\0\0\0\0\0\0\0\0\0\0\0\0\0\0\0\0\0\0\0\0\0\0\0\0\0\0\0\0\0\0\0\0\0\0\0\0\0\0\0\0\0\0\0>Rˆ˛ӕ=\\([\M\}Aw\Zj{<]9V\W_R$SvCnT\g\}\~#)g\xwi\F\k\ă\\\\\n=.}H\#{\6\d<ہG\̨\'O\\/VL/g^<l\\nJ;E\Izы\Z0\\\7\\'mK\᥾Όz\__}G\\\CVp?\]أ~绺1!/N\\kr\Hɪ5#:/O&R\%]3\e/g~y\pV\*\|wuϣ\\ȜkOo{\nR[FJDm=i2\.\n\+$)\Q\_\cer\\r:91\~ѨI\\\\ϼ\忼}=ވ\l,\Z\j-EB_(\)$Z\*\I\mb\0\'\0\0\0\0\0\0\0\0\0\0\0\0\0\0\0\0\0\0\0\0\0\0\0\0\0\0\0\0\0\0\0\0\0\0\0\0\0\0\0\0\0\0\0\0\0\0\0\0\0\0\0\0\0\0\0\0\0\0\0\0\0\0\0\0\0\0\0\0\0\0\0\0\0\0\0\0\0\0\0\0\0\0\0\0\0\0\0\0\0\0\0\0\0\0\0\0\0\0\0\0\0\0\0\0\0\0\0\0\0\0\0\0\0\0\0\0\0\0\0\0\0\0\0\0\0\0\0\0\0\0\0\0\0\0\0\0\0\0\0\0\0\0\0\0\0\0\0\0\0\0\0\0\0\0\0\0\0\0\0\0\0\0\0\0-.꺺\_JB6B_ld_\G\\03;p>\,6\\+q\e\/\я|w\\\sKN\\0U\VJTdK\\	\nZB\KQ_z\w\\S:)/žKJ-;7+r_6\Ʉ~\)}\>\\\{\\ݑ\\:0.2qr&\\\==i;V]*\\\5\'\\%q\\n\9ع8V\nv䗫Q\v7GWVDe\$ƞߩ)\Ddd\\2I\K\\\\\[+\\¹\,M\'\ĥu\E\p?\RO\y\Ihe\k\	\o\\0\r\\ŜGDaƥc\\A\4\Z\q\<qs_W%p\\B\7(\\5ej,}\YA5Mb/>l~w`ߍ\'!߅g\\\-7\"\\2u\d\'GO\#v:R\,.ם#\_\u~\=S;}\S~WF\\e\;\7V\Z\9}d\\Am\\S*\\&r6S\\/Q~fk=E_a\\N:\z\\J\퍊2_>\Gf\\-In}\\:\i?\>\\W\0\0\0\0\0\0\0\0\0\0\0\0rG\\\|?\_\G\\z_Ϗ\\0q\t\5\\zLU,};2Jd>6\jI3\\0s^:ʏ5:\\0Xoܫi1E\\|38\1\\̈́fE0?Lԝ9\\"z>k\3F\VYE\\<!ĥ~c22Z\$OÞ\r\))fq\rWZ4\\\mYIJ4\\\0\S~h\\qX+=\hrD\pПK9Fl\1#\Yw_W\J̇Ѳ\U\\\f\۹S\<yR\Iw\ɼ\]\\nӓ59\\\ߜQwo\\\\\e\0\:\]k~3\x\/\D\1q\ǋTU])\34*xG/M.\rQQѐ\\\\<!\Uƹ\"Z~\rr[\mȲ\*m\\ZK\5jZ\XPǒVFM;٢\&]M7kRQ\Q\y\rLZ\o\rN\唰\'b[9\\fJN㎥¨\\\\I\⡃Ǖ{=T~NP_kgM[MZ7.ٹ\ZqI\"b\=\0\0\0\0\0\0\0\0\0\0\0\0\0\0\0\0\0\0\0\0\0\0\0\0\0\0\0\0\0\0\0\0\0\0\0\0\0\0\0\0\0\0\0\0\0\0\0\0\0\0\0\0\0\0\0\0\0\0\0\0\0\0\0\0\0\0\0\0\0\0\0\0\0\0\0\0\0\0\0\0\0\0\0\0\0\0\0\0\0\0\0\0\0\0\0\0\0\0\0\0\0\0\0\0\0\0\0\0\0\0\0\0\0\0\0\0\0\0\0\0\0\0\0\0\0\0\0\0\0\0\0\0\0\0\0\0\0\0\0\0\0\0\0\0\0\0\0\0\0\0\0\0\0\0\0\0\0\0\0\0\0\0\0\0\0\0\0\0\0\0\0\0\0\0\0\0\0\0\0\0\0\0\0\0\0\0\0\0e\\nG\\\J[lvb\7\z }M\Z\\¹km6k\\_\<Žȸ	1\ؽ\\EX\%\g\U\=C\׀,\0\j!\0\0q:|1;<oׯQ\\"R\\unG*_/Y\҃w\bt/;>jY\0񽟖\.~٫\\r\0\c2\Z6:^\#%v#g\0\\0O\0\r\\\0\9_𙗠}|ltc\\\\z\\\\Գ\r>\~Ku-C(\\>Z6:^\\\]\\\\r\ϫҔrr_ˤzLN\\\4\N7\\}\+\:\8\$R-\\|\\:d%X\,hPۓL\㷦\x\o\\\z\`i\IߤM\]p?(B0_)#b=\0\0\0\0\0\0\0\0\0\0\0\0\0\0\0\0\0\0\0\0\0\0\0\0\0\0\0\0\0\0\0\0\0\0\0\0\0\0\0\0\0\0\0\0\0\0\0\0\0\0\0\0\0\0\0\0\0\0\0\0\0\0\0\0\0\0\0\0\0\0\0\0\0\0\0\0\0\0\0\0\0\0\0\0\0\0\0\0\0\0\0\0\0\0\0\0\0\0\0\0\0\0\0\0\0\0\0\0\0\0\0\0\0\0\0\0\0\0\0\0\0\0\0\0\0\0\0\0\0\0\0\0\0\0\0\0\0\0\0\0\0\0\0\0\0\0\0\0\0\0\0\0\0\0\0\0\0\0\0\0\0\0\0\0\0\0\0\0\0\0\0\0\0\0\0\0\0\0\0\0\0\0\0\0\0\0\0\0\0\0\0\0\0\0\0\0\0\0\0\0\0\0\0\0\0\0\0\0\0\0\0\0\0\0\0\0\0\0\0\0\0\0\0\0\0\0\0\0\0\0\0\0\0\0\0\0\0\0\0\0\0\0\0\0\0\0\0\0\0\0\0\0\0\0\0\0\0\0\0\0\0\0\0\0\0\0\0\0\0\0\0\0\0\0\0\0\0\0\0\0\0\0\0\0\0\0\0\0\0\0\0\0\0\0\0\0\0\0\0\0\0\0\0\0\0\0\0\0\0\0\0\0\0\0\0\0\0\0\0\0\0\0\0\0\0\0\',1,'2019-11-07 20:38:27',NULL,'2019-12-05 22:09:49',NULL);
/*!40000 ALTER TABLE `plant` ENABLE KEYS */;
UNLOCK TABLES;

--
-- Dumping data for table `product`
--

LOCK TABLES `product` WRITE;
/*!40000 ALTER TABLE `product` DISABLE KEYS */;
INSERT INTO `product` VALUES ('00000','หมูซีก',1,1,4,60.00,150.00,78.00,'W','Q',60,100.00,1,'2019-06-22 14:52:35','system','2019-12-06 10:53:03','system'),('00001','หมูซีกรวมหัวและเครื่องใน',2,2,4,0.00,0.00,0.00,'W','W',10,1.00,1,'2019-11-26 19:28:59','system',NULL,NULL),('00002','หมูซีกไม่รวมหัวและเครื่องใน',2,2,4,0.00,0.00,0.00,'W','W',10,1.00,1,'2019-11-26 19:28:59','system',NULL,NULL),('00003','หมูซีกรวมหัวและเครื่องใน ขึ้นกระดูก',2,2,4,0.00,0.00,0.00,'W','W',10,1.00,1,'2019-11-26 19:28:59','system',NULL,NULL),('00004','หมูซีกไม่รวมหัวและเครื่องใน ขึ้นกระดูก',2,2,4,0.00,0.00,0.00,'W','W',10,1.00,1,'2019-11-26 19:28:59','system',NULL,NULL),('00101','เครื่องในแดง',2,7,4,0.50,9.00,0.00,'W','W',10,1.00,1,'2019-11-26 19:28:59','system','2019-11-28 20:18:42','system'),('00201','เครื่องในขาว',2,7,4,0.50,9.00,0.00,'W','W',10,1.00,1,'2019-11-26 19:28:59','system','2019-11-28 20:18:52','system'),('01001','สามชั้นแผ่น (สด)',4,11,4,0.00,0.00,0.00,'W','W',10,1.00,1,'2019-11-26 19:28:59','system',NULL,NULL),('01011','สามชั้นแผ่นตัดเส้น (สด) หน้ากว้าง 1 นิ้ว',4,14,4,0.00,0.00,0.00,'W','W',10,1.00,1,'2019-11-26 19:28:59','system',NULL,NULL),('01012','สามชั้นแผ่นตัดเส้น (สด) หน้ากว้าง 2 นิ้ว',4,14,4,0.00,0.00,0.00,'W','W',10,1.00,1,'2019-11-26 19:28:59','system',NULL,NULL),('01013','สามชั้นแผ่นตัดเส้น (สด) หน้ากว้าง 3 นิ้ว',4,14,4,0.00,0.00,0.00,'W','W',10,1.00,1,'2019-11-26 19:28:59','system',NULL,NULL),('01021','สามชั้นบด 3 มม',4,9,4,0.00,0.00,0.00,'W','W',10,1.00,1,'2019-11-26 19:28:59','system',NULL,NULL),('01022','สามชั้นบด 5 มม',4,9,4,0.00,0.00,0.00,'W','W',10,1.00,1,'2019-11-26 19:28:59','system',NULL,NULL),('01023','สามชั้นบด 8 มม',4,9,4,0.00,0.00,0.00,'W','W',10,1.00,1,'2019-11-26 19:28:59','system',NULL,NULL),('01031','สามชั้นสไลด์ หน้ากว้าง 2 นิ้ว หนา 3 มม',4,9,4,0.00,0.00,0.00,'W','W',10,1.00,1,'2019-11-26 19:28:59','system',NULL,NULL),('01032','สามชั้นสไลด์ หน้ากว้าง 2 นิ้ว หนา 5 มม',4,9,4,0.00,0.00,0.00,'W','W',10,1.00,1,'2019-11-26 19:28:59','system',NULL,NULL),('01033','สามชั้นสไลด์ หน้ากว้าง 3 นิ้ว หนา 3 มม',4,9,4,0.00,0.00,0.00,'W','W',10,1.00,1,'2019-11-26 19:28:59','system',NULL,NULL),('01034','สามชั้นสไลด์ หน้ากว้าง 5 นิ้ว หนา 5 มม',4,9,4,0.00,0.00,0.00,'W','W',10,1.00,1,'2019-11-26 19:28:59','system',NULL,NULL),('01041','สามชั้นสเต็ก หน้ากว้าง 3.5 นิ้ว หนา 8 มม',4,9,4,0.00,0.00,0.00,'W','W',10,1.00,1,'2019-11-26 19:28:59','system',NULL,NULL),('01042','สามชั้นสเต็ก หน้ากว้าง 4.0 นิ้ว หนา 8 มม',4,9,4,0.00,0.00,0.00,'W','W',10,1.00,1,'2019-11-26 19:28:59','system',NULL,NULL),('01043','สามชั้นสเต็ก หน้ากว้าง 5.0 นิ้ว หนา 8 มม',4,9,4,0.00,0.00,0.00,'W','W',10,1.00,1,'2019-11-26 19:28:59','system',NULL,NULL),('01044','สามชั้นสเต็ก หน้ากว้าง 3.5 นิ้ว หนา 15 มม',4,9,4,0.00,0.00,0.00,'W','W',10,1.00,1,'2019-11-26 19:29:00','system',NULL,NULL),('01045','สามชั้นสเต็ก หน้ากว้าง 4.0 นิ้ว หนา 15 มม',4,9,4,0.00,0.00,0.00,'W','W',10,1.00,1,'2019-11-26 19:29:00','system',NULL,NULL),('01046','สามชั้นสเต็ก หน้ากว้าง 5.0 นิ้ว หนา 15 มม',4,9,4,0.00,0.00,0.00,'W','W',10,1.00,1,'2019-11-26 19:29:00','system',NULL,NULL),('01051','สามชั้นชาบู หน้ากว้าง 3.5 นิ้ว หนา 2 มม',4,9,4,0.00,0.00,0.00,'W','W',10,1.00,1,'2019-11-26 19:29:00','system',NULL,NULL),('01052','สามชั้นชาบู หน้ากว้าง 4.0 นิ้ว หนา 2 มม',4,9,4,0.00,0.00,0.00,'W','W',10,1.00,1,'2019-11-26 19:29:00','system',NULL,NULL),('01053','สามชั้นชาบู หน้ากว้าง 5.0 นิ้ว หนา 2 มม',4,9,4,0.00,0.00,0.00,'W','W',10,1.00,1,'2019-11-26 19:29:00','system',NULL,NULL),('01054','สามชั้นชาบู หน้ากว้าง 3.5 นิ้ว หนา 1.5 มม',4,9,4,0.00,0.00,0.00,'W','W',10,1.00,1,'2019-11-26 19:29:00','system',NULL,NULL),('01055','สามชั้นชาบู หน้ากว้าง 4.0 นิ้ว หนา 1.5 มม',4,9,4,0.00,0.00,0.00,'W','W',10,1.00,1,'2019-11-26 19:29:00','system',NULL,NULL),('01056','สามชั้นชาบู หน้ากว้าง 5.0 นิ้ว หนา 1.5 มม',4,9,4,0.00,0.00,0.00,'W','W',10,1.00,1,'2019-11-26 19:29:00','system',NULL,NULL),('01061','สามชั้นลอกหนังชาบู หน้ากว้าง 3.5 นิ้ว หนา 2 มม',4,9,4,0.00,0.00,0.00,'W','W',10,1.00,1,'2019-11-26 19:29:00','system',NULL,NULL),('01062','สามชั้นลอกหนังชาบู หน้ากว้าง 4.0 นิ้ว หนา 2 มม',4,9,4,0.00,0.00,0.00,'W','W',10,1.00,1,'2019-11-26 19:29:00','system',NULL,NULL),('01063','สามชั้นลอกหนังชาบู หน้ากว้าง 5.0 นิ้ว หนา 2 มม',4,9,4,0.00,0.00,0.00,'W','W',10,1.00,1,'2019-11-26 19:29:00','system',NULL,NULL),('01064','สามชั้นลอกหนังชาบู หน้ากว้าง 3.5 นิ้ว หนา 1.5 มม',4,9,4,0.00,0.00,0.00,'W','W',10,1.00,1,'2019-11-26 19:29:00','system',NULL,NULL),('01065','สามชั้นลอกหนังชาบู หน้ากว้าง 4.0 นิ้ว หนา 1.5 มม',4,9,4,0.00,0.00,0.00,'W','W',10,1.00,1,'2019-11-26 19:29:00','system',NULL,NULL),('01066','สามชั้นลอกหนังชาบู หน้ากว้าง 5.0 นิ้ว หนา 1.5 มม',4,9,4,0.00,0.00,0.00,'W','W',10,1.00,1,'2019-11-26 19:29:00','system',NULL,NULL),('01101','ไหล่ปั้น',4,15,4,0.00,0.00,0.00,'W','W',10,1.00,1,'2019-11-26 19:29:00','system',NULL,NULL),('01111','ไหล่หน้า 1 นิ้ว',4,5,4,0.00,0.00,0.00,'W','W',10,1.00,1,'2019-11-26 19:29:00','system',NULL,NULL),('01112','ไหล่หน้า 2 นิ้ว',4,5,4,0.00,0.00,0.00,'W','W',10,1.00,1,'2019-11-26 19:29:00','system',NULL,NULL),('01113','ไหล่หน้า 3 นิ้ว',4,5,4,0.00,0.00,0.00,'W','W',10,1.00,1,'2019-11-26 19:29:00','system',NULL,NULL),('01121','ไหล่บด 3 มม',4,9,4,0.00,0.00,0.00,'W','W',10,1.00,1,'2019-11-26 19:29:00','system',NULL,NULL),('01122','ไหล่บด 5 มม',4,9,4,0.00,0.00,0.00,'W','W',10,1.00,1,'2019-11-26 19:29:00','system',NULL,NULL),('01123','ไหล่บด 8 มม',4,9,4,0.00,0.00,0.00,'W','W',10,1.00,1,'2019-11-26 19:29:00','system',NULL,NULL),('01131','ไหล่สไลด์ กว้าง 1 นิ้ว ยาว 1 นิ้ว หนา 3 มม',4,9,4,0.00,0.00,0.00,'W','W',10,1.00,1,'2019-11-26 19:29:00','system',NULL,NULL),('01132','ไหล่สไลด์ กว้าง 1 นิ้ว ยาว 1 นิ้ว หนา 4 มม',4,9,4,0.00,0.00,0.00,'W','W',10,1.00,1,'2019-11-26 19:29:00','system',NULL,NULL),('01133','ไหล่สไลด์ กว้าง 1 นิ้ว ยาว 1 นิ้ว หนา 5 มม',4,9,4,0.00,0.00,0.00,'W','W',10,1.00,1,'2019-11-26 19:29:00','system',NULL,NULL),('01134','ไหล่สไลด์ กว้าง 1 นิ้ว ยาว 2 นิ้ว หนา 3 มม',4,9,4,0.00,0.00,0.00,'W','W',10,1.00,1,'2019-11-26 19:29:00','system',NULL,NULL),('01135','ไหล่สไลด์ กว้าง 1 นิ้ว ยาว 2 นิ้ว หนา 4 มม',4,9,4,0.00,0.00,0.00,'W','W',10,1.00,1,'2019-11-26 19:29:00','system',NULL,NULL),('01136','ไหล่สไลด์ กว้าง 1 นิ้ว ยาว 2 นิ้ว หนา 5 มม',4,9,4,0.00,0.00,0.00,'W','W',10,1.00,1,'2019-11-26 19:29:00','system',NULL,NULL),('01201','สะโพกปั้น',4,15,4,0.00,0.00,0.00,'W','W',10,1.00,1,'2019-11-26 19:29:00','system',NULL,NULL),('01211','สะโพกหน้า 1 นิ้ว',4,5,4,0.00,0.00,0.00,'W','W',10,1.00,1,'2019-11-26 19:29:00','system',NULL,NULL),('01212','สะโพกหน้า 2 นิ้ว',4,5,4,0.00,0.00,0.00,'W','W',10,1.00,1,'2019-11-26 19:29:00','system',NULL,NULL),('01213','สะโพกหน้า 3 นิ้ว',4,5,4,0.00,0.00,0.00,'W','W',10,1.00,1,'2019-11-26 19:29:00','system',NULL,NULL),('01221','สะโพกบด 3 มม',4,9,4,0.00,0.00,0.00,'W','W',10,1.00,1,'2019-11-26 19:29:00','system',NULL,NULL),('01222','สะโพกบด 5 มม',4,9,4,0.00,0.00,0.00,'W','W',10,1.00,1,'2019-11-26 19:29:00','system',NULL,NULL),('01223','สะโพกบด 8 มม',4,9,4,0.00,0.00,0.00,'W','W',10,1.00,1,'2019-11-26 19:29:00','system',NULL,NULL),('01231','สะโพกสไลด์ กว้าง 1 นิ้ว ยาว 1 นิ้ว หนา 3 มม',4,9,4,0.00,0.00,0.00,'W','W',10,1.00,1,'2019-11-26 19:29:00','system',NULL,NULL),('01232','สะโพกสไลด์ กว้าง 1 นิ้ว ยาว 1 นิ้ว หนา 4 มม',4,9,4,0.00,0.00,0.00,'W','W',10,1.00,1,'2019-11-26 19:29:00','system',NULL,NULL),('01233','สะโพกสไลด์ กว้าง 1 นิ้ว ยาว 1 นิ้ว หนา 5 มม',4,9,4,0.00,0.00,0.00,'W','W',10,1.00,1,'2019-11-26 19:29:00','system',NULL,NULL),('01234','สะโพกสไลด์ กว้าง 1 นิ้ว ยาว 2 นิ้ว หนา 3 มม',4,9,4,0.00,0.00,0.00,'W','W',10,1.00,1,'2019-11-26 19:29:00','system',NULL,NULL),('01235','สะโพกสไลด์ กว้าง 1 นิ้ว ยาว 2 นิ้ว หนา 4 มม',4,9,4,0.00,0.00,0.00,'W','W',10,1.00,1,'2019-11-26 19:29:00','system',NULL,NULL),('01236','สะโพกสไลด์ กว้าง 1 นิ้ว ยาว 2 นิ้ว หนา 5 มม',4,9,4,0.00,0.00,0.00,'W','W',10,1.00,1,'2019-11-26 19:29:00','system',NULL,NULL),('01301','สันคอปั้น',4,5,4,0.00,0.00,0.00,'W','W',10,1.00,1,'2019-11-26 19:29:00','system',NULL,NULL),('01311','สันคอก้อนหนา 2 นิ้ว',4,5,4,0.00,0.00,0.00,'W','W',10,1.00,1,'2019-11-26 19:29:00','system',NULL,NULL),('01312','สันคอก้อนหนา 3 นิ้ว',4,5,4,0.00,0.00,0.00,'W','W',10,1.00,1,'2019-11-26 19:29:00','system',NULL,NULL),('01313','สันคอก้อนหนา 4 นิ้ว',4,5,4,0.00,0.00,0.00,'W','W',10,1.00,1,'2019-11-26 19:29:00','system',NULL,NULL),('01321','สันคอบด 3 มม',4,9,4,0.00,0.00,0.00,'W','W',10,1.00,1,'2019-11-26 19:29:00','system',NULL,NULL),('01322','สันคอบด 5 มม',4,9,4,0.00,0.00,0.00,'W','W',10,1.00,1,'2019-11-26 19:29:00','system',NULL,NULL),('01323','สันคอบด 8 มม',4,9,4,0.00,0.00,0.00,'W','W',10,1.00,1,'2019-11-26 19:29:00','system',NULL,NULL),('01351','สันคอชาบู หนา 2 มม',4,9,4,0.00,0.00,0.00,'W','W',10,1.00,1,'2019-11-26 19:29:00','system',NULL,NULL),('01401','สันนอกเส้น',4,14,4,0.00,0.00,0.00,'W','W',10,1.00,1,'2019-11-26 19:29:00','system',NULL,NULL),('01411','สันนอกก้อนหนา 2 นิ้ว',4,5,4,0.00,0.00,0.00,'W','W',10,1.00,1,'2019-11-26 19:29:00','system',NULL,NULL),('01412','สันนอกก้อนหนา 3 นิ้ว',4,5,4,0.00,0.00,0.00,'W','W',10,1.00,1,'2019-11-26 19:29:00','system',NULL,NULL),('01413','สันนอกก้อนหนา 4 นิ้ว',4,5,4,0.00,0.00,0.00,'W','W',10,1.00,1,'2019-11-26 19:29:00','system',NULL,NULL),('01421','สันนอกบด 3 มม',4,9,4,0.00,0.00,0.00,'W','W',10,1.00,1,'2019-11-26 19:29:00','system',NULL,NULL),('01422','สันนอกบด 5 มม',4,9,4,0.00,0.00,0.00,'W','W',10,1.00,1,'2019-11-26 19:29:00','system',NULL,NULL),('01423','สันนอกบด 8 มม',4,9,4,0.00,0.00,0.00,'W','W',10,1.00,1,'2019-11-26 19:29:00','system',NULL,NULL),('01451','สันนอกชาบู หนา 2 มม',4,9,4,0.00,0.00,0.00,'W','W',10,1.00,1,'2019-11-26 19:29:00','system',NULL,NULL),('01501','สันในเส้น',4,14,4,0.00,0.00,0.00,'W','W',10,1.00,1,'2019-11-26 19:29:00','system',NULL,NULL),('01521','สันในบด 3 มม',4,9,4,0.00,0.00,0.00,'W','W',10,1.00,1,'2019-11-26 19:29:00','system',NULL,NULL),('01522','สันในบด 5 มม',4,9,4,0.00,0.00,0.00,'W','W',10,1.00,1,'2019-11-26 19:29:00','system',NULL,NULL),('01523','สันในบด 8 มม',4,9,4,0.00,0.00,0.00,'W','W',10,1.00,1,'2019-11-26 19:29:00','system',NULL,NULL),('01601','คอหมูย่าง',4,9,4,0.00,0.00,0.00,'W','W',10,1.00,1,'2019-11-26 19:29:00','system',NULL,NULL),('01701','ขาหน้าเต็ม',4,10,4,0.00,0.00,0.00,'W','W',10,1.00,1,'2019-11-26 19:29:00','system',NULL,NULL),('01711','ขาหน้าตัด+คากิ',4,10,4,0.00,0.00,0.00,'W','W',10,1.00,1,'2019-11-26 19:29:00','system',NULL,NULL),('01712','ขาหน้าตัด ไม่รวมคากิ',4,10,4,0.00,0.00,0.00,'W','W',10,1.00,1,'2019-11-26 19:29:00','system',NULL,NULL),('01721','ขาหน้าเลาะ ',4,10,4,0.00,0.00,0.00,'W','W',10,1.00,1,'2019-11-26 19:29:00','system',NULL,NULL),('01722','ขาหน้าเลาะ + คากิ',4,10,4,0.00,0.00,0.00,'W','W',10,1.00,1,'2019-11-26 19:29:00','system',NULL,NULL),('01723','ขาหน้าเลาะ + คากิหั่นแว่น',4,10,4,0.00,0.00,0.00,'W','W',10,1.00,1,'2019-11-26 19:29:00','system',NULL,NULL),('01724','ขาหน้าเลาะ + คากิหั่นเต๋า',4,10,4,0.00,0.00,0.00,'W','W',10,1.00,1,'2019-11-26 19:29:00','system',NULL,NULL),('01731','ขาหน้าเลาะหั่นเต๋า',4,10,4,0.00,0.00,0.00,'W','W',10,1.00,1,'2019-11-26 19:29:00','system',NULL,NULL),('01732','ขาหน้าเลาะหั่นเต๋า + คากิ',4,10,4,0.00,0.00,0.00,'W','W',10,1.00,1,'2019-11-26 19:29:00','system',NULL,NULL),('01733','ขาหน้าเลาะหั่นเต๋า + คากิหั่นแว่น',4,10,4,0.00,0.00,0.00,'W','W',10,1.00,1,'2019-11-26 19:29:00','system',NULL,NULL),('01734','ขาหน้าเลาะหั่นเต๋า + คากิหั่นเต๋า',4,10,4,0.00,0.00,0.00,'W','W',10,1.00,1,'2019-11-26 19:29:00','system',NULL,NULL),('01801','ขาหลังเต็ม',4,10,4,0.00,0.00,0.00,'W','W',10,1.00,1,'2019-11-26 19:29:00','system',NULL,NULL),('01811','ขาหลังตัด+คากิ',4,10,4,0.00,0.00,0.00,'W','W',10,1.00,1,'2019-11-26 19:29:00','system',NULL,NULL),('01812','ขาหลังตัด ไม่รวมคากิ',4,10,4,0.00,0.00,0.00,'W','W',10,1.00,1,'2019-11-26 19:29:00','system',NULL,NULL),('01821','ขาหลังเลาะ',4,10,4,0.00,0.00,0.00,'W','W',10,1.00,1,'2019-11-26 19:29:01','system',NULL,NULL),('01822','ขาหลังเลาะ + คากิ',4,10,4,0.00,0.00,0.00,'W','W',10,1.00,1,'2019-11-26 19:29:01','system',NULL,NULL),('01823','ขาหลังเลาะ + คากิหั่นแว่น',4,10,4,0.00,0.00,0.00,'W','W',10,1.00,1,'2019-11-26 19:29:01','system',NULL,NULL),('01824','ขาหลังเลาะ + คากิหั่นเต๋า',4,10,4,0.00,0.00,0.00,'W','W',10,1.00,1,'2019-11-26 19:29:01','system',NULL,NULL),('01831','ขาหลังเลาะหั่นเต๋า',4,10,4,0.00,0.00,0.00,'W','W',10,1.00,1,'2019-11-26 19:29:01','system',NULL,NULL),('01832','ขาหลังเลาะหั่นเต๋า + คากิ',4,10,4,0.00,0.00,0.00,'W','W',10,1.00,1,'2019-11-26 19:29:01','system',NULL,NULL),('01833','ขาหลังเลาะหั่นเต๋า + คากิหั่นแว่น',4,10,4,0.00,0.00,0.00,'W','W',10,1.00,1,'2019-11-26 19:29:01','system',NULL,NULL),('01834','ขาหลังเลาะหั่นเต๋า + คากิหั่นเต๋า',4,10,4,0.00,0.00,0.00,'W','W',10,1.00,1,'2019-11-26 19:29:01','system',NULL,NULL),('02001','ซี่โครง',5,9,4,0.00,0.00,0.00,'W','W',10,1.00,1,'2019-11-26 19:29:01','system',NULL,NULL),('02011','ซี่โครงตัดเส้น',5,9,4,0.00,0.00,0.00,'W','W',10,1.00,1,'2019-11-26 19:29:01','system',NULL,NULL),('02021','ซี่โครงตัดชิ้น',5,9,4,0.00,0.00,0.00,'W','W',10,1.00,1,'2019-11-26 19:29:01','system',NULL,NULL),('02031','ซี่โครงบาร์บีคิว',5,9,4,0.00,0.00,0.00,'W','W',10,1.00,1,'2019-11-26 19:29:01','system',NULL,NULL),('02101','ซี่โครงอ่อน',5,14,4,0.00,0.00,0.00,'W','W',10,1.00,1,'2019-11-26 19:29:01','system',NULL,NULL),('02121','ซี่โครงอ่อนตัดชิ้น',5,14,4,0.00,0.00,0.00,'W','W',10,1.00,1,'2019-11-26 19:29:01','system',NULL,NULL),('02201','กระดูกอ่อน',5,9,4,0.00,0.00,0.00,'W','W',10,1.00,1,'2019-11-26 19:29:01','system',NULL,NULL),('02221','กระดูกอ่อนหั่นชิ้น',5,9,4,0.00,0.00,0.00,'W','W',10,1.00,1,'2019-11-26 19:29:01','system',NULL,NULL),('02301','กระดูกซุป',5,9,4,0.00,0.00,0.00,'W','W',10,1.00,1,'2019-11-26 19:29:01','system',NULL,NULL),('02401','หาง',5,9,4,0.00,0.00,0.00,'W','W',10,1.00,1,'2019-11-26 19:29:01','system',NULL,NULL),('02501','กระดูกข้อขา',5,9,4,0.00,0.00,0.00,'W','W',10,1.00,1,'2019-11-26 19:29:01','system',NULL,NULL),('02601','กระดูกใบพาย',5,9,4,0.00,0.00,0.00,'W','W',10,1.00,1,'2019-11-26 19:29:01','system',NULL,NULL),('03001','หนังแผ่น',6,9,4,0.00,0.00,0.00,'W','W',10,1.00,1,'2019-11-26 19:29:01','system',NULL,NULL),('03101','มันแคปไหล่',6,9,4,0.00,0.00,0.00,'W','W',10,1.00,1,'2019-11-26 19:29:01','system',NULL,NULL),('03111','มันแคปไหล่หั่น กว้าง 1 นิ้ว ยาว 1 นิ้ว',6,9,4,0.00,0.00,0.00,'W','W',10,1.00,1,'2019-11-26 19:29:01','system',NULL,NULL),('03201','มันแคปสะโพก',6,9,4,0.00,0.00,0.00,'W','W',10,1.00,1,'2019-11-26 19:29:01','system',NULL,NULL),('03211','มันแคปสะโพกหั่น กว้าง 1 นิ้ว ยาว 1 นิ้ว',6,9,4,0.00,0.00,0.00,'W','W',10,1.00,1,'2019-11-26 19:29:01','system',NULL,NULL),('03301','มันแคปสัน',6,9,4,0.00,0.00,0.00,'W','W',10,1.00,1,'2019-11-26 19:29:01','system',NULL,NULL),('03311','มันแคปสันหั่น กว้าง 1 นิ้ว ยาว 1 นิ้ว',6,9,4,0.00,0.00,0.00,'W','W',10,1.00,1,'2019-11-26 19:29:01','system',NULL,NULL),('03401','มันแคปคาง',6,9,4,0.00,0.00,0.00,'W','W',10,1.00,1,'2019-11-26 19:29:01','system',NULL,NULL),('03411','มันแคปคางหั่น กว้าง 1 นิ้ว ยาว 1 นิ้ว',6,9,4,0.00,0.00,0.00,'W','W',10,1.00,1,'2019-11-26 19:29:01','system',NULL,NULL),('03501','มันเปลว',6,9,4,0.00,0.00,0.00,'W','W',10,1.00,1,'2019-11-26 19:29:01','system',NULL,NULL),('03601','มันราวนม',6,9,4,0.00,0.00,0.00,'W','W',10,1.00,1,'2019-11-26 19:29:01','system',NULL,NULL),('04001','หัวหมู',7,13,4,0.50,5.00,0.00,'W','W',10,1.00,1,'2019-11-26 19:29:01','system','2019-11-28 20:19:06','system'),('04011','หน้ากากหมู',7,13,4,0.00,0.00,0.00,'W','W',10,1.00,1,'2019-11-26 19:29:01','system',NULL,NULL),('04101','หัวใจ',7,16,4,0.00,0.00,0.00,'W','W',10,1.00,1,'2019-11-26 19:29:01','system',NULL,NULL),('04201','ตับ',7,8,4,0.00,0.00,0.00,'W','W',10,1.00,1,'2019-11-26 19:29:01','system',NULL,NULL),('04301','ไต',7,12,4,0.00,0.00,0.00,'W','W',10,1.00,1,'2019-11-26 19:29:01','system',NULL,NULL),('04401','ปอด',7,8,4,0.00,0.00,0.00,'W','W',10,1.00,1,'2019-11-26 19:29:01','system',NULL,NULL),('04501','ลิ้น',7,5,4,0.00,0.00,0.00,'W','W',10,1.00,1,'2019-11-26 19:29:01','system',NULL,NULL),('05001','ม้าม',8,5,4,0.00,0.00,0.00,'W','W',10,1.00,1,'2019-11-26 19:29:01','system',NULL,NULL),('05101','กระเพาะ',8,12,4,0.00,0.00,0.00,'W','W',10,1.00,1,'2019-11-26 19:29:01','system',NULL,NULL),('05201','ไส้อ่อน',8,9,4,0.00,0.00,0.00,'W','W',10,1.00,1,'2019-11-26 19:29:01','system',NULL,NULL),('05301','ไส้ขม',8,9,4,0.00,0.00,0.00,'W','W',10,1.00,1,'2019-11-26 19:29:01','system',NULL,NULL),('05401','ไส้ใหญ่',8,9,4,0.00,0.00,0.00,'W','W',10,1.00,1,'2019-11-26 19:29:01','system',NULL,NULL),('05501','ไส้ตัน',8,9,4,0.00,0.00,0.00,'W','W',10,1.00,1,'2019-11-26 19:29:01','system',NULL,NULL),('NA','NA',1,1,1,0.00,0.00,0.00,'W','Q',0,1.00,0,'2019-08-11 12:24:32','system',NULL,NULL),('P001','หมูเป็น',1,1,4,60.00,150.00,100.00,'W','Q',60,100.00,0,'2019-06-22 14:52:35','system','2019-10-25 14:46:39','system');
/*!40000 ALTER TABLE `product` ENABLE KEYS */;
UNLOCK TABLES;

--
-- Dumping data for table `product_group`
--

LOCK TABLES `product_group` WRITE;
/*!40000 ALTER TABLE `product_group` DISABLE KEYS */;
INSERT INTO `product_group` VALUES (1,'Raw Product',1,'2019-06-22 14:48:42','system','2019-09-20 15:13:25','system'),(2,'หมูซีก',1,'2019-09-23 10:16:30','system','2019-10-24 23:54:38','system'),(3,'เครื่องในชุด',1,'2019-09-23 10:33:25','system','2019-10-24 23:54:02','system'),(4,'เนื้อหลัก',1,'2019-10-24 19:38:20','system','2019-10-24 23:53:08','system'),(5,'กระดูก',1,'2019-10-24 23:54:10','system',NULL,NULL),(6,'มันและหนัง',1,'2019-10-24 23:54:21','system',NULL,NULL),(7,'เครื่องในขาว',1,'2019-11-26 18:40:43','system',NULL,NULL),(8,'เครื่องในแดง',1,'2019-11-26 18:40:43','system',NULL,NULL);
/*!40000 ALTER TABLE `product_group` ENABLE KEYS */;
UNLOCK TABLES;

--
-- Dumping data for table `product_price`
--

LOCK TABLES `product_price` WRITE;
/*!40000 ALTER TABLE `product_price` DISABLE KEYS */;
/*!40000 ALTER TABLE `product_price` ENABLE KEYS */;
UNLOCK TABLES;

--
-- Dumping data for table `product_slip`
--

LOCK TABLES `product_slip` WRITE;
/*!40000 ALTER TABLE `product_slip` DISABLE KEYS */;
/*!40000 ALTER TABLE `product_slip` ENABLE KEYS */;
UNLOCK TABLES;
/*!50003 SET @saved_cs_client      = @@character_set_client */ ;
/*!50003 SET @saved_cs_results     = @@character_set_results */ ;
/*!50003 SET @saved_col_connection = @@collation_connection */ ;
/*!50003 SET character_set_client  = utf8mb4 */ ;
/*!50003 SET character_set_results = utf8mb4 */ ;
/*!50003 SET collation_connection  = utf8mb4_general_ci */ ;
/*!50003 SET @saved_sql_mode       = @@sql_mode */ ;
/*!50003 SET sql_mode              = 'ONLY_FULL_GROUP_BY,STRICT_TRANS_TABLES,NO_ZERO_IN_DATE,NO_ZERO_DATE,ERROR_FOR_DIVISION_BY_ZERO,NO_ENGINE_SUBSTITUTION' */ ;
DELIMITER ;;
/*!50003 CREATE*/ /*!50017 DEFINER=`root`@`%`*/ /*!50003 TRIGGER `product_slip_AFTER_INSERT` AFTER INSERT ON `product_slip` FOR EACH ROW BEGIN
	UPDATE document_generate  SET running= running+1,modified_at =NOW()
    WHERE document_type='PDS'; 
END */;;
DELIMITER ;
/*!50003 SET sql_mode              = @saved_sql_mode */ ;
/*!50003 SET character_set_client  = @saved_cs_client */ ;
/*!50003 SET character_set_results = @saved_cs_results */ ;
/*!50003 SET collation_connection  = @saved_col_connection */ ;

--
-- Dumping data for table `product_slip_item`
--

LOCK TABLES `product_slip_item` WRITE;
/*!40000 ALTER TABLE `product_slip_item` DISABLE KEYS */;
/*!40000 ALTER TABLE `product_slip_item` ENABLE KEYS */;
UNLOCK TABLES;

--
-- Dumping data for table `production_order`
--

LOCK TABLES `production_order` WRITE;
/*!40000 ALTER TABLE `production_order` DISABLE KEYS */;
/*!40000 ALTER TABLE `production_order` ENABLE KEYS */;
UNLOCK TABLES;
/*!50003 SET @saved_cs_client      = @@character_set_client */ ;
/*!50003 SET @saved_cs_results     = @@character_set_results */ ;
/*!50003 SET @saved_col_connection = @@collation_connection */ ;
/*!50003 SET character_set_client  = utf8mb4 */ ;
/*!50003 SET character_set_results = utf8mb4 */ ;
/*!50003 SET collation_connection  = utf8mb4_general_ci */ ;
/*!50003 SET @saved_sql_mode       = @@sql_mode */ ;
/*!50003 SET sql_mode              = 'NO_AUTO_VALUE_ON_ZERO' */ ;
DELIMITER ;;
/*!50003 CREATE*/ /*!50017 DEFINER=`root`@`%`*/ /*!50003 TRIGGER `after_production_order_created` AFTER INSERT ON `production_order` FOR EACH ROW BEGIN
 UPDATE document_generate  SET running= running+1,modified_at =NOW()
    WHERE document_type='PO';
 

END */;;
DELIMITER ;
/*!50003 SET sql_mode              = @saved_sql_mode */ ;
/*!50003 SET character_set_client  = @saved_cs_client */ ;
/*!50003 SET character_set_results = @saved_cs_results */ ;
/*!50003 SET collation_connection  = @saved_col_connection */ ;

--
-- Dumping data for table `production_order_item`
--

LOCK TABLES `production_order_item` WRITE;
/*!40000 ALTER TABLE `production_order_item` DISABLE KEYS */;
/*!40000 ALTER TABLE `production_order_item` ENABLE KEYS */;
UNLOCK TABLES;

--
-- Dumping data for table `receive_item`
--

LOCK TABLES `receive_item` WRITE;
/*!40000 ALTER TABLE `receive_item` DISABLE KEYS */;
INSERT INTO `receive_item` VALUES ('REV1911260001','00000',1,'1193301261101','',1,75.45,1,75.25,1,75.25,0,'2019-11-29 19:04:16','192.168.56.1','2019-12-05 22:44:22','192.168.56.1'),('REV1911260001','00000',2,'1193301261101','',1,78.50,0,0.00,0,0.00,0,'2019-12-03 22:50:31','192.168.56.1',NULL,NULL),('REV1911260001','00000',3,'1193301261101','',1,78.65,0,0.00,0,0.00,0,'2019-12-03 23:09:23','192.168.56.1',NULL,NULL),('REV1911260001','00000',4,'1193301261101','',1,78.65,0,0.00,0,0.00,0,'2019-12-03 23:09:29','192.168.56.1',NULL,NULL),('REV1911260001','00000',5,'1193301261101','',1,78.65,0,0.00,0,0.00,0,'2019-12-03 23:09:34','192.168.56.1',NULL,NULL),('REV1911260001','00101',1,'1193301261101','',1,7.89,0,0.00,0,0.00,12,'2019-12-03 19:04:47','192.168.56.1',NULL,NULL),('REV1911260001','00101',2,'1193301261101','',1,8.99,0,0.00,0,0.00,13,'2019-12-03 19:12:53','192.168.56.1',NULL,NULL),('REV1911260001','00101',3,'1193301261101','',1,8.89,0,0.00,0,0.00,14,'2019-12-03 19:14:37','192.168.56.1',NULL,NULL),('REV1911260001','00101',4,'1193301261101','',1,8.45,0,0.00,0,0.00,15,'2019-12-03 22:38:31','192.168.56.1',NULL,NULL),('REV1911260001','00101',5,'1193301261101','',1,8.45,0,0.00,0,0.00,16,'2019-12-03 22:38:34','192.168.56.1',NULL,NULL),('REV1911260001','00201',1,'1193301261101','',1,8.52,0,0.00,0,0.00,7,'2019-12-03 19:00:29','192.168.56.1',NULL,NULL),('REV1911260001','00201',2,'1193301261101','',1,8.52,0,0.00,0,0.00,8,'2019-12-03 19:00:35','192.168.56.1',NULL,NULL),('REV1911260001','00201',3,'1193301261101','',1,8.52,0,0.00,0,0.00,9,'2019-12-03 19:00:41','192.168.56.1',NULL,NULL),('REV1911260001','00201',4,'1193301261101','',1,8.52,0,0.00,0,0.00,10,'2019-12-03 19:00:46','192.168.56.1',NULL,NULL),('REV1911260001','00201',5,'1193301261101','',1,8.52,0,0.00,0,0.00,11,'2019-12-03 19:00:51','192.168.56.1',NULL,NULL),('REV1911260001','04001',1,'1193301261101','',1,4.55,0,0.00,0,0.00,1,'2019-11-28 20:02:59','192.168.56.1',NULL,NULL),('REV1911260001','04001',2,'1193301261101','',1,4.26,0,0.00,0,0.00,3,'2019-11-28 20:23:59','192.168.56.1',NULL,NULL),('REV1911260001','04001',3,'1193301261101','',1,4.26,0,0.00,0,0.00,4,'2019-11-28 20:28:42','192.168.56.1',NULL,NULL),('REV1911260001','04001',4,'1193301261101','',1,4.56,0,0.00,0,0.00,5,'2019-12-03 18:59:13','192.168.56.1',NULL,NULL),('REV1911260001','04001',5,'1193301261101','',1,4.56,0,0.00,0,0.00,6,'2019-12-03 18:59:22','192.168.56.1',NULL,NULL),('REV1911260001','P001',1,'1193301261101','F',1,70.00,0,0.00,0,0.00,0,'2019-11-27 19:07:49','192.168.56.1',NULL,NULL),('REV1911260001','P001',2,'1193301261101','F',1,70.00,0,0.00,0,0.00,0,'2019-11-27 19:07:56','192.168.56.1',NULL,NULL),('REV1911260001','P001',3,'1193301261101','F',1,70.00,0,0.00,0,0.00,0,'2019-11-27 19:08:00','192.168.56.1',NULL,NULL),('REV1911260001','P001',4,'1193301261101','F',1,70.00,0,0.00,0,0.00,0,'2019-11-27 19:08:04','192.168.56.1',NULL,NULL),('REV1911260001','P001',5,'1193301261101','F',1,70.00,0,0.00,0,0.00,0,'2019-11-27 19:08:08','192.168.56.1',NULL,NULL);
/*!40000 ALTER TABLE `receive_item` ENABLE KEYS */;
UNLOCK TABLES;

--
-- Dumping data for table `receives`
--

LOCK TABLES `receives` WRITE;
/*!40000 ALTER TABLE `receives` DISABLE KEYS */;
INSERT INTO `receives` VALUES ('REV1911260001','2019-11-26','SS20190121',3,'FARM0001','1',1,1,'1193301261101',5,500.00,5,350.00,5,389.90,5,22.19,5,42.67,5,42.60,1,'2019-11-26 19:43:38','system',NULL,NULL),('REV1911290002','2019-11-29','144545',3,'FARM0007','1',1,1,'1193331291101',6,600.00,0,0.00,0,0.00,0,0.00,0,0.00,0,0.00,0,'2019-11-29 19:06:25','system',NULL,NULL);
/*!40000 ALTER TABLE `receives` ENABLE KEYS */;
UNLOCK TABLES;
/*!50003 SET @saved_cs_client      = @@character_set_client */ ;
/*!50003 SET @saved_cs_results     = @@character_set_results */ ;
/*!50003 SET @saved_col_connection = @@collation_connection */ ;
/*!50003 SET character_set_client  = utf8mb4 */ ;
/*!50003 SET character_set_results = utf8mb4 */ ;
/*!50003 SET collation_connection  = utf8mb4_general_ci */ ;
/*!50003 SET @saved_sql_mode       = @@sql_mode */ ;
/*!50003 SET sql_mode              = 'NO_AUTO_VALUE_ON_ZERO' */ ;
DELIMITER ;;
/*!50003 CREATE*/ /*!50017 DEFINER=`root`@`%`*/ /*!50003 TRIGGER `after_receive_created` AFTER INSERT ON `receives` FOR EACH ROW BEGIN
	UPDATE document_generate  SET running= running+1,modified_at =NOW()
    WHERE document_type='REV';
END */;;
DELIMITER ;
/*!50003 SET sql_mode              = @saved_sql_mode */ ;
/*!50003 SET character_set_client  = @saved_cs_client */ ;
/*!50003 SET character_set_results = @saved_cs_results */ ;
/*!50003 SET collation_connection  = @saved_col_connection */ ;

--
-- Dumping data for table `stock`
--

LOCK TABLES `stock` WRITE;
/*!40000 ALTER TABLE `stock` DISABLE KEYS */;
INSERT INTO `stock` VALUES ('2019-11-27','STK0000001',1,'00000',1,75.45,'REV','REV1911260001','1193301261101',2,1000000000000,1,'2019-11-29 19:04:16','192.168.56.1'),('2019-11-27','STK0000001',1,'00101',1,7.89,'REV','REV1911260001','1193301261101',3,1000000000012,1,'2019-12-03 19:04:47','192.168.56.1'),('2019-11-27','STK0000001',1,'00201',1,8.52,'REV','REV1911260001','1193301261101',4,1000000000007,1,'2019-12-03 19:00:29','192.168.56.1'),('2019-11-27','STK0000001',1,'04001',1,4.55,'REV','REV1911260001','1193301261101',8,1000000000001,1,'2019-11-28 20:02:59','192.168.56.1'),('2019-11-27','STK0000001',1,'P001',1,70.00,'REV','REV1911260001','1193301261101',1,1000000000000,1,'2019-11-27 19:07:49','192.168.56.1'),('2019-11-27','STK0000001',2,'00000',1,78.50,'REV','REV1911260001','1193301261101',2,1000000000000,1,'2019-12-03 22:50:31','192.168.56.1'),('2019-11-27','STK0000001',2,'00101',1,8.99,'REV','REV1911260001','1193301261101',3,1000000000013,1,'2019-12-03 19:12:53','192.168.56.1'),('2019-11-27','STK0000001',2,'00201',1,8.52,'REV','REV1911260001','1193301261101',4,1000000000008,1,'2019-12-03 19:00:35','192.168.56.1'),('2019-11-27','STK0000001',2,'04001',1,4.26,'REV','REV1911260001','1193301261101',8,1000000000003,1,'2019-11-28 20:23:59','192.168.56.1'),('2019-11-27','STK0000001',2,'P001',1,70.00,'REV','REV1911260001','1193301261101',1,1000000000000,1,'2019-11-27 19:07:56','192.168.56.1'),('2019-11-27','STK0000001',3,'00000',1,78.65,'REV','REV1911260001','1193301261101',2,1000000000000,1,'2019-12-03 23:09:23','192.168.56.1'),('2019-11-27','STK0000001',3,'00101',1,8.89,'REV','REV1911260001','1193301261101',3,1000000000014,1,'2019-12-03 19:14:37','192.168.56.1'),('2019-11-27','STK0000001',3,'00201',1,8.52,'REV','REV1911260001','1193301261101',4,1000000000009,1,'2019-12-03 19:00:41','192.168.56.1'),('2019-11-27','STK0000001',3,'04001',1,4.26,'REV','REV1911260001','1193301261101',8,1000000000004,1,'2019-11-28 20:28:42','192.168.56.1'),('2019-11-27','STK0000001',3,'P001',1,70.00,'REV','REV1911260001','1193301261101',1,1000000000000,1,'2019-11-27 19:08:00','192.168.56.1'),('2019-11-27','STK0000001',4,'00000',1,78.65,'REV','REV1911260001','1193301261101',2,1000000000000,1,'2019-12-03 23:09:29','192.168.56.1'),('2019-11-27','STK0000001',4,'00101',1,8.45,'REV','REV1911260001','1193301261101',3,1000000000015,1,'2019-12-03 22:38:31','192.168.56.1'),('2019-11-27','STK0000001',4,'00201',1,8.52,'REV','REV1911260001','1193301261101',4,1000000000010,1,'2019-12-03 19:00:46','192.168.56.1'),('2019-11-27','STK0000001',4,'04001',1,4.56,'REV','REV1911260001','1193301261101',8,1000000000005,1,'2019-12-03 18:59:13','192.168.56.1'),('2019-11-27','STK0000001',4,'P001',1,70.00,'REV','REV1911260001','1193301261101',1,1000000000000,1,'2019-11-27 19:08:04','192.168.56.1'),('2019-11-27','STK0000001',5,'00000',1,78.65,'REV','REV1911260001','1193301261101',2,1000000000000,1,'2019-12-03 23:09:34','192.168.56.1'),('2019-11-27','STK0000001',5,'00101',1,8.45,'REV','REV1911260001','1193301261101',3,1000000000016,1,'2019-12-03 22:38:34','192.168.56.1'),('2019-11-27','STK0000001',5,'00201',1,8.52,'REV','REV1911260001','1193301261101',4,1000000000011,1,'2019-12-03 19:00:51','192.168.56.1'),('2019-11-27','STK0000001',5,'04001',1,4.56,'REV','REV1911260001','1193301261101',8,1000000000006,1,'2019-12-03 18:59:22','192.168.56.1'),('2019-11-27','STK0000001',5,'P001',1,70.00,'REV','REV1911260001','1193301261101',1,1000000000000,1,'2019-11-27 19:08:08','192.168.56.1'),('2019-11-27','STK0000002',1,'00000',1,75.25,'SO','SO1912050001','1193301261101',2,1000000000000,2,'2019-12-05 22:44:20','192.168.56.1'),('2019-11-28','BF20191128',1,'00000',4,314.65,'BF','BF001','1193301261101',2,0,1,'2019-12-31 16:58:39','auto'),('2019-11-28','BF20191128',2,'00101',5,42.67,'BF','BF001','1193301261101',3,0,1,'2019-12-31 16:58:39','auto'),('2019-11-28','BF20191128',3,'00201',5,42.60,'BF','BF001','1193301261101',4,0,1,'2019-12-31 16:58:39','auto'),('2019-11-28','BF20191128',4,'04001',5,22.19,'BF','BF001','1193301261101',8,0,1,'2019-12-31 16:58:39','auto'),('2019-11-28','BF20191128',5,'P001',5,350.00,'BF','BF001','1193301261101',1,0,1,'2019-12-31 16:58:39','auto'),('2019-11-29','BF20191129',1,'00000',4,314.65,'BF','BF001','1193301261101',2,0,1,'2019-12-31 16:58:45','auto'),('2019-11-29','BF20191129',2,'00101',5,42.67,'BF','BF001','1193301261101',3,0,1,'2019-12-31 16:58:45','auto'),('2019-11-29','BF20191129',3,'00201',5,42.60,'BF','BF001','1193301261101',4,0,1,'2019-12-31 16:58:45','auto'),('2019-11-29','BF20191129',4,'04001',5,22.19,'BF','BF001','1193301261101',8,0,1,'2019-12-31 16:58:45','auto'),('2019-11-29','BF20191129',5,'P001',5,350.00,'BF','BF001','1193301261101',1,0,1,'2019-12-31 16:58:45','auto'),('2019-12-31','BF20191130',1,'00000',4,314.65,'BF','BF001','1193301261101',2,0,1,'2019-12-31 16:58:53','auto'),('2019-12-31','BF20191130',2,'00101',5,42.67,'BF','BF001','1193301261101',3,0,1,'2019-12-31 16:58:53','auto'),('2019-12-31','BF20191130',3,'00201',5,42.60,'BF','BF001','1193301261101',4,0,1,'2019-12-31 16:58:53','auto'),('2019-12-31','BF20191130',4,'04001',5,22.19,'BF','BF001','1193301261101',8,0,1,'2019-12-31 16:58:53','auto'),('2019-12-31','BF20191130',5,'P001',5,350.00,'BF','BF001','1193301261101',1,0,1,'2019-12-31 16:58:53','auto'),('2020-01-01','BF20200101',1,'00000',4,314.65,'BF','BF001','1193301261101',2,0,1,'2019-12-31 17:02:01','auto'),('2020-01-01','BF20200101',2,'00101',5,42.67,'BF','BF001','1193301261101',3,0,1,'2019-12-31 17:02:01','auto'),('2020-01-01','BF20200101',3,'00201',5,42.60,'BF','BF001','1193301261101',4,0,1,'2019-12-31 17:02:01','auto'),('2020-01-01','BF20200101',4,'04001',5,22.19,'BF','BF001','1193301261101',8,0,1,'2019-12-31 17:02:01','auto'),('2020-01-01','BF20200101',5,'P001',5,350.00,'BF','BF001','1193301261101',1,0,1,'2019-12-31 17:02:01','auto');
/*!40000 ALTER TABLE `stock` ENABLE KEYS */;
UNLOCK TABLES;

--
-- Dumping data for table `stock_item_running`
--

LOCK TABLES `stock_item_running` WRITE;
/*!40000 ALTER TABLE `stock_item_running` DISABLE KEYS */;
INSERT INTO `stock_item_running` VALUES ('REV1911260001','STK0000001',5,'2019-11-27 19:07:49','192.168.56.1',NULL,NULL),('SO1912050001','STK0000002',1,'2019-12-05 22:44:20','192.168.56.1',NULL,NULL);
/*!40000 ALTER TABLE `stock_item_running` ENABLE KEYS */;
UNLOCK TABLES;

--
-- Dumping data for table `transport`
--

LOCK TABLES `transport` WRITE;
/*!40000 ALTER TABLE `transport` DISABLE KEYS */;
INSERT INTO `transport` VALUES ('TP00000001','2019-12-05','SO1912050001',1,0,'2019-12-05 22:44:20','192.168.56.1',NULL,NULL);
/*!40000 ALTER TABLE `transport` ENABLE KEYS */;
UNLOCK TABLES;

--
-- Dumping data for table `transport_item`
--

LOCK TABLES `transport_item` WRITE;
/*!40000 ALTER TABLE `transport_item` DISABLE KEYS */;
INSERT INTO `transport_item` VALUES ('TP00000001','00000',1,1,75,'STK0000002','1193301261101',1,0,1,'2019-12-05 22:44:20','192.168.56.1');
/*!40000 ALTER TABLE `transport_item` ENABLE KEYS */;
UNLOCK TABLES;

--
-- Dumping data for table `truck`
--

LOCK TABLES `truck` WRITE;
/*!40000 ALTER TABLE `truck` DISABLE KEYS */;
INSERT INTO `truck` VALUES (1,'2ฒต 3389','ธวัชชัย ไวเจริญ',2,1,'2019-10-24 23:50:13','system','2019-11-03 11:11:54',NULL),(2,'2ฒย 791','รัตนศักดิ์ สุขาฉายี',2,1,'2019-10-24 23:50:23','system','2019-11-03 11:18:33',NULL),(3,'82-4383','พรเทพ สืบวงศ์',1,1,'2019-10-24 23:50:03','system',NULL,NULL);
/*!40000 ALTER TABLE `truck` ENABLE KEYS */;
UNLOCK TABLES;

--
-- Dumping data for table `truck_type`
--

LOCK TABLES `truck_type` WRITE;
/*!40000 ALTER TABLE `truck_type` DISABLE KEYS */;
INSERT INTO `truck_type` VALUES (1,'ส่งหมูเป็น',1,'2019-10-25 14:04:00','system',NULL,NULL),(2,'รับสินค้า',1,'2019-10-25 14:04:00','system','2019-11-20 20:17:51','system'),(7,'อื่น ๆๆ',1,'2019-11-20 20:23:38','system','2019-11-20 20:23:43','system');
/*!40000 ALTER TABLE `truck_type` ENABLE KEYS */;
UNLOCK TABLES;

--
-- Dumping data for table `unit_of_measurement`
--

LOCK TABLES `unit_of_measurement` WRITE;
/*!40000 ALTER TABLE `unit_of_measurement` DISABLE KEYS */;
INSERT INTO `unit_of_measurement` VALUES (1,'ตัว',1,'2019-06-22 14:50:59','system',NULL,NULL),(2,'ซีก',1,'2019-06-22 14:50:59','system',NULL,NULL),(3,'กรัม',1,'2019-06-22 14:50:59','system','2019-10-20 12:06:55','system'),(4,'กิโลกรัม',1,'2019-06-22 14:50:59','system',NULL,NULL),(5,'ชิ้น',1,'2019-07-20 17:03:32','system',NULL,NULL),(6,'ถุง',1,'2019-08-29 18:20:15','system',NULL,NULL),(7,'ชุด',1,'2019-08-29 18:20:21','system',NULL,NULL),(8,'พวง',1,'2019-09-23 13:30:09','system',NULL,NULL),(9,'แพ็ค',1,'2019-11-26 19:14:42','system',NULL,NULL),(10,'ขา',1,'2019-11-26 19:15:00','system',NULL,NULL),(11,'แผ่น',1,'2019-11-26 19:15:11','system',NULL,NULL),(12,'ลูก',1,'2019-11-26 19:15:21','system',NULL,NULL),(13,'หัว',1,'2019-11-26 19:15:31','system',NULL,NULL),(14,'เส้น',1,'2019-11-26 19:15:51','system',NULL,NULL),(15,'ปั้น',1,'2019-11-26 19:16:05','system',NULL,NULL),(16,'ดวง',1,'2019-11-26 19:27:19','system',NULL,NULL);
/*!40000 ALTER TABLE `unit_of_measurement` ENABLE KEYS */;
UNLOCK TABLES;

--
-- Dumping data for table `user`
--

LOCK TABLES `user` WRITE;
/*!40000 ALTER TABLE `user` DISABLE KEYS */;
INSERT INTO `user` VALUES ('admin','9999','Admin',1,1,'2019-11-24 11:37:41','system',NULL,NULL);
/*!40000 ALTER TABLE `user` ENABLE KEYS */;
UNLOCK TABLES;

--
-- Dumping events for database 'slaughterhouse'
--

--
-- Dumping routines for database 'slaughterhouse'
--
/*!50003 DROP PROCEDURE IF EXISTS `CancelStockBfDay` */;
/*!50003 SET @saved_cs_client      = @@character_set_client */ ;
/*!50003 SET @saved_cs_results     = @@character_set_results */ ;
/*!50003 SET @saved_col_connection = @@collation_connection */ ;
/*!50003 SET character_set_client  = utf8mb4 */ ;
/*!50003 SET character_set_results = utf8mb4 */ ;
/*!50003 SET collation_connection  = utf8mb4_general_ci */ ;
/*!50003 SET @saved_sql_mode       = @@sql_mode */ ;
/*!50003 SET sql_mode              = 'ONLY_FULL_GROUP_BY,STRICT_TRANS_TABLES,NO_ZERO_IN_DATE,NO_ZERO_DATE,ERROR_FOR_DIVISION_BY_ZERO,NO_AUTO_CREATE_USER,NO_ENGINE_SUBSTITUTION' */ ;
DELIMITER ;;
CREATE DEFINER=`root`@`%` PROCEDURE `CancelStockBfDay`(IN pDate date)
BEGIN
 DELETE FROM stock
    WHERE stock_date  = pDate
    AND ref_document_type = 'BF'
    AND transaction_type = 1 ;
    
UPDATE slaughterhouse.plant 
SET 
    production_date = DATE_ADD(pDate, INTERVAL -1 DAY)
WHERE
    plant_id = 1; 
END ;;
DELIMITER ;
/*!50003 SET sql_mode              = @saved_sql_mode */ ;
/*!50003 SET character_set_client  = @saved_cs_client */ ;
/*!50003 SET character_set_results = @saved_cs_results */ ;
/*!50003 SET collation_connection  = @saved_col_connection */ ;
/*!50003 DROP PROCEDURE IF EXISTS `GenStockBfDay` */;
/*!50003 SET @saved_cs_client      = @@character_set_client */ ;
/*!50003 SET @saved_cs_results     = @@character_set_results */ ;
/*!50003 SET @saved_col_connection = @@collation_connection */ ;
/*!50003 SET character_set_client  = utf8mb4 */ ;
/*!50003 SET character_set_results = utf8mb4 */ ;
/*!50003 SET collation_connection  = utf8mb4_general_ci */ ;
/*!50003 SET @saved_sql_mode       = @@sql_mode */ ;
/*!50003 SET sql_mode              = 'ONLY_FULL_GROUP_BY,STRICT_TRANS_TABLES,NO_ZERO_IN_DATE,NO_ZERO_DATE,ERROR_FOR_DIVISION_BY_ZERO,NO_AUTO_CREATE_USER,NO_ENGINE_SUBSTITUTION' */ ;
DELIMITER ;;
CREATE DEFINER=`root`@`%` PROCEDURE `GenStockBfDay`(IN pDate date)
BEGIN
 DELETE FROM stock
    WHERE stock_date  = DATE_ADD(pDate, INTERVAL 1 DAY)
    AND ref_document_type = 'BF'
    AND transaction_type = 1 ;
    
UPDATE slaughterhouse.plant 
SET 
    production_date = DATE_ADD(pDate, INTERVAL 1 DAY)
WHERE
    plant_id = 1;
    
	SET @row_number = 0;
    INSERT INTO slaughterhouse.stock
	  (stock_date,
	  stock_no,
	  stock_item,
	  product_code,
	  stock_qty,
	  stock_wgh,
	  ref_document_type,
	  ref_document_no,
	  lot_no,
	  location_code,
	  barcode_no,
	  transaction_type, 
	  create_by)
	SELECT 
    tb.stock_date,
    tb.stock_no,
    (@row_number:=@row_number + 1) AS stock_item,
    product_code,
    stock_qty,
    stock_wgh,
    ref_document_type,
    ref_document_no,
    tb.lot_no,
    tb.location_code,
    tb.barcode_no,
    tb.transaction_type,
    tb.create_by
FROM
    (SELECT 
        DATE_ADD(s.stock_date, INTERVAL 1 DAY) AS stock_date,
		CONCAT('BF', DATE_FORMAT(DATE_ADD(s.stock_date, INTERVAL 1 DAY), '%Y%m%d')) AS stock_no,
		0 AS stock_item,
		s.product_code,
		SUM(CASE
			WHEN s.transaction_type = '1' THEN s.stock_qty
			ELSE s.stock_qty * - 1
		END) AS stock_qty,
		SUM(CASE
			WHEN s.transaction_type = '1' THEN s.stock_wgh
			ELSE s.stock_wgh * - 1
		END) AS stock_wgh,
		'BF' AS ref_document_type,
		'BF001' AS ref_document_no,
		s.lot_no,
		s.location_code,
		0 AS barcode_no,
		1 AS transaction_type,
		'auto' AS create_by
    FROM
        slaughterhouse.stock s
    WHERE
        s.stock_date = pDate
    GROUP BY   s.product_code , s.lot_no , s.location_code , DATE_ADD(s.stock_date, INTERVAL 1 DAY),
		CONCAT('BF', DATE_FORMAT(DATE_ADD(s.stock_date, INTERVAL 1 DAY), '%Y%m%d'))
    ) tb
    where tb.stock_qty > 0
; 
END ;;
DELIMITER ;
/*!50003 SET sql_mode              = @saved_sql_mode */ ;
/*!50003 SET character_set_client  = @saved_cs_client */ ;
/*!50003 SET character_set_results = @saved_cs_results */ ;
/*!50003 SET collation_connection  = @saved_col_connection */ ;
/*!40103 SET TIME_ZONE=@OLD_TIME_ZONE */;

/*!40101 SET SQL_MODE=@OLD_SQL_MODE */;
/*!40014 SET FOREIGN_KEY_CHECKS=@OLD_FOREIGN_KEY_CHECKS */;
/*!40014 SET UNIQUE_CHECKS=@OLD_UNIQUE_CHECKS */;
/*!40101 SET CHARACTER_SET_CLIENT=@OLD_CHARACTER_SET_CLIENT */;
/*!40101 SET CHARACTER_SET_RESULTS=@OLD_CHARACTER_SET_RESULTS */;
/*!40101 SET COLLATION_CONNECTION=@OLD_COLLATION_CONNECTION */;
/*!40111 SET SQL_NOTES=@OLD_SQL_NOTES */;

-- Dump completed on 2020-01-01 17:17:42
